Title,Rating,Reviews,Phone,WhatsApp,Instagram,Facebook,Industry,Address,Website,Image,Amenities,Pitch,Latitude,Longitude,Google Maps Link,Source Query,City
M Lhuillier - Balabac,5.0,(3),947 999 2472,https://wa.me/9479992472,,,ATM,0947 999 2472,https://mlhuillier.com/,,,,7.9864375,117.0629375,https://www.google.com/maps/place/M+Lhuillier+-+Balabac/data=!4m7!3m6!1s0x32314f59cc060aed:0xd25a72f2e209904f!8m2!3d7.9864375!4d117.0629375!16s%2Fg%2F11x_jm81y1!19sChIJ7QoGzFlPMTIRT5AJ4vJyWtI?authuser=0&hl=en&rclk=1,"atm in Balabac, Palawan, Philippines",Balabac
Balabac Port,3.6,(12),,,,,Public Wi-Fi,,,https://lh3.googleusercontent.com/gps-cs-s/APNQkAFoJ_eMn7DtVDgrh-nRIUui05kVoy0FtIUynX_OhOZzIiHkEzKfBFhUDB7AK_NMbuTQTCQNrCs0617NWNPbRdi7O3EGQBRAvYi5pDowxvSx7VOEQ8Bo5Z9YuuthKawtHOU4Sg1NtA=w1600-h1200-k-no,,,7.9882473,117.064937,https://www.google.com/maps/place/Balabac+Port/data=!4m7!3m6!1s0x32314f12ea8806cd:0x38e7db80b2d005b1!8m2!3d7.9882473!4d117.064937!16s%2Fg%2F11tss480f0!19sChIJzQaI6hJPMTIRsQXQsoDb5zg?authuser=0&hl=en&rclk=1,"public wifi in Balabac, Palawan, Philippines",Balabac
ONOK ISLAND,4.8,(328),,,,,Public Wi-Fi,,,https://lh3.googleusercontent.com/gps-cs-s/APNQkAH9fZ9GgsEHEpZmI0fbBVokD_kZyOB2UkIK6UBcz7L9Zsu6wWUWbhdWh-fG1BBUZ9B3ZOYnEdDeZryAu8VTnT899hnujYrtGEICvnT-6EytdEaAji6FW8vcnyiUQR5zANmVS5Y2Hw=w1600-h1200-k-no,,,8.0165663,117.2106202,https://www.google.com/maps/place/ONOK+ISLAND/data=!4m7!3m6!1s0x32314fc14f6e136f:0x4eb861107235194f!8m2!3d8.0165663!4d117.2106202!16s%2Fg%2F11krsyxnwf!19sChIJbxNuT8FPMTIRTxk1chBhuE4?authuser=0&hl=en&rclk=1,"public wifi in Balabac, Palawan, Philippines",Balabac
Sicsican Island Camp,4.6,(67),,,,,Public Wi-Fi,,,https://lh3.googleusercontent.com/gps-cs-s/APNQkAFRAdcClUPDE3Mjdq5_i6IZcaK6syGOaYvCTXDXaCTHmSTRBd0ZVFqKyySnoh-bo1qmnucDbuF4-vzTDgmYCTdl4stNGUhBWtwhylRQqOBTJAjIaWLLHY5-u-UfStkQo4rVjDBb=w1600-h1200-k-no,,,8.0820787,117.0792999,https://www.google.com/maps/place/Sicsican+Island+Camp/data=!4m7!3m6!1s0x323151643b0b961d:0xdc87d3a698ae5500!8m2!3d8.0820787!4d117.0792999!16s%2Fg%2F11t30z27jg!19sChIJHZYLO2RRMTIRAFWumKbTh9w?authuser=0&hl=en&rclk=1,"public wifi in Balabac, Palawan, Philippines",Balabac
Kap Andong Travellers Inn [Powered by KilometerZeroPH],4.6,(22),,,,,Public Wi-Fi,,,https://lh3.googleusercontent.com/gps-cs-s/APNQkAG9EPK03fR1WWOcXNujj3_3Wcfv-Lz3GBJmDZLdgDkPz8hfRyD8WfaLONAWj0v88_8r_WsE4iLRE9nWSzjF_-IYdjpc2f8WtWNDmLLZ1zZYy157VF67ypcRFO4C2rDbfmVoIZUSIw=w1600-h1200-k-no,,,8.0005655,117.0627956,https://www.google.com/maps/place/Kap+Andong+Travellers+Inn+%5BPowered+by+KilometerZeroPH%5D/data=!4m7!3m6!1s0x32314f9a73a5c809:0xd2ddbe6aaf2c3fa8!8m2!3d8.0005655!4d117.0627956!16s%2Fg%2F11h875vwj7!19sChIJCcilc5pPMTIRqD8sr2q-3dI?authuser=0&hl=en&rclk=1,"public wifi in Balabac, Palawan, Philippines",Balabac
Isla Malaya Camp & Tours Balabac,3.5,(35),,,,,Public Wi-Fi,58 Candaraman Island,,https://lh3.googleusercontent.com/gps-cs-s/APNQkAFQ0QxE63jINyfdbqoRZIh8Blj8WP74O7_Gx-S2W6nI7U7t1E5HliXZpHg50URQGCyX_2UEiPtHy6yA-6AJvR1-ZVFnxWampdlEUKAUGjYwQEGbie3T5CD9NzShTz5YGXn4PpI0mwM6ZgXn=w1600-h1200-k-no,,,8.0897987,117.1029518,https://www.google.com/maps/place/Isla+Malaya+Camp+%26+Tours+Balabac/data=!4m7!3m6!1s0x3231530027325127:0xe323031ace6b31c8!8m2!3d8.0897987!4d117.1029518!16s%2Fg%2F11vyt1lr4z!19sChIJJ1EyJwBTMTIRyDFrzhoDI-M?authuser=0&hl=en&rclk=1,"public wifi in Balabac, Palawan, Philippines",Balabac
Kap Andong Travel and Tours,4.7,(49),,,,,Public Wi-Fi,,,https://lh3.googleusercontent.com/gps-cs-s/APNQkAE2WYRCRbfZ2HJ1kbPvAUItpjFer61MoeQTqR8EGSy3STUTZOWUBDtvhsZIQOFwWz4_ud2l-F9z4ENpRfRhx2WAmjoK-GsSbmJZQw_AUA7M1IxCImQxaMtY28aqPITFUJH_uEDZbRVMSCA=w1600-h1200-k-no,,,8.0011239,117.063733,https://www.google.com/maps/place/Kap+Andong+Travel+and+Tours/data=!4m7!3m6!1s0x32314fd11ed52331:0xfa2c28e118a620b6!8m2!3d8.0011239!4d117.063733!16s%2Fg%2F11k3vhnyg8!19sChIJMSPVHtFPMTIRtiCmGOEoLPo?authuser=0&hl=en&rclk=1,"public wifi in Balabac, Palawan, Philippines",Balabac
loren joy store,5.0,(4),,,https://www.instagram.com/lorenjoy599,https://www.facebook.com/Loren-Joy-store-101880928358779,Convenience Store,"X3Q9+GGJ, Balabac, Palawan",,https://lh3.googleusercontent.com/gps-cs-s/APNQkAGzAcR-aT8X4GizW13xIY_Qrdz9y-I7atL98de5Upoy0l3aNMq8ojHnytOM6lFbtia8NtAlFudaLbKcFTLA1a-r0xJBq7JgZO4dCKIICxdgBzJDGq112FntxoY2mKUSxZJN6oDe=w2048-h1536-k-no,,,7.9888341,117.0687766,https://www.google.com/maps/place/loren+joy+store/data=!4m7!3m6!1s0x32314f189554bfa9:0xcf5e048579121d6!8m2!3d7.9888341!4d117.0687766!16s%2Fg%2F11mvqrf05h!19sChIJqb9UlRhPMTIR1iGRV0jg9Qw?authuser=0&hl=en&rclk=1,"convenience store in Balabac, Palawan, Philippines",Balabac
Cabrera sari sari store,5.0,(1),,,https://www.instagram.com/sari_cabreraa,https://www.facebook.com/Cabrera-Sari-Sari-STORE-110657558619178,Convenience Store,"X3P7+658, Quezon St, Balabac, Palawan",,https://lh3.googleusercontent.com/gps-cs-s/APNQkAHjiTsWFQDdGsrufdHsLV1W0CdwT29sJdnoK0o21BeJUZPDWtvDi5wWRnCJAVZ19z38ykrpDT3hkev-GUzUozxASiOSkkwDbmddC7NkYCXNJ7xm8Cul0_m6ufQOzgTsUM6SqCTd=w2048-h1536-k-no,,,7.9855318,117.0629396,https://www.google.com/maps/place/Cabrera+sari+sari+store/data=!4m7!3m6!1s0x32314f516f2e1a7f:0x7cad3019d9431eea!8m2!3d7.9855318!4d117.0629396!16s%2Fg%2F11hx35njqr!19sChIJfxoub1FPMTIR6h5D2RkwrXw?authuser=0&hl=en&rclk=1,"convenience store in Balabac, Palawan, Philippines",Balabac
Isla Brew D,5.0,(1),09165730098,https://wa.me/09165730098,https://www.instagram.com/islabrewcoffee,https://www.facebook.com/61586757976465,Convenience Store,"X3P7+QVP, 4, Balabac, Palawan",,https://streetviewpixels-pa.googleapis.com/?cb_client,,,7.9867068,117.0646742,https://www.google.com/maps/place/Isla+Brew+D/data=!4m7!3m6!1s0x32314f0066a33d33:0xbcef65e0f6d4fac4!8m2!3d7.9867068!4d117.0646742!16s%2Fg%2F11n44t793t!19sChIJMz2jZgBPMTIRxPrU9uBl77w?authuser=0&hl=en&rclk=1,"convenience store in Balabac, Palawan, Philippines",Balabac
Brew-tiful Café,5.0,(6),,,https://www.instagram.com/brewtifulcawffee,https://www.facebook.com/people,Convenience Store,"Poblacion 1 Balabac, 5307 Palawan",,https://lh3.googleusercontent.com/gps-cs-s/APNQkAHYMDPrtuNGe7ASier1yePBn45l-esCefBVRGVYPrK_8BM6Ra-6U8YNnkK5tSsf5NadD3OCmSmUFlt0OJg7n8wYvLQzMw7rZ9w2mG-Z6JJdHWvQkiTxQalRr3Mac1V0u04hsc7HXVefrNg=w2048-h1536-k-no,,,7.9857151,117.0645463,https://www.google.com/maps/place/Brew-tiful+Caf%C3%A9/data=!4m7!3m6!1s0x32314f44d39e5bab:0xf8128af9450882c4!8m2!3d7.9857151!4d117.0645463!16s%2Fg%2F11n3cyrwh1!19sChIJq1ue00RPMTIRxIIIRfmKEvg?authuser=0&hl=en&rclk=1,"convenience store in Balabac, Palawan, Philippines",Balabac
Balabac Municipal Hall,5.0,(3),09201965440,https://wa.me/09201965440,https://www.instagram.com/balabacpalawan,https://www.facebook.com/profile.php,Convenience Store,"X3P7+FWV, National Road, Balabac, 5307 Palawan",,https://lh3.googleusercontent.com/gps-cs-s/APNQkAFs-Sf36pb71TCvC98si03Cn4IePkNWdbvPZcdvoARInhinsMTXcokl_IUjW9-_tlQQrGon5rKk8gx1BAyX1nvA8NbBRYLI5be2PLVM6gQ26l8AWX10NeRffWhQ63WtEdlPfw-qvA=w2048-h1536-k-no,"Wheelchair accessible, Wheelchair accessible entrance, Accessible",,7.9862333,117.0648106,https://www.google.com/maps/place/Balabac+Municipal+Hall/data=!4m7!3m6!1s0x32314f073a1fc10d:0x66a55f1df624996d!8m2!3d7.9862333!4d117.0648106!16s%2Fg%2F11bzw226zx!19sChIJDcEfOgdPMTIRbZkk9h1fpWY?authuser=0&hl=en&rclk=1,"convenience store in Balabac, Palawan, Philippines",Balabac
JING'S store,5.0,(1),947 921 0221,https://wa.me/9479210221,,,Convenience Store,0947 921 0221,,,,,7.9895352,117.0707279,https://www.google.com/maps/place/JING%27S+store/data=!4m7!3m6!1s0x32314f1aad0ff69d:0x9f4b54d8e08c3b37!8m2!3d7.9895352!4d117.0707279!16s%2Fg%2F11qplh24tz!19sChIJnfYPrRpPMTIRNzuM4NhUS58?authuser=0&hl=en&rclk=1,"convenience store in Balabac, Palawan, Philippines",Balabac
Candaraman Airstrip,4.3,(4),,,,,Transportation,,,,,,8.0758694,117.1074748,https://www.google.com/maps/place/Candaraman+Airstrip/data=!4m7!3m6!1s0x323153638477a8ff:0xd4cdf0f4d3eb60ee!8m2!3d8.0758694!4d117.1074748!16s%2Fg%2F11h3dp6jpq!19sChIJ_6h3hGNTMTIR7mDr0_TwzdQ?authuser=0&hl=en&rclk=1,"transportation in Balabac, Palawan, Philippines",Balabac
Balabac Islet,5.0,(8),,,,,Embassy,,,,,,7.9403894,116.9352056,https://www.google.com/maps/place/Balabac+Islet/data=!4m7!3m6!1s0x3231473e1ff4dfab:0xdb7d6885bb3e1ba2!8m2!3d7.9403894!4d116.9352056!16s%2Fg%2F11t0hb867d!19sChIJq9_0Hz5HMTIRohs-u4Vofds?authuser=0&hl=en&rclk=1,"embassy in Balabac, Palawan, Philippines",Balabac
Balabac Jewel Southern Palawan,5.0,(7),,,,,Tourist Information,,,https://lh3.googleusercontent.com/gps-cs-s/APNQkAEACy8Oan03L7sGv3G0BZxScg9kU0sd3RGkfrJv29Y-gUfTD5LLYBN0PkAg1gi5--3eVMYFQOPK2-nVjvd6OtExRiJO-jm3VGnQri8AzTPveyViSp-7oSUZ6FmtuJ03bBP5z54A97JrvZAO=w1600-h1200-k-no,,,7.9842041,117.0087877,https://www.google.com/maps/place/Balabac+Jewel+Southern+Palawan/data=!4m7!3m6!1s0x32314f1682608373:0xa332a2b0145d54a9!8m2!3d7.9842041!4d117.0087877!16s%2Fg%2F11n56r06pk!19sChIJc4NgghZPMTIRqVRdFLCiMqM?authuser=0&hl=en&rclk=1,"tourist information in Balabac, Palawan, Philippines",Balabac
Agutayan Boardwalk,4.2,(5),,,,,Tourist Information,,,https://lh3.googleusercontent.com/gps-cs-s/APNQkAEXpoJgbGCmyikLcr2lX9I-qBQ4P9N40O303JdmmwJqTiHTUcqHGPttIqNl3p6pslRTm89Czj0SM4sXGxHt9Gu9isGLPvZcQZMRzb6xvmfwOhxEsW3Ee8DQph-KggsHBzmKAaNVsQ=w1600-h1200-k-no,,,7.9121679,116.9567897,https://www.google.com/maps/place/Agutayan+Boardwalk/data=!4m7!3m6!1s0x323147535ea28a11:0xfb66de112f640943!8m2!3d7.9121679!4d116.9567897!16s%2Fg%2F11l6xj13pl!19sChIJEYqiXlNHMTIRQwlkLxHeZvs?authuser=0&hl=en&rclk=1,"tourist information in Balabac, Palawan, Philippines",Balabac
Benlen Sandbar,5.0,(2),,,,,Tourist Information,,,https://lh3.googleusercontent.com/gps-cs-s/APNQkAHi2I84vsUgQ0kqBb7OWdNmyqvmWr9bGS4rBCfYMDcZBo-7ZEsveJNUAVyUOyh4D6VHoOS9OBRwRbxOEdTX2cwvhPBbgiSwn6W_xRx1nn_vAiUjtJdZOV246ka7CvplSNLA3r-P=w1600-h1200-k-no,,,8.0687642,117.0950475,https://www.google.com/maps/place/Benlen+Sandbar/data=!4m7!3m6!1s0x32315339fb7e4571:0x27381a0a458a956!8m2!3d8.0687642!4d117.0950475!16s%2Fg%2F11tjpx20q0!19sChIJcUV--zlTMTIRVqlYpKCBcwI?authuser=0&hl=en&rclk=1,"tourist information in Balabac, Palawan, Philippines",Balabac
Rock Formation,4.7,(9),,,,,Tourist Information,,,https://lh3.googleusercontent.com/gps-cs-s/APNQkAEyWhazI1kV2cyFbgzTYOTEgpgKBGRtf60BxZjFtFxzctx3FBwqWoXLo4l2TzKM8Cf_6NKnq_VhyBR6ptYWAUo5zEucEFdctMIbBIgUF8ZoqQy8Yo4a6_a_xPlZlPyLHDQThh86Fw=w1600-h1200-k-no,,,8.0787199,116.9860486,https://www.google.com/maps/place/Rock+Formation/data=!4m7!3m6!1s0x32315140ff5ae613:0xce9d916fa795ea99!8m2!3d8.0787199!4d116.9860486!16s%2Fg%2F11t0h8yblz!19sChIJE-Za_0BRMTIRmeqVp2-Rnc4?authuser=0&hl=en&rclk=1,"tourist information in Balabac, Palawan, Philippines",Balabac
KMZ Sandbar,5.0,(5),,,,,Tourist Information,,,https://lh3.googleusercontent.com/gps-cs-s/APNQkAFkQjARhJkXu6e8j1-ntH1Vg4Qm7fb-7k3mcJXTZkPXAO7MZvpNAil-xerkQ0d4fiZKOihby_C-pEJY6144_w9lurFyS_prLSm149zBc0KNSRIQFFjrWxTDIMctkFCine_HQmkbQeSOq-cc=w1600-h1200-k-no,,,8.0946364,117.1081011,https://www.google.com/maps/place/KMZ+Sandbar/data=!4m7!3m6!1s0x3231530d1f996ea9:0x1a75779440007d!8m2!3d8.0946364!4d117.1081011!16s%2Fg%2F11jzhmq13k!19sChIJqW6ZHw1TMTIRfQBAlHd1GgA?authuser=0&hl=en&rclk=1,"tourist information in Balabac, Palawan, Philippines",Balabac
Candaraman Sand Bar,4.9,(15),,,,,Tourist Information,,,https://lh3.googleusercontent.com/gps-cs-s/APNQkAHcTWIMWKFALnEAkuzEdn7FQVpoXjNnPTJSBTQbpGVxx1ajh6bj2mOmOoeWohQA8AixbGpnHOtPUwQmACYx9NuB4PsvjK0rreydL51sONEF1o5eRwmjAbMYAdnP6nOqq5yjckvH=w1600-h1200-k-no,,,8.0685773,117.094853,https://www.google.com/maps/place/Candaraman+Sand+Bar/data=!4m7!3m6!1s0x323153733a8dcd87:0x9e4f3252deb22098!8m2!3d8.0685773!4d117.094853!16s%2Fg%2F11l6bckjl9!19sChIJh82NOnNTMTIRmCCy3lIyT54?authuser=0&hl=en&rclk=1,"tourist information in Balabac, Palawan, Philippines",Balabac
Pink Sand,5.0,(1),,,,,Tourist Information,,,https://lh3.googleusercontent.com/gps-cs-s/APNQkAFGOtkeaCEAHqf6mzuwdaSX_l9VEhlsV2uBpiD_Yq7AnbczqJ5swhasMq88LgRMhU7L8eFXjQTbSJgIz9SxW8XYJFFX8SAjrb6w2Pw3q3BbSYhTC6Q__pPRAW-HNj-yPzEDwjFW=w1600-h1200-k-no,,,8.078719,117.1058848,https://www.google.com/maps/place/Pink+Sand/data=!4m7!3m6!1s0x3231530c776ffe03:0x6eb01a5de67ce8e!8m2!3d8.078719!4d117.1058848!16s%2Fg%2F11fjsyn580!19sChIJA_5vdwxTMTIRjs5n3qUB6wY?authuser=0&hl=en&rclk=1,"tourist information in Balabac, Palawan, Philippines",Balabac
Indalawan Rock Formation,5.0,(1),,,,,Tourist Information,,,https://lh3.googleusercontent.com/gps-cs-s/APNQkAGl-cOPEPvY30GHGpJamVdUI_dBOhDSpQAIWk0Is6Q8n43bbD9hmXMM5MepdS8eZAsea3dTwGeabepVTLKlHABiqrO2Y-kmMcRpVgnSO9m_VZAwrxq5AlYwjn629LxXnhWq_uOHCQ=w1600-h1200-k-no,,,7.8631125,117.0725781,https://www.google.com/maps/place/Indalawan+Rock+Formation/data=!4m7!3m6!1s0x3231372185573abf:0x62eca4b9feb4d63f!8m2!3d7.8631125!4d117.0725781!16s%2Fg%2F11s5ywzbsk!19sChIJvzpXhSE3MTIRP9a0_rmk7GI?authuser=0&hl=en&rclk=1,"tourist information in Balabac, Palawan, Philippines",Balabac
Tatak Balabac Souvenir Shop,5.0,(2),,,,,Tourist Information,,,https://lh3.googleusercontent.com/gps-cs-s/APNQkAFbIkZLXVRSXFJvZe8aMCfqmYtxZHQoxyJL5qTqrW4ulyRoh-cziOzY81iqBh0RersGsi92tMk6ztX_vC_LX7VqrQ4AuoXhP7WaGbY2ze0bTqDPZy7uv15v0w1pXplyudz7Dtsyspxf9LG6=w1600-h1200-k-no,,,7.9876786,117.0649819,https://www.google.com/maps/place/Tatak+Balabac+Souvenir+Shop/data=!4m7!3m6!1s0x32314f0049ff768f:0x55b8a58dc6609514!8m2!3d7.9876786!4d117.0649819!16s%2Fg%2F11ywmywts4!19sChIJj3b_SQBPMTIRFJVgxo2luFU?authuser=0&hl=en&rclk=1,"tourist information in Balabac, Palawan, Philippines",Balabac
Batalla’s Lodging House,4.1,(11),,,,,Tourist Information,,,https://lh3.googleusercontent.com/gps-cs-s/APNQkAGqDBlHVGzakPCRqna-Eh_SYER9oWwHy9VlQt1dyTTclAMy0jfCCP44zlK2dn_M74ii6nCacshyWZkJZXImznE8aGBIomfp2dgpkhshNT0pERDMoIjva42tF-v5DDEeJgFxLuQS=w1600-h1200-k-no,,,7.9855336,117.0644355,https://www.google.com/maps/place/Batalla%E2%80%99s+Lodging+House/data=!4m11!3m10!1s0x32314fdb574f653f:0x3c4e4dfdeeac75f8!5m3!1s2026-10-31!4m1!1i2!8m2!3d7.9855336!4d117.0644355!16s%2Fg%2F11rpq2hf3x!19sChIJP2VPV9tPMTIR-HWs7v1NTjw?authuser=0&hl=en&rclk=1,"tourist information in Balabac, Palawan, Philippines",Balabac
Sing and Swing Lodge,3.9,(29),,,,,Tourist Information,,,https://lh3.googleusercontent.com/gps-cs-s/APNQkAF6MAfxEKi7jCZt_QB2eCRQJE2SQflXGtVf1AjRzoM0XXAwi4y5oVAOQ9IMkyXRYhKA8uoEeKXavdKKztYfycwxQZT9gh0CvEV3QeLAxE8x8v69aTqscdNuWGs1TSSAbMXzhpyr=w1600-h1200-k-no,,,7.9864196,117.0629069,https://www.google.com/maps/place/Sing+and+Swing+Lodge/data=!4m7!3m6!1s0x32314e9141778373:0x73dc643720058c27!8m2!3d7.9864196!4d117.0629069!16s%2Fg%2F11gdk_bx64!19sChIJc4N3QZFOMTIRJ4wFIDdk3HM?authuser=0&hl=en&rclk=1,"tourist information in Balabac, Palawan, Philippines",Balabac
BYAHERA TRAVEL AND TOURS,5.0,(1),,,,,Tourist Information,,,,,,7.9871274,117.0651288,https://www.google.com/maps/place/BYAHERA+TRAVEL+AND+TOURS/data=!4m7!3m6!1s0x32314f000f3e2905:0x51850d9d71af8f95!8m2!3d7.9871274!4d117.0651288!16s%2Fg%2F11y2mwb4ct!19sChIJBSk-DwBPMTIRlY-vcZ0NhVE?authuser=0&hl=en&rclk=1,"tourist information in Balabac, Palawan, Philippines",Balabac
Balabac,4.5,(93),,,,,Tourist Information,,,https://lh3.googleusercontent.com/gps-cs-s/APNQkAFpzj9XYw9GHGe2cRqCPm-JrzP-8Z_jIcf9E_1Zuc8wEChdLFbotpbLJClq-x-QgMGCUcjgtegZs059_INhy0U1gvgXyxXjYDlj281wAZNw3pUoaTb3Gi7_4x5IvX65eNVdDrq2Ug=w1600-h1200-k-no,,,7.9446691,117.0087877,https://www.google.com/maps/place/Balabac/data=!4m7!3m6!1s0x323148eb0247d193:0x6293665a9ad99eb0!8m2!3d7.9446691!4d117.0087877!16zL20vMGd5NGRs!19sChIJk9FHAutIMTIRsJ7Zmlpmk2I?authuser=0&hl=en&rclk=1,"tourist information in Balabac, Palawan, Philippines",Balabac
Candaraman Island,4.7,(35),,,,,Tourist Information,,,https://lh3.googleusercontent.com/gps-cs-s/APNQkAEeFOKZvd09ZpRkItpNXNqbuvqezvfgVrioMhd1zjyB528WGLoknm2B14hhaGQUCB7CGfVIyMsjCJgzzAsO2kV6oWa9JWhgFqmwnI_aw911Z49Dg22kHiyrkvhmNUTeMXlJxPQMnA=w1600-h1200-k-no,,,8.078719,117.1058848,https://www.google.com/maps/place/Candaraman+Island/data=!4m7!3m6!1s0x323153b5d1fe6c9b:0xd9dd6c321f0f8b1e!8m2!3d8.078719!4d117.1058848!16s%2Fg%2F1tmg41s3!19sChIJm2z-0bVTMTIRHosPHzJs3dk?authuser=0&hl=en&rclk=1,"tourist information in Balabac, Palawan, Philippines",Balabac
Julla Lodging House,4.5,(11),,,,,Tourist Information,,,https://lh3.googleusercontent.com/gps-cs-s/APNQkAFn829w2Iq7GKgZWWRCJyVy85uTzCO2HTVvq4EKcSsRUa5ypT0OolWHUFFSQhQ7jiicgq-dPcLd51f8vUECNXeg_1YAmKsPKZo4iaPjXPMg6YqSNREzG8RCCwN1vwxmKmEnnCe94wf3BMU=w1600-h1200-k-no,,,7.9865236,117.0651787,https://www.google.com/maps/place/Julla+Lodging+House/data=!4m7!3m6!1s0x32314f8047cca79d:0x9bbe8f65941a9f84!8m2!3d7.9865236!4d117.0651787!16s%2Fg%2F11vc2_gp8_!19sChIJnafMR4BPMTIRhJ8alGWPvps?authuser=0&hl=en&rclk=1,"tourist information in Balabac, Palawan, Philippines",Balabac
Onok Beach,5.0,(1),,,,,Tourist Information,,,https://lh3.googleusercontent.com/gps-cs-s/APNQkAESOhB_XxNkEgczsim61SDWZYfKBECkYMOtp_hclMuZZL0buBqn8g1gemkLVKPDz_gMPPsen4wMcqnsGrObvT9CtIWJlw2XBN0p-It8eOzBVltHpk8oF-3NWRRBxLv_1tRI1s0B6mQVslzy=w1600-h1200-k-no,,,8.017799,117.2100211,https://www.google.com/maps/place/Onok+Beach/data=!4m7!3m6!1s0x3236b30079225d25:0x9ed06ac3346b8d37!8m2!3d8.017799!4d117.2100211!16s%2Fg%2F11njbv9g4d!19sChIJJV0ieQCzNjIRN41rNMNq0J4?authuser=0&hl=en&rclk=1,"tourist information in Balabac, Palawan, Philippines",Balabac
JD Lodge,4.3,(8),,,,,Tourist Information,,,https://lh3.googleusercontent.com/gps-cs-s/APNQkAEsXPTKdJRQVhV-BiN2D__0E1hy1efBKxSUiD1zyuUcbhaeFm4ntbzcTbfmbP9VDL0ITI8y6_2G0EzZEnU-vX2MakYiBqAe6-jR1A-PBhTR2pU8JAOB6GQE7HMJv1qzYB3qbbYX7g=w1600-h1200-k-no,,,7.9864609,117.0631262,https://www.google.com/maps/place/JD+Lodge/data=!4m11!3m10!1s0x32314feaffc6d725:0x962c9881f027ff51!5m3!1s2026-10-31!4m1!1i2!8m2!3d7.9864609!4d117.0631262!16s%2Fg%2F11s7c39lt6!19sChIJJdfG_-pPMTIRUf8n8IGYLJY?authuser=0&hl=en&rclk=1,"tourist information in Balabac, Palawan, Philippines",Balabac
Immaculate Conception Parish,5.0,(4),,,,,Tourist Information,,,https://lh3.googleusercontent.com/gps-cs-s/APNQkAHyitEEfbbZyHZXh4IPZZVEKTYlvo4Hko6LF4wGGmkYRyMEQT5PAaH-Yhs70KcxSl56mhEAobjwfDIvSq9OlZbszrW5sYCrN_1Jx0MJuEpRf1iiO8RaJkiHZ-2yvtVEyqgkTera=w1600-h1200-k-no,,,7.9855335,117.0632661,https://www.google.com/maps/place/Immaculate+Conception+Parish/data=!4m7!3m6!1s0x32314fe4cc4c41bf:0xf8f4b16368ce3956!8m2!3d7.9855335!4d117.0632661!16s%2Fg%2F11g0gmsj96!19sChIJv0FMzORPMTIRVjnOaGOx9Pg?authuser=0&hl=en&rclk=1,"tourist information in Balabac, Palawan, Philippines",Balabac
Marloe Lodging House,5.0,(3),,,,,Tourist Information,,,https://lh3.googleusercontent.com/gps-cs-s/APNQkAGLaa_Wb_i08NN0yHDtO4YXSG-j0wvOA0qFkokM2tLT1Wpgdft0mTOP44n6GbAcRqzSjBiNqScv3GqMfi4UyZQABHFJjEWFrO_LoK__bOzUB21q8ARg7rZEGwbAxXe6bSEAx1k=w1600-h1200-k-no,,,7.9860015,117.0626551,https://www.google.com/maps/place/Marloe+Lodging+House/data=!4m7!3m6!1s0x32314f7b579981b3:0x665cf8d5a908bcce!8m2!3d7.9860015!4d117.0626551!16s%2Fg%2F11rhr61jzt!19sChIJs4GZV3tPMTIRzrwIqdX4XGY?authuser=0&hl=en&rclk=1,"tourist information in Balabac, Palawan, Philippines",Balabac
BPI,4.3,(41),,,,,ATM,20000 pesos with foreign mastercard with 250 peso fee,https://www.bpi.com.ph/,,,,11.9992182,120.2050018,https://www.google.com/maps/place/BPI/data=!4m7!3m6!1s0x33ba1c2b4d5727b7:0xe12aa00164511d67!8m2!3d11.9992182!4d120.2050018!16s%2Fg%2F11f4qnb0t1!19sChIJtydXTSscujMRZx1RZAGgKuE?authuser=0&hl=en&rclk=1,"atm in Coron Busuanga, Palawan, Philippines",Coron Busuanga
PNB Savings Bank,3.6,(8),,,,,ATM,45 Don Pedro St,,,,,11.9976959,120.2049327,https://www.google.com/maps/place/PNB+Savings+Bank/data=!4m7!3m6!1s0x33ba1dd34d015f1f:0x24035a962ea0e91f!8m2!3d11.9976959!4d120.2049327!16s%2Fg%2F11c6r8jw82!19sChIJH18BTdMdujMRH-mgLpZaAyQ?authuser=0&hl=en&rclk=1,"atm in Coron Busuanga, Palawan, Philippines",Coron Busuanga
Bea Beauty Salon and Spa - Main,4.5,(377),945 365 9931,https://wa.me/9453659931,,https://www.facebook.com/beabeautysalon.spa,ATM,3 National Highway,https://www.facebook.com/beabeautysalon.spa,,,,11.9986684,120.2030235,https://www.google.com/maps/place/Bea+Beauty+Salon+and+Spa+-+Main/data=!4m7!3m6!1s0x33ba1de3bee9cda3:0x71400b9aa4ae81af!8m2!3d11.9986684!4d120.2030235!16s%2Fg%2F11k521cjyq!19sChIJo83pvuMdujMRr4GupJoLQHE?authuser=0&hl=en&rclk=1,"atm in Coron Busuanga, Palawan, Philippines",Coron Busuanga
M Lhuillier - Coron Palawan,3.8,(25),947 999 0337,https://wa.me/9479990337,,,ATM,5 Coron,https://mlhuillier.com/,,,,11.9993939,120.2019042,https://www.google.com/maps/place/M+Lhuillier+-+Coron+Palawan/data=!4m7!3m6!1s0x33ba1dd47b681497:0xf096c1fc3b285c79!8m2!3d11.9993939!4d120.2019042!16s%2Fg%2F11c1sz373r!19sChIJlxRoe9QdujMReVwoO_zBlvA?authuser=0&hl=en&rclk=1,"atm in Coron Busuanga, Palawan, Philippines",Coron Busuanga
ASA PHILIPPINES FOUNDATION CORON,5.0,(1),,,,,Bank,,,,,,12.016687,120.2035268,https://www.google.com/maps/place/ASA+PHILIPPINES+FOUNDATION+CORON/data=!4m7!3m6!1s0x33ba1f8f121ae183:0xeefaf6c3df9ce65c!8m2!3d12.016687!4d120.2035268!16s%2Fg%2F11gw315ktq!19sChIJg-EaEo8fujMRXOac38P2-u4?authuser=0&hl=en&rclk=1,"bank in Coron Busuanga, Palawan, Philippines",Coron Busuanga
Maybank Credit Card Bill Payments,5.0,(1),(032) 542 7392,https://wa.me/0325427392,,,Bank,45 Don Pedro Street,,,,,11.9984899,120.2067673,https://www.google.com/maps/place/Maybank+Credit+Card+Bill+Payments/data=!4m7!3m6!1s0x33ba1c2b611be5ad:0xc2e569c2e622896d!8m2!3d11.9984899!4d120.2067673!16s%2Fg%2F1pzv74rh0!19sChIJreUbYSscujMRbYki5sJp5cI?authuser=0&hl=en&rclk=1,"bank in Coron Busuanga, Palawan, Philippines",Coron Busuanga
Pawnshop palawan,3.7,(3),,,,,Bank,,,,,,11.9988142,120.2024229,https://www.google.com/maps/place/Pawnshop+palawan/data=!4m7!3m6!1s0x33ba1d358d27cb49:0x3c8a166ea1db8436!8m2!3d11.9988142!4d120.2024229!16s%2Fg%2F11hdphyp8m!19sChIJScsnjTUdujMRNoTboW4Wijw?authuser=0&hl=en&rclk=1,"bank in Coron Busuanga, Palawan, Philippines",Coron Busuanga
Cebuana Lhuillier Pawnshop - Coron,4.0,(3),905 969 1880,https://wa.me/9059691880,,,Bank,4 Poblacion Centro,https://www.cebuanalhuillier.com/,,,,12.0502088,120.1784016,https://www.google.com/maps/place/Cebuana+Lhuillier+Pawnshop+-+Coron/data=!4m7!3m6!1s0x33ba1fcba8ad68b5:0x20c9f821582188f3!8m2!3d12.0502088!4d120.1784016!16s%2Fg%2F11c2pk3401!19sChIJtWitqMsfujMR84ghWCH4ySA?authuser=0&hl=en&rclk=1,"bank in Coron Busuanga, Palawan, Philippines",Coron Busuanga
CRAVE HUB CORON PALAWAN,5.0,(1),,,,,Bank,,,,,,11.9996711,120.2091851,https://www.google.com/maps/place/CRAVE+HUB+CORON+PALAWAN/data=!4m7!3m6!1s0x33ba1dc510bdeaf9:0xff8bfce58ce89048!8m2!3d11.9996711!4d120.2091851!16s%2Fg%2F11h8jpnjw_!19sChIJ-eq9EMUdujMRSJDojOX8i_8?authuser=0&hl=en&rclk=1,"bank in Coron Busuanga, Palawan, Philippines",Coron Busuanga
24/7 Teleconsult Medical Clinic - Coron,5.0,(8),995 817 8701,https://wa.me/9958178701,,,Medical Clinic,7 Teleconsult Medical Clinic,,,,,12.0003125,120.2070625,https://www.google.com/maps/place/24%2F7+Teleconsult+Medical+Clinic+-+Coron/data=!4m7!3m6!1s0x33ba1d2ca8c90c13:0x9dc5563f586aa168!8m2!3d12.0003125!4d120.2070625!16s%2Fg%2F11ygjwp8kn!19sChIJEwzJqCwdujMRaKFqWD9WxZ0?authuser=0&hl=en&rclk=1,"medical clinic in Coron Busuanga, Palawan, Philippines",Coron Busuanga
ESP CLINIC and DIAGNOSTICS,4.9,(166),917 140 5948,https://wa.me/9171405948,,,Medical Clinic,0917 140 5948,,,,,11.9978266,120.2056892,https://www.google.com/maps/place/ESP+CLINIC+and+DIAGNOSTICS/data=!4m7!3m6!1s0x33ba1d08afb1830b:0xf47e8dd090fc0bda!8m2!3d11.9978266!4d120.2056892!16s%2Fg%2F11lfjp885r!19sChIJC4OxrwgdujMR2gv8kNCNfvQ?authuser=0&hl=en&rclk=1,"medical clinic in Coron Busuanga, Palawan, Philippines",Coron Busuanga
Coron District Hospital,4.0,(86),917 303 0000,https://wa.me/9173030000,,,Medical Clinic,,,,,,12.005826,120.2002433,https://www.google.com/maps/place/Coron+District+Hospital/data=!4m7!3m6!1s0x33ba1e7f3100934b:0xe02997552260b308!8m2!3d12.005826!4d120.2002433!16s%2Fg%2F11c53ht941!19sChIJS5MAMX8eujMRCLNgIlWXKeA?authuser=0&hl=en&rclk=1,"medical clinic in Coron Busuanga, Palawan, Philippines",Coron Busuanga
Municipal Health Office- Coron RHU,4.0,(2),956 309 0335,https://wa.me/9563090335,,,Medical Clinic,0956 309 0335,,,,,11.9985748,120.2050985,https://www.google.com/maps/place/Municipal+Health+Office-+Coron+RHU/data=!4m7!3m6!1s0x33ba1dd3d30c67d7:0x625351c13532f7b2!8m2!3d11.9985748!4d120.2050985!16s%2Fg%2F11n00w6m8z!19sChIJ12cM09MdujMRsvcyNcFRU2I?authuser=0&hl=en&rclk=1,"medical clinic in Coron Busuanga, Palawan, Philippines",Coron Busuanga
FCMC Wellness Center,4.2,(5),917 548 7238,https://wa.me/9175487238,,,Medical Clinic,0917 548 7238,,,,,11.9994704,120.2080562,https://www.google.com/maps/place/FCMC+Wellness+Center/data=!4m7!3m6!1s0x33ba1c2ba0e9eed9:0xb767c46141001bb2!8m2!3d11.9994704!4d120.2080562!16s%2Fg%2F11cm3nl3f1!19sChIJ2e7poCscujMRshsAQWHEZ7c?authuser=0&hl=en&rclk=1,"medical clinic in Coron Busuanga, Palawan, Philippines",Coron Busuanga
Coron Clinica Dentista,5.0,(4),916 648 7884,https://wa.me/9166487884,,,Medical Clinic,0916 648 7884,,,,,11.9983107,120.2039277,https://www.google.com/maps/place/Coron+Clinica+Dentista/data=!4m7!3m6!1s0x33ba1d004ceb26cb:0x92a5d87352914772!8m2!3d11.9983107!4d120.2039277!16s%2Fg%2F11yx_nxf3t!19sChIJyybrTAAdujMRckeRUnPYpZI?authuser=0&hl=en&rclk=1,"medical clinic in Coron Busuanga, Palawan, Philippines",Coron Busuanga
Daganta dental clinic,5.0,(1),975 268 3685,https://wa.me/9752683685,,,Medical Clinic,0975 268 3685,,,,,11.997992,120.2030659,https://www.google.com/maps/place/Daganta+dental+clinic/data=!4m7!3m6!1s0x33ba1d00585c15bb:0xd147aec801093778!8m2!3d11.997992!4d120.2030659!16s%2Fg%2F11vm7hr7sl!19sChIJuxVcWAAdujMReDcJAciuR9E?authuser=0&hl=en&rclk=1,"medical clinic in Coron Busuanga, Palawan, Philippines",Coron Busuanga
IslandocSpa Aesthetic Center,3.9,(133),917 819 8665,https://wa.me/9178198665,,,Medical Clinic,0917 819 8665,,,,,11.9983311,120.2025465,https://www.google.com/maps/place/IslandocSpa+Aesthetic+Center/data=!4m7!3m6!1s0x33ba1d7bcd79f6e7:0xfc3ae63a645d7c48!8m2!3d11.9983311!4d120.2025465!16s%2Fg%2F11gy24_vz3!19sChIJ5_Z5zXsdujMRSHxdZDrmOvw?authuser=0&hl=en&rclk=1,"medical clinic in Coron Busuanga, Palawan, Philippines",Coron Busuanga
Dr Care Pharmacy Coron Branch,3.8,(4),968 139 0830,https://wa.me/9681390830,,,Medical Clinic,0968 139 0830,,,,,11.9981194,120.2070734,https://www.google.com/maps/place/Dr+Care+Pharmacy+Coron+Branch/data=!4m7!3m6!1s0x33ba1d4cceac1755:0x4c9dd4a73f3cfaa1!8m2!3d11.9981194!4d120.2070734!16s%2Fg%2F11w3brtj_v!19sChIJVReszkwdujMRofo8P6fUnUw?authuser=0&hl=en&rclk=1,"medical clinic in Coron Busuanga, Palawan, Philippines",Coron Busuanga
GPLUS Pharmacy Coron District Hospital,4.2,(5),917 544 8758,https://wa.me/9175448758,,,Medical Clinic,0917 544 8758,http://www.tgp.com.ph/,,,,12.0061434,120.1996002,https://www.google.com/maps/place/GPLUS+Pharmacy+Coron+District+Hospital/data=!4m7!3m6!1s0x33ba1e7f39ac2de9:0x69edb637ff9cb5dd!8m2!3d12.0061434!4d120.1996002!16s%2Fg%2F11f3sssdr4!19sChIJ6S2sOX8eujMR3bWc_ze27Wk?authuser=0&hl=en&rclk=1,"medical clinic in Coron Busuanga, Palawan, Philippines",Coron Busuanga
Vet and Paws,5.0,(4),917 179 1990,https://wa.me/9171791990,,,Medical Clinic,4 Coron,,,,,11.999028,120.2042944,https://www.google.com/maps/place/Vet+and+Paws/data=!4m7!3m6!1s0x33ba1dce8694b515:0x4ea7346ea231437a!8m2!3d11.999028!4d120.2042944!16s%2Fg%2F11jp0tc_bj!19sChIJFbWUhs4dujMRekMxom40p04?authuser=0&hl=en&rclk=1,"medical clinic in Coron Busuanga, Palawan, Philippines",Coron Busuanga
Coron Village Lodge,3.6,(122),,,,,Medical Clinic,8805 3414,,,,,11.9995339,120.2069387,https://www.google.com/maps/place/Coron+Village+Lodge/data=!4m11!3m10!1s0x33ba1dd5c02d521d:0x13fb8ecbb5b08673!5m3!1s2026-10-31!4m1!1i2!8m2!3d11.9995339!4d120.2069387!16s%2Fg%2F1td4b26d!19sChIJHVItwNUdujMRc4awtcuO-xM?authuser=0&hl=en&rclk=1,"medical clinic in Coron Busuanga, Palawan, Philippines",Coron Busuanga
Aqua Hostel Coron,4.4,(11),917 333 0334,https://wa.me/9173330334,,,Medical Clinic,0917 333 0334,https://www.hostelworld.com/hostels/p/309942/aqua-hostel-coron/,,,,11.9988293,120.204611,https://www.google.com/maps/place/Aqua+Hostel+Coron/data=!4m11!3m10!1s0x33ba1d6a9a9179db:0x6241f3db2ab3f38b!5m3!1s2026-10-31!4m1!1i2!8m2!3d11.9988293!4d120.204611!16s%2Fg%2F11h5lhjqqw!19sChIJ23mRmmodujMRi_OzKtvzQWI?authuser=0&hl=en&rclk=1,"medical clinic in Coron Busuanga, Palawan, Philippines",Coron Busuanga
Ceka Optical Clinic,5.0,(13),916 238 6963,https://wa.me/9162386963,,,Medical Clinic,0916 238 6963,,,,,12.0060124,120.1995143,https://www.google.com/maps/place/Ceka+Optical+Clinic/data=!4m7!3m6!1s0x33ba1fc62c0164d3:0x5a7d6b8c38d9e491!8m2!3d12.0060124!4d120.1995143!16s%2Fg%2F11h7dbmhhj!19sChIJ02QBLMYfujMRkeTZOIxrfVo?authuser=0&hl=en&rclk=1,"medical clinic in Coron Busuanga, Palawan, Philippines",Coron Busuanga
lifetime fitness gym,4.8,(29),,,,,Medical Clinic,,,,,,12.0131939,120.2058746,https://www.google.com/maps/place/lifetime+fitness+gym/data=!4m7!3m6!1s0x33ba1f207e96c3e1:0x7eba6f543d07b59f!8m2!3d12.0131939!4d120.2058746!16s%2Fg%2F11smkt1_tk!19sChIJ4cOWfiAfujMRn7UHPVRvun4?authuser=0&hl=en&rclk=1,"medical clinic in Coron Busuanga, Palawan, Philippines",Coron Busuanga
Home grown tattoo studio coron,4.9,(696),956 597 8288,https://wa.me/9565978288,https://www.instagram.com/homegrowntattoocoron2023?igsh=eHRnNXhlbTdsZ216&utm_source=qr,,Medical Clinic,,https://www.instagram.com/homegrowntattoocoron2023?igsh=eHRnNXhlbTdsZ216&utm_source=qr,,,,11.9984315,120.2026332,https://www.google.com/maps/place/Home+grown+tattoo+studio+coron/data=!4m7!3m6!1s0x33ba1d94ca251e29:0x3e369d34eb61ae59!8m2!3d11.9984315!4d120.2026332!16s%2Fg%2F11tt96cblj!19sChIJKR4lypQdujMRWa5h6zSdNj4?authuser=0&hl=en&rclk=1,"medical clinic in Coron Busuanga, Palawan, Philippines",Coron Busuanga
Yoga sa Isla,5.0,(78),961 163 3667,https://wa.me/9611633667,,,Medical Clinic,0961 163 3667,https://yogasaisla.com/,,,,12.0043125,120.1979375,https://www.google.com/maps/place/Yoga+sa+Isla/data=!4m7!3m6!1s0x33ba1d9f67e47131:0x66dabbbf0f7c6c7f!8m2!3d12.0043125!4d120.1979375!16s%2Fg%2F11wn54tphx!19sChIJMXHkZ58dujMRf2x8D7-72mY?authuser=0&hl=en&rclk=1,"medical clinic in Coron Busuanga, Palawan, Philippines",Coron Busuanga
Freediving Coron - Barracuda Club for Freedivers,5.0,(257),917 308 2848,https://wa.me/9173082848,,,Medical Clinic,0917 308 2848,http://www.coron-freediving.com/,,,,11.9981045,120.2034819,https://www.google.com/maps/place/Freediving+Coron+-+Barracuda+Club+for+Freedivers/data=!4m7!3m6!1s0x33ba1d0009dbea3b:0xb87d10eb5d672fc3!8m2!3d11.9981045!4d120.2034819!16s%2Fg%2F11y54tgw4j!19sChIJO-rbCQAdujMRwy9nXesQfbg?authuser=0&hl=en&rclk=1,"medical clinic in Coron Busuanga, Palawan, Philippines",Coron Busuanga
"Coron Ecolodge, Coron",3.9,(261),919 204 8824,https://wa.me/9192048824,,,Medical Clinic,0919 204 8824,https://www.philippineshotels.net/en/hotel/coron-ecolodge.html,,,,11.9982172,120.2045016,"https://www.google.com/maps/place/Coron+Ecolodge,+Coron/data=!4m11!3m10!1s0x33ba1dd4a8ef5133:0x698b406ff3bdf103!5m3!1s2026-10-31!4m1!1i2!8m2!3d11.9982172!4d120.2045016!16s%2Fg%2F11r9fftlj!19sChIJM1HvqNQdujMRA_G9829Ai2k?authuser=0&hl=en&rclk=1","medical clinic in Coron Busuanga, Palawan, Philippines",Coron Busuanga
Coron Laundry Hub,5.0,(280),917 138 2357,https://wa.me/9171382357,,,Medical Clinic,0917 138 2357,http://coronlaundryhub.net/,,,,11.9979041,120.2021843,https://www.google.com/maps/place/Coron+Laundry+Hub/data=!4m7!3m6!1s0x33ba1d1164c38431:0xee275d520ba820a!8m2!3d11.9979041!4d120.2021843!16s%2Fg%2F11y3jk3w0n!19sChIJMYTDZBEdujMRCoK6INV14g4?authuser=0&hl=en&rclk=1,"medical clinic in Coron Busuanga, Palawan, Philippines",Coron Busuanga
Maco Coron Diving Center,4.8,(303),977 011 1729,https://wa.me/9770111729,,,Medical Clinic,0977 011 1729,http://macocorondivingcenter.com/,,,,11.9988122,120.2023724,https://www.google.com/maps/place/Maco+Coron+Diving+Center/data=!4m7!3m6!1s0x33b9f5a9c904e3d7:0x5de80395d2a6f9b0!8m2!3d11.9988122!4d120.2023724!16s%2Fg%2F11vprs7xbb!19sChIJ1-MEyan1uTMRsPmm0pUD6F0?authuser=0&hl=en&rclk=1,"medical clinic in Coron Busuanga, Palawan, Philippines",Coron Busuanga
Meditown Pharmacy,4.7,(7),,,,,Pharmacy,,,,,,11.9988306,120.2042236,https://www.google.com/maps/place/Meditown+Pharmacy/data=!4m7!3m6!1s0x33ba1d844a7d043d:0xbbc75b7016bc40f!8m2!3d11.9988306!4d120.2042236!16s%2Fg%2F11h7fnl4g3!19sChIJPQR9SoQdujMRD8RrAbd1vAs?authuser=0&hl=en&rclk=1,"pharmacy in Coron Busuanga, Palawan, Philippines",Coron Busuanga
Medcare Coron Pharmacy,4.5,(2),961 889 0791,https://wa.me/9618890791,,,Pharmacy,0961 889 0791,,,,,12.0045856,120.1994689,https://www.google.com/maps/place/Medcare+Coron+Pharmacy/data=!4m7!3m6!1s0x33ba1fde8914fbb9:0xb211272968e0d233!8m2!3d12.0045856!4d120.1994689!16s%2Fg%2F11yt88phgs!19sChIJufsUid4fujMRM9LgaCknEbI?authuser=0&hl=en&rclk=1,"pharmacy in Coron Busuanga, Palawan, Philippines",Coron Busuanga
Jhunbelle Drugstore - Main,4.1,(26),917 555 0553,https://wa.me/9175550553,,https://www.facebook.com/jhunbelledrugstore/,Pharmacy,12 Real St,https://www.facebook.com/jhunbelledrugstore/,,,,11.9983837,120.2043093,https://www.google.com/maps/place/Jhunbelle+Drugstore+-+Main/data=!4m7!3m6!1s0x33ba1dd359c9af63:0x5f1cdde64c0e8a8e!8m2!3d11.9983837!4d120.2043093!16s%2Fg%2F11c1nckdjj!19sChIJY6_JWdMdujMRjooOTObdHF8?authuser=0&hl=en&rclk=1,"pharmacy in Coron Busuanga, Palawan, Philippines",Coron Busuanga
Medcare Pharmacy Coron Branch,5.0,(1),,,,,Pharmacy,883 Bgy,,,,,11.9982563,120.2033509,https://www.google.com/maps/place/Medcare+Pharmacy+Coron+Branch/data=!4m7!3m6!1s0x33ba1d0045613153:0x9d0c6c5d366b1df3!8m2!3d11.9982563!4d120.2033509!16s%2Fg%2F11mzqlzds6!19sChIJUzFhRQAdujMR8x1rNl1sDJ0?authuser=0&hl=en&rclk=1,"pharmacy in Coron Busuanga, Palawan, Philippines",Coron Busuanga
Coron Drugstore.1,4.0,(5),,,,,Pharmacy,1  4,,,,,11.9989824,120.202039,https://www.google.com/maps/place/Coron+Drugstore.1/data=!4m7!3m6!1s0x33ba1d3a0c2dce03:0x3239cdbc63c0f4ee!8m2!3d11.9989824!4d120.202039!16s%2Fg%2F11stlptthd!19sChIJA84tDDodujMR7vTAY7zNOTI?authuser=0&hl=en&rclk=1,"pharmacy in Coron Busuanga, Palawan, Philippines",Coron Busuanga
Jhunbelle Drugstore - CDH Branch,3.9,(9),917 555 5044,https://wa.me/9175555044,,,Pharmacy,,http://facebook.com/jhunbelledrugstore,,,,12.0064008,120.1996818,https://www.google.com/maps/place/Jhunbelle+Drugstore+-+CDH+Branch/data=!4m7!3m6!1s0x33ba1f72dd30f277:0x3619d132825f9895!8m2!3d12.0064008!4d120.1996818!16s%2Fg%2F11ql_3wbs7!19sChIJd_Iw3XIfujMRlZhfgjLRGTY?authuser=0&hl=en&rclk=1,"pharmacy in Coron Busuanga, Palawan, Philippines",Coron Busuanga
Generika drugstore,5.0,(1),,,,,Pharmacy,,,,,,11.992435,120.2116321,https://www.google.com/maps/place/Generika+drugstore/data=!4m7!3m6!1s0x33ba1c31e2c0deb9:0xe57fed3b2e171aab!8m2!3d11.992435!4d120.2116321!16s%2Fg%2F11xmk1smlm!19sChIJud7A4jEcujMRqxoXLjvtf-U?authuser=0&hl=en&rclk=1,"pharmacy in Coron Busuanga, Palawan, Philippines",Coron Busuanga
Xion’s Pharmacy,4.3,(4),,,,,Pharmacy,,,,,,11.9996752,120.2088224,https://www.google.com/maps/place/Xion%E2%80%99s+Pharmacy/data=!4m7!3m6!1s0x33ba1d0017c6cf69:0x2284efb23bb2ddf7!8m2!3d11.9996752!4d120.2088224!16s%2Fg%2F11vsqpyvj_!19sChIJac_GFwAdujMR992yO7LvhCI?authuser=0&hl=en&rclk=1,"pharmacy in Coron Busuanga, Palawan, Philippines",Coron Busuanga
Farmacia CO,3.5,(2),,,,,Pharmacy,,,,,,11.9975514,120.2041289,https://www.google.com/maps/place/Farmacia+CO/data=!4m7!3m6!1s0x33ba1d007c7bdb75:0xae60c80e8cc3d440!8m2!3d11.9975514!4d120.2041289!16s%2Fg%2F11y300jwkc!19sChIJddt7fAAdujMRQNTDjA7IYK4?authuser=0&hl=en&rclk=1,"pharmacy in Coron Busuanga, Palawan, Philippines",Coron Busuanga
The Filipino Healthcare,5.0,(2),905 926 1374,https://wa.me/9059261374,,,Pharmacy,8 Coron District Hospital,,,,,12.0061745,120.1998353,https://www.google.com/maps/place/The+Filipino+Healthcare/data=!4m7!3m6!1s0x33ba1e7f2e4f5e91:0x977c6ce36b76226d!8m2!3d12.0061745!4d120.1998353!16s%2Fg%2F11bzvv81jz!19sChIJkV5PLn8eujMRbSJ2a-NsfJc?authuser=0&hl=en&rclk=1,"pharmacy in Coron Busuanga, Palawan, Philippines",Coron Busuanga
Lou Spa Massage Main,4.8,(913),,,,,Massage Spa,154 National Highway,,https://lh3.googleusercontent.com/gps-cs-s/APNQkAEY7xLPrXWsLxiJmrTWOCZMoPWWsQNPOz97JJhiB6xO8KKmXHw3gG6fBwAYitdtOh6pgjkF8aq_yfSHxgVNS9Jq_Kad1icTef20hLOUWHaq6TPI4_Q25pumqZXMy0bOQe6czBbjyJ1HsurH=w1600-h1200-k-no,,,11.9990386,120.2039327,https://www.google.com/maps/place/Lou+Spa+Massage+Main/data=!4m7!3m6!1s0x33ba1dff3d804019:0x767cce15ec9ae403!8m2!3d11.9990386!4d120.2039327!16s%2Fg%2F11kqf7llz2!19sChIJGUCAPf8dujMRA-Sa7BXOfHY?authuser=0&hl=en&rclk=1,"massage spa in Coron Busuanga, Palawan, Philippines",Coron Busuanga
Lou Spa Massage Branch 2,4.8,(720),,,,,Massage Spa,2  4,,https://lh3.googleusercontent.com/gps-cs-s/APNQkAFG_v4zphLQnxna5yvMK4SFCaueJqiSwFGVnJ8dVEIW5C9tW-_zv-m0DTbP4C0CLetVkR_X-5vk_aDFtZ8wnWYIvvbisNCscZ7Y86lccFFKr36m_hI1n9Tw4pfNho6nJH2OIJ7EqP0avFBa=w1600-h1200-k-no,,,11.9984173,120.2039449,https://www.google.com/maps/place/Lou+Spa+Massage+Branch+2/data=!4m7!3m6!1s0x33ba1d0049035137:0xf2e161665328883b!8m2!3d11.9984173!4d120.2039449!16s%2Fg%2F11vs_15g2t!19sChIJN1EDSQAdujMRO4goU2Zh4fI?authuser=0&hl=en&rclk=1,"massage spa in Coron Busuanga, Palawan, Philippines",Coron Busuanga
Dayo Spa Coron,4.8,"(1,133)",,,,,Massage Spa,4 National Highway,,https://lh3.googleusercontent.com/gps-cs-s/APNQkAE6xy2gcLg0bGho8MPlyiIjF_oZSqJ6_he7T9D9fiUOzLvgJiJKYEghD8D4ECErJklWYIWSuT5bOWDQCx21BnTMnAlki_nRUM2vQXn3u4BgiAIqn5er4He0UmPJvkD1CJJI8ru6=w1600-h1200-k-no,,,11.9988705,120.2024121,https://www.google.com/maps/place/Dayo+Spa+Coron/data=!4m7!3m6!1s0x33ba1d005570a817:0x3025806c5b44078e!8m2!3d11.9988705!4d120.2024121!16s%2Fg%2F11ln1lzkng!19sChIJF6hwVQAdujMRjgdEW2yAJTA?authuser=0&hl=en&rclk=1,"massage spa in Coron Busuanga, Palawan, Philippines",Coron Busuanga
Malipay Spa Coron,4.7,(243),,,,,Massage Spa,,,https://lh3.googleusercontent.com/gps-cs-s/APNQkAGDWrVZ9_eTsLHpUGkzTSFj5YVhrnIReiaDzCslUcrutivzviNZhm9IwuRLy0xjGDk3HVHySYT36s4YKLUcUXqnfGXmwMdUFEf0J4eqBdAACSUxY5Cb8y_LmGHUBSsTg7imFmVWjNt1S7j7=w1600-h1200-k-no,,,12.0069271,120.1997898,https://www.google.com/maps/place/Malipay+Spa+Coron/data=!4m7!3m6!1s0x33ba1fad8e3e1797:0x45cea183e6d8670e!8m2!3d12.0069271!4d120.1997898!16s%2Fg%2F11x61260_l!19sChIJlxc-jq0fujMRDmfY5oOhzkU?authuser=0&hl=en&rclk=1,"massage spa in Coron Busuanga, Palawan, Philippines",Coron Busuanga
Malipay Spa Coron branch 2,4.9,(49),,,,,Massage Spa,2  4,,https://lh3.googleusercontent.com/gps-cs-s/APNQkAHUjKRPtGqYSvSc_X1fi29hck2j-nYgnPP8RFnC_a20SkEWNqEbIvqmeMnT6mqNt-1iD4GZ-Noj9kQRr3yoBpvs_QykVtI9HAfPBwxJ0yjoL91xD9P4xJ_SCKLwumJ-2MTPoMPv5jxBRBKN=w1600-h1200-k-no,,,11.9994231,120.2017513,https://www.google.com/maps/place/Malipay+Spa+Coron+branch+2/data=!4m7!3m6!1s0x33ba1d0060cd88e3:0x1270b49bd4cfc1b1!8m2!3d11.9994231!4d120.2017513!16s%2Fg%2F11z0yrk0vt!19sChIJ44jNYAAdujMRscHP1Ju0cBI?authuser=0&hl=en&rclk=1,"massage spa in Coron Busuanga, Palawan, Philippines",Coron Busuanga
PEACEFUL HARU MASSAGE SPA,4.9,(16),,,,,Massage Spa,3 Floor,,https://lh3.googleusercontent.com/gps-cs-s/APNQkAEZC75hpMSR9Rbc9d9F-Z0dRZ2gXxUHB_sMVIYDntvOWx8BVy9BxDVHM2IT5MdTqAwEjfXjKYWg0iRlZC7suz1bDI-XFLWg79mO-rqMxxVbot3o24S1m_bKNXF6KJYboG1piKqV2Z9hkR4=w1600-h1200-k-no,,,11.9984175,120.2044946,https://www.google.com/maps/place/PEACEFUL+HARU+MASSAGE+SPA/data=!4m7!3m6!1s0x33ba1d7e29acb099:0x2edf19b6ff84cc71!8m2!3d11.9984175!4d120.2044946!16s%2Fg%2F11yh6_36hj!19sChIJmbCsKX4dujMRccyE_7YZ3y4?authuser=0&hl=en&rclk=1,"massage spa in Coron Busuanga, Palawan, Philippines",Coron Busuanga
AKIE WELLNESS SPA,4.9,(240),,,,,Massage Spa,,,https://lh3.googleusercontent.com/gps-cs-s/APNQkAH_yANkXlAtnb4G72TQo3-WelzrEcXDnmeGyB574ufDGiqnYoILzZubt17UCM5FrytQwnmZTrjdjVDSNeYaN8p6x2qLBlzIyC0Atqo13oxTPUXhP-I5o-BkIruYiOkg7S0PdwE=w1600-h1200-k-no,,,11.9992916,120.2037134,https://www.google.com/maps/place/AKIE+WELLNESS+SPA/data=!4m7!3m6!1s0x33ba1d0067f83861:0xe454d15d14ffa082!8m2!3d11.9992916!4d120.2037134!16s%2Fg%2F11w7vt0n09!19sChIJYTj4ZwAdujMRgqD_FF3RVOQ?authuser=0&hl=en&rclk=1,"massage spa in Coron Busuanga, Palawan, Philippines",Coron Busuanga
NATURE BLISS SPA,4.7,(55),,,,,Massage Spa,,,https://lh3.googleusercontent.com/gps-cs-s/APNQkAEDEu75S06AmFsMy7czzBXxEmh2WWtyiIPoa8QRLgZo_KtKF3WEhOwCc0xWXixjDVm7y-czSQ8dy8k7G_BXF4yBUcgbQBkSy2ghzv5FhZSMiu4vizzJTiIP6uUe19kjCm9lrQL7fmcCqsnm=w1600-h1200-k-no,,,11.9992027,120.2036986,https://www.google.com/maps/place/NATURE+BLISS+SPA/data=!4m7!3m6!1s0x33ba1dc6acb064a3:0x40223f854af3059e!8m2!3d11.9992027!4d120.2036986!16s%2Fg%2F11lnnvp13t!19sChIJo2SwrMYdujMRngXzSoU_IkA?authuser=0&hl=en&rclk=1,"massage spa in Coron Busuanga, Palawan, Philippines",Coron Busuanga
Linaw Spa Coron,4.8,(59),,,,,Massage Spa,137 National Highway,,https://lh3.googleusercontent.com/gps-cs-s/APNQkAFTPxCWhpmL3yJUmDGGuu2vGrN1osr91dBDMPu8y7G6V2qE7tHNQpe-OKX0HAyoulBX4UjH9WmYxPU3K9V_IRJowHE-NdCAyjVFATboWuvRLB0Y7lmbUSA_VPbghPgB0CyUmINa2ocEb4bP=w1600-h1200-k-no,,,11.999457,120.2067693,https://www.google.com/maps/place/Linaw+Spa+Coron/data=!4m7!3m6!1s0x33ba1d0016044c09:0xceaade0a4de968dc!8m2!3d11.999457!4d120.2067693!16s%2Fg%2F11x6hnp0t2!19sChIJCUwEFgAdujMR3GjpTQreqs4?authuser=0&hl=en&rclk=1,"massage spa in Coron Busuanga, Palawan, Philippines",Coron Busuanga
Kalipay Spa,4.4,(526),,,,,Massage Spa,5 Poblacion,,https://lh3.googleusercontent.com/gps-cs-s/APNQkAFORkWKX64OB0JKENgVkMCO_37iJXt681cMKM0K0T7E14lr7r_iPQfxUhLbwBr6O0znDyXpUKrU7qHTEsjuY56nTXqgcaWURKIAerrTHP17hO6YRFMg0YglWFlPc8strO4jZ07W=w1600-h1200-k-no,,,12.0014905,120.2002064,https://www.google.com/maps/place/Kalipay+Spa/data=!4m7!3m6!1s0x33ba1dd432deaf5d:0xf6ddfc79f5e7b5db!8m2!3d12.0014905!4d120.2002064!16s%2Fg%2F11gh35k765!19sChIJXa_eMtQdujMR27Xn9Xn83fY?authuser=0&hl=en&rclk=1,"massage spa in Coron Busuanga, Palawan, Philippines",Coron Busuanga
SPA PULO,4.7,(51),,,,,Massage Spa,,,https://lh3.googleusercontent.com/gps-cs-s/APNQkAF_m_7jUdfb4INjrTiV4Dud41IhLXpLXfWHAQ2siBmZF7qrkBFBfwmRADYCKp5wFxnTlfCCjzQpZmfyWdqMh5MtDKqnGxgeotvGcDkG_9JlT2Pq7FF5HWIHptPNyFG_N_fdoznWLWtnfpW-=w1600-h1200-k-no,,,12.0012364,120.2007153,https://www.google.com/maps/place/SPA+PULO/data=!4m7!3m6!1s0x33ba1d0017c3e29d:0xb4a578d98d0b9954!8m2!3d12.0012364!4d120.2007153!16s%2Fg%2F11xv59w_9y!19sChIJneLDFwAdujMRVJkLjdl4pbQ?authuser=0&hl=en&rclk=1,"massage spa in Coron Busuanga, Palawan, Philippines",Coron Busuanga
MERYL MASSAGE,4.1,(40),,,,,Massage Spa,,,https://lh3.googleusercontent.com/gps-cs-s/APNQkAElILjoE_bSDLKihgopv4TWBp9GqwpcHPYiyzLPSraBNaW1vNLpuX9BrsCAZnTWcw_Q38RLU2iA7A7SU9-OOq6rH-bIwoIWAF9NbSpS3LLHsE-keRwm4cLd3v2MX_a8pN61Es8cY875hNN5=w1600-h1200-k-no,,,11.9986162,120.2028202,https://www.google.com/maps/place/MERYL+MASSAGE/data=!4m7!3m6!1s0x33ba1da32014ccc7:0x2f57ccce2a2597ce!8m2!3d11.9986162!4d120.2028202!16s%2Fg%2F11ssq93hyn!19sChIJx8wUIKMdujMRzpclKs7MVy8?authuser=0&hl=en&rclk=1,"massage spa in Coron Busuanga, Palawan, Philippines",Coron Busuanga
VKGV Spa,3.8,(117),,,,,Massage Spa,4 Coron Town Proper,,https://lh3.googleusercontent.com/gps-cs-s/APNQkAFZ-nzWd5o5Aq9lQzJ8rNso0Hdz_xapK1-7gNRizooEH-o7cpD1AAQcvEmUX0RAC1nd0eYu60dd_AyaMqF1oPDZiCRFKT7LTwsLpLXYtCgNFeQWScMkGseRJC7svC4Sm-D9E68qhA=w1600-h1200-k-no,,,11.99886,120.203339,https://www.google.com/maps/place/VKGV+Spa/data=!4m7!3m6!1s0x33ba1dd49f18ef35:0x521d565b717ad23d!8m2!3d11.99886!4d120.203339!16s%2Fg%2F11bz_y9s1y!19sChIJNe8Yn9QdujMRPdJ6cVtWHVI?authuser=0&hl=en&rclk=1,"massage spa in Coron Busuanga, Palawan, Philippines",Coron Busuanga
Your Needs beauty & spa,4.7,(45),,,,,Massage Spa,5 National Highway,,https://lh3.googleusercontent.com/gps-cs-s/APNQkAGSVoj0nzQIRtMwx9rQcgYsuR4rsRdLNy8tpjxXdrwZQgoRXCcT0fdtSJi9VwRyJ-81Bx4JFlwvUK2Sye2s7Vx3-3WQlSMgYx0GnkY0fC7mmBQzNnF_jmBbRT5doxzHx3F244j3VBYv2ho=w1600-h1200-k-no,,,11.9992162,120.2020068,https://www.google.com/maps/place/Your+Needs+beauty+%26+spa/data=!4m7!3m6!1s0x33ba1f005b97076f:0x2cccf96e5f583f43!8m2!3d11.9992162!4d120.2020068!16s%2Fg%2F11yfyvpvvz!19sChIJbweXWwAfujMRQz9YX275zCw?authuser=0&hl=en&rclk=1,"massage spa in Coron Busuanga, Palawan, Philippines",Coron Busuanga
PADAYON SPA,5.0,(9),,,,,Massage Spa,,,https://lh3.googleusercontent.com/gps-cs-s/APNQkAHq4Aq9ne9-2Emy7lecUWNwyaAjpTeSD3QKFzzFlvZJicwjwU4Sdb5Wfa7-Yt1tvKeVrr9XcWx8zWCPu5tAL8IqYzjNAP1sjZWN_mIbyxIf9EIJR4GrUqBGnL8wSATPfQ2lvtg3cD9nsaL0=w1600-h1200-k-no,,,11.9994031,120.2036607,https://www.google.com/maps/place/PADAYON+SPA/data=!4m7!3m6!1s0x33ba1d001366fc8b:0x95a2e248cdd5ad2a!8m2!3d11.9994031!4d120.2036607!16s%2Fg%2F11yzsb7t3l!19sChIJi_xmEwAdujMRKq3VzUjiopU?authuser=0&hl=en&rclk=1,"massage spa in Coron Busuanga, Palawan, Philippines",Coron Busuanga
Spa Nortia,4.2,(226),,,,,Massage Spa,,,https://lh3.googleusercontent.com/gps-cs-s/APNQkAHSoEh20CgnYuEo3EEIHRHU3H4yQZPAwuJCOD-4A9jgLDyg_Xu6apfQIxgzuuZwpJQfttemqouv6dLAt0NnKfg9o5RIzBpH1hYib_ZCJvveMyhcvXqgQPX9nUl7dMFSEdMqx0c=w1600-h1200-k-no,,,12.0014256,120.2005932,https://www.google.com/maps/place/Spa+Nortia/data=!4m7!3m6!1s0x33ba1dd434ddc7ad:0x92f257a053e47809!8m2!3d12.0014256!4d120.2005932!16s%2Fg%2F11g6970c0f!19sChIJrcfdNNQdujMRCXjkU6BX8pI?authuser=0&hl=en&rclk=1,"massage spa in Coron Busuanga, Palawan, Philippines",Coron Busuanga
BEA WELLNESS SPA,5.0,(4),,,,,Massage Spa,,,https://lh3.googleusercontent.com/gps-cs-s/APNQkAE2La_zprsFMhIBBWoxg1r0LB1rOyAFZLd-xoeysMtuZgN5BGiwkOvg7MgWrYhpygSGSOoq7wQ-6ituYoIFpX0ORsxDJqEiHSp9_tCEXsLl-ZD5aGt2X688wjFpuF4g7mNhHmRxLEaoVxv2=w1600-h1200-k-no,,,11.9979248,120.2040374,https://www.google.com/maps/place/BEA+WELLNESS+SPA/data=!4m7!3m6!1s0x33ba1d2537dd9d71:0x4d25ffaba00f080b!8m2!3d11.9979248!4d120.2040374!16s%2Fg%2F11n9yb7yts!19sChIJcZ3dNyUdujMRCwgPoKv_JU0?authuser=0&hl=en&rclk=1,"massage spa in Coron Busuanga, Palawan, Philippines",Coron Busuanga
Luntian Nature Spa,5.0,(4),,,,,Massage Spa,,,https://lh3.googleusercontent.com/gps-cs-s/APNQkAGsVf0EdJr7jn4kyzn2vhjLOh4peK-y1bUuxnSIzrSO6jwBGzYZ7zy-1-fN1cZVqNE-DzGrro573xhXESIBHcAa0TTKQCgjIJRQm1dyZIrFv3mrjI5c6i-C_WgoJXFyuXvISoXh=w1600-h1200-k-no,,,12.0104941,120.1884245,https://www.google.com/maps/place/Luntian+Nature+Spa/data=!4m7!3m6!1s0x20180e4698fabc8d:0x507ae889f7524062!8m2!3d12.0104941!4d120.1884245!16s%2Fg%2F11wbn_5bbk!19sChIJjbz6mEYOGCARYkBS94noelA?authuser=0&hl=en&rclk=1,"massage spa in Coron Busuanga, Palawan, Philippines",Coron Busuanga
Boss massage,3.9,(14),,,,,Massage Spa,,,https://lh3.googleusercontent.com/gps-cs-s/APNQkAHNWf7-IXTWLa_OR0t22ETK7eTSIgzsYMFlVV-S1oc8qLkyCatdXJiZTZ7S6cyNY3dLdsC7Jp8TV6i4okhz8woqhKrV43xzQnaJguvRhve3k8lecvj0gjN9zb4rfRyAtuxTolfppwrWyrtR=w1600-h1200-k-no,,,11.9989607,120.2040063,https://www.google.com/maps/place/Boss+massage/data=!4m7!3m6!1s0x33ba1d0c42298d57:0x86454ee82334bfc4!8m2!3d11.9989607!4d120.2040063!16s%2Fg%2F11kj00260z!19sChIJV40pQgwdujMRxL80I-hORYY?authuser=0&hl=en&rclk=1,"massage spa in Coron Busuanga, Palawan, Philippines",Coron Busuanga
Serenity Salon & Spa,4.8,(142),,,,,Massage Spa,4 Calle Nueva,,https://lh3.googleusercontent.com/gps-cs-s/APNQkAFzxwi-eYrfrlZkngY37wAL7AOZJU5Ifr-HzPYG4GwThNHKYVLsoRyc9fWBEcDUh65U4FXUfQvipOwn-1GH8KSS3sGwkhOTn_E7dNxnuuQ-chVHoaQDFo5PaCO7ay15_2ekkn-Q-SeatS9y=w1600-h1200-k-no,,,12.0012117,120.2020362,https://www.google.com/maps/place/Serenity+Salon+%26+Spa/data=!4m7!3m6!1s0x33ba1f0039f2059d:0x9bbe9af9460a00aa!8m2!3d12.0012117!4d120.2020362!16s%2Fg%2F11vt0l4zsy!19sChIJnQXyOQAfujMRqgAKRvmavps?authuser=0&hl=en&rclk=1,"massage spa in Coron Busuanga, Palawan, Philippines",Coron Busuanga
Emedha nail & spa,4.8,(118),,,,,Massage Spa,5 National highway Coron,,https://lh3.googleusercontent.com/gps-cs-s/APNQkAHt6bt3Sxpg5nkij2Q_UIciJapRrbp0g6vk08klNjXy6FT78qu4xlNaPrbdTa2NpsD2_ftlclPY2TeZ9pJExt8BAfN7w5OK-8ycnhElZvwpSA6Yz4PfeSYQOsg4_hjhDp6pjDfosA=w1600-h1200-k-no,,,12.0000966,120.2012696,https://www.google.com/maps/place/Emedha+nail+%26+spa/data=!4m7!3m6!1s0x33ba1d89de32e657:0xd4b84af735b67c0b!8m2!3d12.0000966!4d120.2012696!16s%2Fg%2F11vqk_0qqr!19sChIJV-Yy3okdujMRC3y2NfdKuNQ?authuser=0&hl=en&rclk=1,"massage spa in Coron Busuanga, Palawan, Philippines",Coron Busuanga
Relaks Spa 按摩,3.5,(2),,,,,Massage Spa,,,https://lh3.googleusercontent.com/gps-cs-s/APNQkAFYFxGh2Io3wZ5hls_OxIZoC88THGurA16H_xDz-pGH7tixnYTo3t5cu4LxCyBlBAYtP9s0MaAbjBgHWBu6b4ikdpm89w_Cez5dnML0awv6aHz4A4dwzrHQ9v2_AbemmdAj8qNn=w1600-h1200-k-no,,,12.0004615,120.2012283,https://www.google.com/maps/place/Relaks+Spa+%E6%8C%89%E6%91%A9/data=!4m7!3m6!1s0x33ba1d6ff37f1005:0xe42f44b693418640!8m2!3d12.0004615!4d120.2012283!16s%2Fg%2F11h2m5bmrq!19sChIJBRB_828dujMRQIZBk7ZEL-Q?authuser=0&hl=en&rclk=1,"massage spa in Coron Busuanga, Palawan, Philippines",Coron Busuanga
Flowers and Massage,4.4,(5),,,,,Massage Spa,,,https://streetviewpixels-pa.googleapis.com/v1/thumbnail?panoid=hg-ugsJMSa6jQmpGhjIE6Q&cb_client=search.gws-prod.gps&w=80&h=92&yaw=262.20026&pitch=0&thumbfov=100,,,11.9985539,120.2027875,https://www.google.com/maps/place/Flowers+and+Massage/data=!4m7!3m6!1s0x33ba1dd37d27c923:0x869fe65d327108bf!8m2!3d11.9985539!4d120.2027875!16s%2Fg%2F1hdz4yvms!19sChIJI8knfdMdujMRvwhxMl3mn4Y?authuser=0&hl=en&rclk=1,"massage spa in Coron Busuanga, Palawan, Philippines",Coron Busuanga
Jessica Beauty Salon and Spa,5.0,(1),,,,,Massage Spa,3 Street,,https://lh3.googleusercontent.com/gps-cs-s/APNQkAHlu49_j8HMNhJVTKUKZpAOyxtVZPhUTHnbFH8oEiDCxAx13zQI_VHWEXQMEH4vx3MSM1JE4xpG8qY_1Ri64dMpLSGCMn9Rdzclxrj605LQLB3IwanApsxMeXYPTTDO3zC_OuxkmSL_lHU=w1600-h1200-k-no,,,11.9985263,120.2025432,https://www.google.com/maps/place/Jessica+Beauty+Salon+and+Spa/data=!4m7!3m6!1s0x33ba1dc47fa803cf:0x595b68b4a3edcc17!8m2!3d11.9985263!4d120.2025432!16s%2Fg%2F11ydnsnwn5!19sChIJzwOof8QdujMRF8zto7RoW1k?authuser=0&hl=en&rclk=1,"massage spa in Coron Busuanga, Palawan, Philippines",Coron Busuanga
Flexing Spartans Gym,4.5,(169),,,,,Gym,,,https://lh3.googleusercontent.com/gps-cs-s/APNQkAFzRSSOEPjCbsbYR5z-anuB5Yro1jShfVKQA8vtYWivB5kSsBEEGz2vHaMKPHEcW9-sax7NyaZjq43WD3fsO8DcOtaxJMCL5eKB5SnMU8ENFk0YLsQuGECoIUSrCtAjrpcEzFwCtg=w1600-h1200-k-no,,,12.0063359,120.2009564,https://www.google.com/maps/place/Flexing+Spartans+Gym/data=!4m7!3m6!1s0x33ba1e7f1f1ff509:0x67541b96a212b1fd!8m2!3d12.0063359!4d120.2009564!16s%2Fg%2F11hbgj0yfw!19sChIJCfUfH38eujMR_bESopYbVGc?authuser=0&hl=en&rclk=1,"gym in Coron Busuanga, Palawan, Philippines",Coron Busuanga
Dayon Fitness Hub,5.0,(20),,,,,Gym,,,https://lh3.googleusercontent.com/gps-cs-s/APNQkAGZuVlpqrZgEUDLaFV63_Hint7NyVjLizSxMMs7gOGTkzEAXijvb6OudkWZ0nxr0cEnCHLGV3n22k93Ugyt_ebGqsPvaRM4X6SqkBjP3lMiF0p2cq6ZjAAPbuTpkKvf-UUxFPtv8f02Shs=w1600-h1200-k-no,,,12.0165088,120.2026153,https://www.google.com/maps/place/Dayon+Fitness+Hub/data=!4m7!3m6!1s0x33ba1f00612b0ed5:0x66daaf830ed3872c!8m2!3d12.0165088!4d120.2026153!16s%2Fg%2F11z0641_dn!19sChIJ1Q4rYQAfujMRLIfTDoOv2mY?authuser=0&hl=en&rclk=1,"gym in Coron Busuanga, Palawan, Philippines",Coron Busuanga
CORE-ON FITNESS,5.0,(9),,,,,Gym,129 pesos for a daypass,,https://lh3.googleusercontent.com/gps-cs-s/APNQkAHBZq4F6Sb45TfMmbrZFotrva3FWos3aAytK25lyY3v2eQjB3gWteNzj7-JKbfogfY7g_EdS2ZHm0yO1Ag2PwOK4J2Kprnbm9SYq8Pt6t0ohl7keyW1faFCnVqHs8XkyX3FnFFrCJw8tuva=w1600-h1200-k-no,,,11.9988663,120.2073086,https://www.google.com/maps/place/CORE-ON+FITNESS/data=!4m7!3m6!1s0x33ba1d62a586dd43:0x7d1c615439bd0939!8m2!3d11.9988663!4d120.2073086!16s%2Fg%2F11nj8msf22!19sChIJQ92GpWIdujMROQm9OVRhHH0?authuser=0&hl=en&rclk=1,"gym in Coron Busuanga, Palawan, Philippines",Coron Busuanga
Tribe Calamian fitness gym,5.0,(47),,,,,Gym,,,https://lh3.googleusercontent.com/gps-cs-s/APNQkAEBGYC39FsmZ_tDd7IF9XpR5QpRp04WgDdhqEUTcr3Pg_AILx9uHSrKjhY4OKhKXpvBvuC6XOxFQcSJ5qw-JNOMN9NG32WXV0RYF_rdxGzZGXvQrfjDofZG3nrF3YT7aox9xgx4JFDms4Yw=w1600-h1200-k-no,,,12.001581,120.2039857,https://www.google.com/maps/place/Tribe+Calamian+fitness+gym/data=!4m7!3m6!1s0x33ba1dc94492d3c7:0x9dfe53e3b75a9cdf!8m2!3d12.001581!4d120.2039857!16s%2Fg%2F11nt988ghv!19sChIJx9OSRMkdujMR35xat-NT_p0?authuser=0&hl=en&rclk=1,"gym in Coron Busuanga, Palawan, Philippines",Coron Busuanga
Coron Coliseum & Recreation Center,3.9,(18),,,,,Gym,,,https://lh3.googleusercontent.com/gps-cs-s/APNQkAGmGPc1e_OYCLdNFqnO-krfaDWFJOL4MX7HhoU9hBohPIKmZeUh3PN8mfyR3OoLKDOBLeyqmXXdyeIJ7b_Uv0mipqk0gpb_oEzM71cXB6l0l1aqQYAA8L7venKwWcOyzreYpN2k=w1600-h1200-k-no,,,11.9980834,120.2049981,https://www.google.com/maps/place/Coron+Coliseum+%26+Recreation+Center/data=!4m7!3m6!1s0x33ba1dd3535035e5:0xfc5d8c7cef13aa3b!8m2!3d11.9980834!4d120.2049981!16s%2Fg%2F11b69r19bn!19sChIJ5TVQU9MdujMRO6oT73yMXfw?authuser=0&hl=en&rclk=1,"gym in Coron Busuanga, Palawan, Philippines",Coron Busuanga
Balisungan Jungle gym bar coron,5.0,(1),,,,,Gym,,,https://streetviewpixels-pa.googleapis.com/v1/thumbnail?panoid=v0OP_5TFvaLDt93SCzYNww&cb_client=search.gws-prod.gps&w=80&h=92&yaw=104.795006&pitch=0&thumbfov=100,,,12.0052314,120.241514,https://www.google.com/maps/place/Balisungan+Jungle+gym+bar+coron/data=!4m7!3m6!1s0x33ba1f006ef62ffd:0x8dafe6989a66382c!8m2!3d12.0052314!4d120.241514!16s%2Fg%2F11vm9n24wq!19sChIJ_S_2bgAfujMRLDhmmpjmr40?authuser=0&hl=en&rclk=1,"gym in Coron Busuanga, Palawan, Philippines",Coron Busuanga
Om's cafe,4.7,(137),945 162 0792,https://wa.me/9451620792,,,Public Wi-Fi,0945 162 0792,,,,,12.0020002,120.1995457,https://www.google.com/maps/place/Om%27s+cafe/data=!4m7!3m6!1s0x33ba1d005ddb232b:0x7d581ddd99ecc6db!8m2!3d12.0020002!4d120.1995457!16s%2Fg%2F11yzcsp2jz!19sChIJKyPbXQAdujMR28bsmd0dWH0?authuser=0&hl=en&rclk=1,"public wifi in Coron Busuanga, Palawan, Philippines",Coron Busuanga
Coffee Kong,4.3,(676),927 038 6722,https://wa.me/9270386722,,,Public Wi-Fi,0927 038 6722,,,,,12.0005068,120.2009705,https://www.google.com/maps/place/Coffee+Kong/data=!4m7!3m6!1s0x33ba1dd47b1893e1:0x2bdd2d1ff68ccf7b!8m2!3d12.0005068!4d120.2009705!16s%2Fg%2F11cn35kvp1!19sChIJ4ZMYe9QdujMRe8-M9h8t3Ss?authuser=0&hl=en&rclk=1,"public wifi in Coron Busuanga, Palawan, Philippines",Coron Busuanga
Beanleaf,4.0,(70),917 167 1788,https://wa.me/9171671788,,,Public Wi-Fi,0917 167 1788,,,,,11.9995118,120.2073495,https://www.google.com/maps/place/Beanleaf/data=!4m7!3m6!1s0x33ba1daba0f61fdd:0xdff78c1a24211c66!8m2!3d11.9995118!4d120.2073495!16s%2Fg%2F11j37l8xst!19sChIJ3R_2oKsdujMRZhwhJBqM998?authuser=0&hl=en&rclk=1,"public wifi in Coron Busuanga, Palawan, Philippines",Coron Busuanga
Tagpo Capsule Hostel,4.2,(10),,,,,Public Wi-Fi,,,,,,11.9996606,120.2087944,https://www.google.com/maps/place/Tagpo+Capsule+Hostel/data=!4m11!3m10!1s0x33ba1d002b9f7571:0xe61dbe12808e3bd1!5m3!1s2026-10-31!4m1!1i2!8m2!3d11.9996606!4d120.2087944!16s%2Fg%2F11mrdbdp0t!19sChIJcXWfKwAdujMR0TuOgBK-HeY?authuser=0&hl=en&rclk=1,"public wifi in Coron Busuanga, Palawan, Philippines",Coron Busuanga
Outpost Hostel,4.6,(431),956 875 5265,https://wa.me/9568755265,,,Public Wi-Fi,0956 875 5265,http://www.outposthostels.com/,,,,12.0057168,120.1989154,https://www.google.com/maps/place/Outpost+Hostel/data=!4m11!3m10!1s0x33ba1fc2bedbe443:0x1612db17ccc9e211!5m3!1s2026-10-31!4m1!1i2!8m2!3d12.0057168!4d120.1989154!16s%2Fg%2F11pb1v3ry7!19sChIJQ-TbvsIfujMREeLJzBfbEhY?authuser=0&hl=en&rclk=1,"public wifi in Coron Busuanga, Palawan, Philippines",Coron Busuanga
Epic Cafe Coron,4.0,(564),906 276 5943,https://wa.me/9062765943,,,Public Wi-Fi,0906 276 5943,http://facebook.com/epiccafecoron,,,,11.9984153,120.2046803,https://www.google.com/maps/place/Epic+Cafe+Coron/data=!4m7!3m6!1s0x33ba1dd3566b8bc3:0xe70640237e9d69c2!8m2!3d11.9984153!4d120.2046803!16s%2Fg%2F11f_18w8rr!19sChIJw4trVtMdujMRwmmdfiNABuc?authuser=0&hl=en&rclk=1,"public wifi in Coron Busuanga, Palawan, Philippines",Coron Busuanga
Cafe Socorro,4.1,(287),927 688 4160,https://wa.me/9276884160,,,Public Wi-Fi,0927 688 4160,,,,,11.9988866,120.2021231,https://www.google.com/maps/place/Cafe+Socorro/data=!4m7!3m6!1s0x33ba1df02799e3c7:0x1f3227307ac5bd4a!8m2!3d11.9988866!4d120.2021231!16s%2Fg%2F11fq8yw7xb!19sChIJx-OZJ_AdujMRSr3FejAnMh8?authuser=0&hl=en&rclk=1,"public wifi in Coron Busuanga, Palawan, Philippines",Coron Busuanga
Busuanga Island Paradise,4.2,(71),920 699 8050,https://wa.me/9206998050,,,Public Wi-Fi,0920 699 8050,http://www.busuangaislandparadise.com/,,,,12.045028,120.139617,https://www.google.com/maps/place/Busuanga+Island+Paradise/data=!4m11!3m10!1s0x33b9f59910329e01:0xfbaa0de32cced1a4!5m3!1s2026-10-31!4m1!1i2!8m2!3d12.045028!4d120.139617!16s%2Fg%2F1w662ymj!19sChIJAZ4yEJn1uTMRpNHOLOMNqvs?authuser=0&hl=en&rclk=1,"public wifi in Coron Busuanga, Palawan, Philippines",Coron Busuanga
Cafe Basilio,4.7,(140),977 492 2615,https://wa.me/9774922615,,,Public Wi-Fi,0977 492 2615,,,,,12.0024756,120.1993097,https://www.google.com/maps/place/Cafe+Basilio/data=!4m7!3m6!1s0x33ba1d00683e0e13:0xc18ef0d6de3a4e85!8m2!3d12.0024756!4d120.1993097!16s%2Fg%2F11y3s4zm0p!19sChIJEw4-aAAdujMRhU463tbwjsE?authuser=0&hl=en&rclk=1,"public wifi in Coron Busuanga, Palawan, Philippines",Coron Busuanga
MC Cafe & Bar,4.6,(442),966 197 9779,https://wa.me/9661979779,,,Public Wi-Fi,0966 197 9779,https://www.skylodgeresort.com.ph/,,,,11.9988144,120.2030084,https://www.google.com/maps/place/MC+Cafe+%26+Bar/data=!4m7!3m6!1s0x33ba1d54a554a8ef:0x4de9eab896686242!8m2!3d11.9988144!4d120.2030084!16s%2Fg%2F11kpk8pjtf!19sChIJ76hUpVQdujMRQmJolrjq6U0?authuser=0&hl=en&rclk=1,"public wifi in Coron Busuanga, Palawan, Philippines",Coron Busuanga
Coron Backpacker,3.8,(109),916 400 4871,https://wa.me/9164004871,,,Public Wi-Fi,0916 400 4871,http://www.palawan-coron-backpacker.com/,,,,11.9991869,120.2010925,https://www.google.com/maps/place/Coron+Backpacker/data=!4m11!3m10!1s0x33ba1dd4743c51bb:0x167abfa66dfb10e!5m3!1s2026-10-31!4m1!1i2!8m2!3d11.9991869!4d120.2010925!16s%2Fg%2F1hc6m20wv!19sChIJu1E8dNQdujMRDrHfZvqrZwE?authuser=0&hl=en&rclk=1,"public wifi in Coron Busuanga, Palawan, Philippines",Coron Busuanga
DIGITAL NOMAD PLACE - City Center,4.9,(17),977 116 9026,https://wa.me/9771169026,,,Public Wi-Fi,0977 116 9026,,,,,11.9991836,120.2045795,https://www.google.com/maps/place/DIGITAL+NOMAD+PLACE+-+City+Center/data=!4m11!3m10!1s0x33ba1dfb52d041f9:0xd6bd48d6104716d0!5m3!1s2026-10-31!4m1!1i2!8m2!3d11.9991836!4d120.2045795!16s%2Fg%2F11k4ns3drp!19sChIJ-UHQUvsdujMR0BZHENZIvdY?authuser=0&hl=en&rclk=1,"public wifi in Coron Busuanga, Palawan, Philippines",Coron Busuanga
Hop Hostel,4.7,(455),977 801 8080,https://wa.me/9778018080,,,Public Wi-Fi,0977 801 8080,http://hophostel.com.ph/,,,,11.9999739,120.2023446,https://www.google.com/maps/place/Hop+Hostel/data=!4m11!3m10!1s0x33ba1dd48ae9dacf:0x649b9fbfcee966b1!5m3!1s2026-10-31!4m1!1i2!8m2!3d11.9999739!4d120.2023446!16s%2Fg%2F11f1yhxl7v!19sChIJz9rpitQdujMRsWbpzr-fm2Q?authuser=0&hl=en&rclk=1,"public wifi in Coron Busuanga, Palawan, Philippines",Coron Busuanga
B&B Backpackers,4.6,(22),929 777 4775,https://wa.me/9297774775,,,Public Wi-Fi,0929 777 4775,,,,,11.9970379,120.2038883,https://www.google.com/maps/place/B%26B+Backpackers/data=!4m11!3m10!1s0x33ba1dc0ea21179b:0x69b467f9f8a00091!5m3!1s2026-10-31!4m1!1i2!8m2!3d11.9970379!4d120.2038883!16s%2Fg%2F11j4l1fg0_!19sChIJmxch6sAdujMRkQCg-PlntGk?authuser=0&hl=en&rclk=1,"public wifi in Coron Busuanga, Palawan, Philippines",Coron Busuanga
Dayon Hostel,4.3,(218),917 553 2966,https://wa.me/9175532966,,,Public Wi-Fi,0917 553 2966,http://facebook.com/dayonhostel,,,,11.9996195,120.209355,https://www.google.com/maps/place/Dayon+Hostel/data=!4m11!3m10!1s0x33ba1c2bb8e6ead9:0x56bb6356a970d9b0!5m3!1s2026-10-31!4m1!1i2!8m2!3d11.9996195!4d120.209355!16s%2Fg%2F11g9f__53k!19sChIJ2ermuCscujMRsNlwqVZju1Y?authuser=0&hl=en&rclk=1,"public wifi in Coron Busuanga, Palawan, Philippines",Coron Busuanga
Footprints Hostel,5.0,(66),927 761 3026,https://wa.me/9277613026,,,Public Wi-Fi,0927 761 3026,,,,,11.9983347,120.2077255,https://www.google.com/maps/place/Footprints+Hostel/data=!4m11!3m10!1s0x33ba1d01ba8528a1:0x5b8332ab9f1e07e7!5m3!1s2026-10-31!4m1!1i2!8m2!3d11.9983347!4d120.2077255!16s%2Fg%2F11vkd741q_!19sChIJoSiFugEdujMR5wcen6syg1s?authuser=0&hl=en&rclk=1,"public wifi in Coron Busuanga, Palawan, Philippines",Coron Busuanga
Lilys Guesthouse,4.6,(14),927 358 6105,https://wa.me/9273586105,,,Public Wi-Fi,0927 358 6105,,,,,12.0086574,120.1991734,https://www.google.com/maps/place/Lilys+Guesthouse/data=!4m11!3m10!1s0x33ba1e7ecb11ff53:0x6d30fcb4da57b6f3!5m3!1s2026-10-31!4m1!1i2!8m2!3d12.0086574!4d120.1991734!16s%2Fg%2F11rd38h7l_!19sChIJU_8Ry34eujMR87ZX2rT8MG0?authuser=0&hl=en&rclk=1,"public wifi in Coron Busuanga, Palawan, Philippines",Coron Busuanga
MyGuide Travellers Inn,4.6,(36),966 190 9776,https://wa.me/9661909776,,,Public Wi-Fi,0966 190 9776,https://myguidetravellersinn.framer.website/,,,,11.9988904,120.2034988,https://www.google.com/maps/place/MyGuide+Travellers+Inn/data=!4m11!3m10!1s0x33b9f59d1f08aaaf:0x98a26e2159c10191!5m3!1s2026-10-31!4m1!1i2!8m2!3d11.9988904!4d120.2034988!16s%2Fg%2F11tx6fgrb4!19sChIJr6oIH531uTMRkQHBWSFuopg?authuser=0&hl=en&rclk=1,"public wifi in Coron Busuanga, Palawan, Philippines",Coron Busuanga
"Bangles Homestay, Coron",4.7,(36),,,,,Public Wi-Fi,,https://www.philippineshotels.net/en/hotel/bangles-homestay.html,,,,11.9971977,120.2038414,"https://www.google.com/maps/place/Bangles+Homestay,+Coron/data=!4m11!3m10!1s0x33ba1d6c5b378b3f:0x57a5cefae593daab!5m3!1s2026-10-31!4m1!1i2!8m2!3d11.9971977!4d120.2038414!16s%2Fg%2F11h6gc99n4!19sChIJP4s3W2wdujMRq9qT5frOpVc?authuser=0&hl=en&rclk=1","public wifi in Coron Busuanga, Palawan, Philippines",Coron Busuanga
Island Brasserie,4.1,(292),917 139 7891,https://wa.me/9171397891,,,Public Wi-Fi,0917 139 7891,,,,,11.9996792,120.2092788,https://www.google.com/maps/place/Island+Brasserie/data=!4m11!3m10!1s0x33ba1d80a77bdf1d:0xf2964106dd4b07f9!5m3!1s2026-10-31!4m1!1i2!8m2!3d11.9996792!4d120.2092788!16s%2Fg%2F11h1rrnm5w!19sChIJHd97p4AdujMR-QdL3QZBlvI?authuser=0&hl=en&rclk=1,"public wifi in Coron Busuanga, Palawan, Philippines",Coron Busuanga
Alon Cafe,4.0,(64),916 294 2834,https://wa.me/9162942834,,https://www.facebook.com/aloncafebistrocoron/,Public Wi-Fi,0916 294 2834,https://www.facebook.com/aloncafebistrocoron/,,,,12.002512,120.1993155,https://www.google.com/maps/place/Alon+Cafe/data=!4m7!3m6!1s0x33ba1d965ce2c2a7:0x6a2957b362677450!8m2!3d12.002512!4d120.1993155!16s%2Fg%2F11jz49sm__!19sChIJp8LiXJYdujMRUHRnYrNXKWo?authuser=0&hl=en&rclk=1,"public wifi in Coron Busuanga, Palawan, Philippines",Coron Busuanga
bitter bean cabana coron,4.8,(151),,,,,Public Wi-Fi,,,,,,12.0024442,120.1976422,https://www.google.com/maps/place/bitter+bean+cabana+coron/data=!4m7!3m6!1s0x33ba1dff2a3eebd7:0x1e6467e70c857ba0!8m2!3d12.0024442!4d120.1976422!16s%2Fg%2F11w_mrbzqt!19sChIJ1-s-Kv8dujMRoHuFDOdnZB4?authuser=0&hl=en&rclk=1,"public wifi in Coron Busuanga, Palawan, Philippines",Coron Busuanga
Mary Chilett Cafe & Bar,4.7,(200),,,,,Public Wi-Fi,,,,,,11.9988256,120.2030297,https://www.google.com/maps/place/Mary+Chilett+Cafe+%26+Bar/data=!4m7!3m6!1s0x33ba1d5a60a194e7:0x9d96ab7b0ade48a1!8m2!3d11.9988256!4d120.2030297!16s%2Fg%2F11kr_5n42t!19sChIJ55ShYFodujMRoUjeCnurlp0?authuser=0&hl=en&rclk=1,"public wifi in Coron Busuanga, Palawan, Philippines",Coron Busuanga
Tupi Cafe,4.4,(227),,,,https://www.facebook.com/TUPI-barbers-cafe-102854641763543/,Public Wi-Fi,,https://www.facebook.com/TUPI-barbers-cafe-102854641763543/,,,,11.9994354,120.2016639,https://www.google.com/maps/place/Tupi+Cafe/data=!4m7!3m6!1s0x33ba1da6a32663f7:0x96c9678f1f611cef!8m2!3d11.9994354!4d120.2016639!16s%2Fg%2F11q_mm2rg6!19sChIJ92Mmo6YdujMR7xxhH49nyZY?authuser=0&hl=en&rclk=1,"public wifi in Coron Busuanga, Palawan, Philippines",Coron Busuanga
Luis Bay Travellers Lodge,3.8,(226),917 622 4587,https://wa.me/9176224587,,,Public Wi-Fi,0917 622 4587,,,,,11.9964335,120.2037197,https://www.google.com/maps/place/Luis+Bay+Travellers+Lodge/data=!4m11!3m10!1s0x33ba1dd2dfaede01:0xa551ec16588e5af1!5m3!1s2026-10-31!4m1!1i2!8m2!3d11.9964335!4d120.2037197!16s%2Fg%2F12qg46bdm!19sChIJAd6u39IdujMR8VqOWBbsUaU?authuser=0&hl=en&rclk=1,"public wifi in Coron Busuanga, Palawan, Philippines",Coron Busuanga
Cebuana Traveller's Inn,3.5,(21),920 553 1710,https://wa.me/9205531710,,,Public Wi-Fi,0920 553 1710,,,,,12.0042385,120.1924212,https://www.google.com/maps/place/Cebuana+Traveller%27s+Inn/data=!4m11!3m10!1s0x33ba1df8019fb283:0xb6e79acbe83274c6!5m3!1s2026-10-31!4m1!1i2!8m2!3d12.0042385!4d120.1924212!16s%2Fg%2F11vs28bj2z!19sChIJg7KfAfgdujMRxnQy6Mua57Y?authuser=0&hl=en&rclk=1,"public wifi in Coron Busuanga, Palawan, Philippines",Coron Busuanga
Carillo Guesthouse,4.5,(49),,,,,Public Wi-Fi,,,,,,11.999112,120.209179,https://www.google.com/maps/place/Carillo+Guesthouse/data=!4m11!3m10!1s0x33ba1dc5d666cdfb:0x7618d6b246b49d5a!5m3!1s2026-10-31!4m1!1i2!8m2!3d11.999112!4d120.209179!16s%2Fg%2F11h6mkc1pl!19sChIJ-81m1sUdujMRWp20RrLWGHY?authuser=0&hl=en&rclk=1,"public wifi in Coron Busuanga, Palawan, Philippines",Coron Busuanga
SunzEn Palawan resort(Sunz en Coron resort),4.6,(531),961 475 8466,https://wa.me/9614758466,,,Public Wi-Fi,0961 475 8466,http://www.sunzencoron.com/,,,,12.0096823,120.2012402,https://www.google.com/maps/place/SunzEn+Palawan+resort%28Sunz+en+Coron+resort%29/data=!4m11!3m10!1s0x33ba1f8e053a7125:0x2f702aeaf09d3aca!5m3!1s2026-10-31!4m1!1i2!8m2!3d12.0096823!4d120.2012402!16s%2Fg%2F1hc48ylwx!19sChIJJXE6BY4fujMRyjqd8OoqcC8?authuser=0&hl=en&rclk=1,"public wifi in Coron Busuanga, Palawan, Philippines",Coron Busuanga
Full Lotus Mindful Kitchen,4.3,(298),917 824 4710,https://wa.me/9178244710,,,Public Wi-Fi,121 National Highway,,,,,11.9996897,120.2094318,https://www.google.com/maps/place/Full+Lotus+Mindful+Kitchen/data=!4m7!3m6!1s0x33ba1dc1345d0d13:0x5c3caa3d465e068b!8m2!3d11.9996897!4d120.2094318!16s%2Fg%2F11h0g_lj49!19sChIJEw1dNMEdujMRiwZeRj2qPFw?authuser=0&hl=en&rclk=1,"public wifi in Coron Busuanga, Palawan, Philippines",Coron Busuanga
McDonald's - Coron,4.2,(981),917 637 0633,https://wa.me/9176370633,,,Public Wi-Fi,,https://www.mcdonalds.com.ph/,,,,12.006586,120.1999013,https://www.google.com/maps/place/McDonald%27s+-+Coron/data=!4m7!3m6!1s0x33ba1fcaa05315a1:0xb83295bb1e75e2ec!8m2!3d12.006586!4d120.1999013!16s%2Fg%2F11j1_vdmnz!19sChIJoRVToMofujMR7OJ1HruVMrg?authuser=0&hl=en&rclk=1,"public wifi in Coron Busuanga, Palawan, Philippines",Coron Busuanga
Purple Homestay (Hillside),4.4,(68),956 521 8586,https://wa.me/9565218586,,,Public Wi-Fi,0956 521 8586,http://www.purple-homestay.ph/,,,,11.995863,120.2127871,https://www.google.com/maps/place/Purple+Homestay+%28Hillside%29/data=!4m11!3m10!1s0x33ba1c2eea36c02b:0x2066d0f47e72b0fb!5m3!1s2026-10-31!4m1!1i2!8m2!3d11.995863!4d120.2127871!16s%2Fg%2F11c5s31jxx!19sChIJK8A26i4cujMR-7ByfvTQZiA?authuser=0&hl=en&rclk=1,"public wifi in Coron Busuanga, Palawan, Philippines",Coron Busuanga
Kalis Viewpoint Lodge Coron,4.1,(97),917 504 7804,https://wa.me/9175047804,,,Public Wi-Fi,0917 504 7804,https://www.philippineshotels.net/en/hotel/kalis-viewpoint-lodge-coron.html,,,,11.9995173,120.2034145,https://www.google.com/maps/place/Kalis+Viewpoint+Lodge+Coron/data=!4m11!3m10!1s0x33ba1dd496e6cea9:0x7ae64538ee475d69!5m3!1s2026-10-31!4m1!1i2!8m2!3d11.9995173!4d120.2034145!16s%2Fg%2F11f4wv50d1!19sChIJqc7mltQdujMRaV1H7jhF5no?authuser=0&hl=en&rclk=1,"public wifi in Coron Busuanga, Palawan, Philippines",Coron Busuanga
Coron Visitors Hotel,4.0,(216),920 487 8801,https://wa.me/9204878801,,,Public Wi-Fi,0920 487 8801,https://coronvisitors.top/,,,,12.0011396,120.1979399,https://www.google.com/maps/place/Coron+Visitors+Hotel/data=!4m11!3m10!1s0x33ba1dd692b789bf:0xa7b066a923be8e91!5m3!1s2026-10-31!4m1!1i2!8m2!3d12.0011396!4d120.1979399!16s%2Fg%2F11ckqrbn6d!19sChIJv4m3ktYdujMRkY6-I6lmsKc?authuser=0&hl=en&rclk=1,"public wifi in Coron Busuanga, Palawan, Philippines",Coron Busuanga
Diamond Lodge,3.8,(96),906 470 1346,https://wa.me/9064701346,,,Public Wi-Fi,0906 470 1346,https://diamondlodge.top/,,,,11.9994899,120.2087308,https://www.google.com/maps/place/Diamond+Lodge/data=!4m11!3m10!1s0x33ba1c2bbd5851a7:0xaa5e8dd9870a9a2a!5m3!1s2026-10-31!4m1!1i2!8m2!3d11.9994899!4d120.2087308!16s%2Fg%2F1hf4ln5b5!19sChIJp1FYvSscujMRKpoKh9mNXqo?authuser=0&hl=en&rclk=1,"public wifi in Coron Busuanga, Palawan, Philippines",Coron Busuanga
Taza,4.0,(22),,,,,Public Wi-Fi,,,,,,12.019955,120.1872097,https://www.google.com/maps/place/Taza/data=!4m7!3m6!1s0x33ba1f997c509801:0x508086936c9c1575!8m2!3d12.019955!4d120.1872097!16s%2Fg%2F11rvjjdj20!19sChIJAZhQfJkfujMRdRWcbJOGgFA?authuser=0&hl=en&rclk=1,"public wifi in Coron Busuanga, Palawan, Philippines",Coron Busuanga
Coron Hilltop View Resort,3.7,(136),917 149 8792,https://wa.me/9171498792,,,Public Wi-Fi,0917 149 8792,http://coronhilltopview.com/,,,,12.0207476,120.1872531,https://www.google.com/maps/place/Coron+Hilltop+View+Resort/data=!4m11!3m10!1s0x33ba1dd5c02d521d:0x98063fff911f186e!5m3!1s2026-10-31!4m1!1i2!8m2!3d12.0207476!4d120.1872531!16s%2Fg%2F1tgft4m7!19sChIJHVItwNUdujMRbhgfkf8_Bpg?authuser=0&hl=en&rclk=1,"public wifi in Coron Busuanga, Palawan, Philippines",Coron Busuanga
Mount Avangan Eco Adventure Park,4.3,(64),927 793 0166,https://wa.me/9277930166,,,Public Wi-Fi,0927 793 0166,,,,,12.0387376,120.1804867,https://www.google.com/maps/place/Mount+Avangan+Eco+Adventure+Park/data=!4m11!3m10!1s0x33ba1e37b381c277:0x2a321740c142fc37!5m3!1s2026-10-31!4m1!1i2!8m2!3d12.0387376!4d120.1804867!16s%2Fg%2F11f4_xswdm!19sChIJd8KBszceujMRN_xCwUAXMio?authuser=0&hl=en&rclk=1,"public wifi in Coron Busuanga, Palawan, Philippines",Coron Busuanga
J & J Homestay,4.6,(75),966 145 1000,https://wa.me/9661451000,,,Public Wi-Fi,0966 145 1000,https://jjhomestaycoron.top/,,,,12.0017871,120.2055421,https://www.google.com/maps/place/J+%26+J+Homestay/data=!4m11!3m10!1s0x33b9f5d0dd4115d5:0x8eb79f297a94145d!5m3!1s2026-10-31!4m1!1i2!8m2!3d12.0017871!4d120.2055421!16s%2Fg%2F11svk64lrx!19sChIJ1RVB3dD1uTMRXRSUeimft44?authuser=0&hl=en&rclk=1,"public wifi in Coron Busuanga, Palawan, Philippines",Coron Busuanga
APO Pension House,3.8,(83),,,,,Public Wi-Fi,,,,,,11.9960698,120.212428,https://www.google.com/maps/place/APO+Pension+House/data=!4m11!3m10!1s0x33ba1c2eeb632383:0xf7895095fa125f56!5m3!1s2026-10-31!4m1!1i2!8m2!3d11.9960698!4d120.212428!16s%2Fg%2F11c6ltg__f!19sChIJgyNj6y4cujMRVl8S-pVQifc?authuser=0&hl=en&rclk=1,"public wifi in Coron Busuanga, Palawan, Philippines",Coron Busuanga
TataR . Breakfast & Coffee,4.7,(182),929 107 3969,https://wa.me/9291073969,https://www.instagram.com/tatar.coffee.coron_/,,Public Wi-Fi,0929 107 3969,https://www.instagram.com/tatar.coffee.coron_/,,,,12.0038269,120.1983347,https://www.google.com/maps/place/TataR+.+Breakfast+%26+Coffee/data=!4m7!3m6!1s0x33ba1d2813be06a3:0xdc25283ab85e68f2!8m2!3d12.0038269!4d120.1983347!16s%2Fg%2F11kpstr2tl!19sChIJowa-EygdujMR8mheuDooJdw?authuser=0&hl=en&rclk=1,"public wifi in Coron Busuanga, Palawan, Philippines",Coron Busuanga
Sharky’s Restobar,4.1,"(1,175)",905 326 8811,https://wa.me/9053268811,,https://www.facebook.com/sharkyscoron/,Public Wi-Fi,5 Poblacion dinagpan road,https://www.facebook.com/sharkyscoron/,,,,12.0031337,120.1988983,https://www.google.com/maps/place/Sharky%E2%80%99s+Restobar/data=!4m7!3m6!1s0x33ba1d19f1719843:0x861621bc348573f1!8m2!3d12.0031337!4d120.1988983!16s%2Fg%2F11f7bjyp7y!19sChIJQ5hx8RkdujMR8XOFNLwhFoY?authuser=0&hl=en&rclk=1,"public wifi in Coron Busuanga, Palawan, Philippines",Coron Busuanga
Micasa Lodge Palawan,3.9,(114),919 910 1010,https://wa.me/9199101010,,,Public Wi-Fi,0919 910 1010,https://micasalodge.com/,,,,11.9996265,120.2074024,https://www.google.com/maps/place/Micasa+Lodge+Palawan/data=!4m11!3m10!1s0x33ba1c2b0da64b99:0x793daf0882dfa898!5m3!1s2026-10-31!4m1!1i2!8m2!3d11.9996265!4d120.2074024!16s%2Fg%2F1hfr126n3!19sChIJmUumDSscujMRmKjfggivPXk?authuser=0&hl=en&rclk=1,"public wifi in Coron Busuanga, Palawan, Philippines",Coron Busuanga
Camila Hostel Coron,5.0,(2),956 716 1278,https://wa.me/9567161278,,,Public Wi-Fi,0956 716 1278,,,,,12.0010007,120.1990135,https://www.google.com/maps/place/Camila+Hostel+Coron/data=!4m11!3m10!1s0x33ba1d4b1dadf57b:0x3375ccb1f55980e7!5m3!1s2026-10-31!4m1!1i2!8m2!3d12.0010007!4d120.1990135!16s%2Fg%2F11yxm99sxz!19sChIJe_WtHUsdujMR54BZ9bHMdTM?authuser=0&hl=en&rclk=1,"public wifi in Coron Busuanga, Palawan, Philippines",Coron Busuanga
Studio Rosaire,5.0,(1),916 730 3628,https://wa.me/9167303628,,,Public Wi-Fi,,,,,,12.0004507,120.2027672,https://www.google.com/maps/place/Studio+Rosaire/data=!4m7!3m6!1s0x4c1ba32a12d3a15d:0x2c0d6329ed1f2d7c!8m2!3d12.0004507!4d120.2027672!16s%2Fg%2F11yhb38_s4!19sChIJXaHTEiqjG0wRfC0f7SljDSw?authuser=0&hl=en&rclk=1,"public wifi in Coron Busuanga, Palawan, Philippines",Coron Busuanga
"Happy Camper Hostel, Coron",4.6,(121),,,,,Public Wi-Fi,250 pesos,https://www.philippineshotels.net/en/hotel/happy-camper-hostel.html,,,,11.9990529,120.2090566,"https://www.google.com/maps/place/Happy+Camper+Hostel,+Coron/data=!4m11!3m10!1s0x33ba1c2b94417069:0x64bfeda497758cd4!5m3!1s2026-10-31!4m1!1i2!8m2!3d11.9990529!4d120.2090566!16s%2Fg%2F11dzxgg21h!19sChIJaXBBlCscujMR1Ix1l6Ttv2Q?authuser=0&hl=en&rclk=1","public wifi in Coron Busuanga, Palawan, Philippines",Coron Busuanga
Angel Motorcycle Rental,4.1,(90),921 359 3129,https://wa.me/9213593129,,,Public Wi-Fi,0921 359 3129,,,,,11.9997032,120.2016802,https://www.google.com/maps/place/Angel+Motorcycle+Rental/data=!4m7!3m6!1s0x33ba1dd465b489cb:0xc44a84109c6b3a74!8m2!3d11.9997032!4d120.2016802!16s%2Fg%2F11c0psnyvh!19sChIJy4m0ZdQdujMRdDprnBCESsQ?authuser=0&hl=en&rclk=1,"public wifi in Coron Busuanga, Palawan, Philippines",Coron Busuanga
Bella Vita Guest House,4.7,(94),917 129 0824,https://wa.me/9171290824,,,Public Wi-Fi,0917 129 0824,https://radekstraveltips.com/bella-vita-guest-house-philippines,,,,12.0242844,120.1819351,https://www.google.com/maps/place/Bella+Vita+Guest+House/data=!4m11!3m10!1s0x33ba1e152b3d6f0f:0x71a74153474782dc!5m3!1s2026-10-31!4m1!1i2!8m2!3d12.0242844!4d120.1819351!16s%2Fg%2F11f5ly8krh!19sChIJD289KxUeujMR3IJHR1NBp3E?authuser=0&hl=en&rclk=1,"public wifi in Coron Busuanga, Palawan, Philippines",Coron Busuanga
FOLLOW YOUR TASTE,4.4,(470),945 168 1775,https://wa.me/9451681775,,https://www.facebook.com/followyourtasteph/,Public Wi-Fi,12 Real St,https://www.facebook.com/followyourtasteph/,,,,11.9982209,120.2040986,https://www.google.com/maps/place/FOLLOW+YOUR+TASTE/data=!4m7!3m6!1s0x33ba1d258cb42b45:0x37ba5214374e53a3!8m2!3d11.9982209!4d120.2040986!16s%2Fg%2F11fnqs_dk8!19sChIJRSu0jCUdujMRo1NONxRSujc?authuser=0&hl=en&rclk=1,"public wifi in Coron Busuanga, Palawan, Philippines",Coron Busuanga
Coron Vista Lodge,4.3,(162),917 887 4575,https://wa.me/9178874575,,http://www.facebook.com/coronvistalodge,Public Wi-Fi,0917 887 4575,http://www.facebook.com/coronvistalodge,,,,12.0012788,120.1989107,https://www.google.com/maps/place/Coron+Vista+Lodge/data=!4m11!3m10!1s0x33ba1dd684436f31:0x989c65303a73b0cf!5m3!1s2026-10-31!4m1!1i2!8m2!3d12.0012788!4d120.1989107!16s%2Fg%2F11bw4wbbmp!19sChIJMW9DhNYdujMRz7BzOjBlnJg?authuser=0&hl=en&rclk=1,"public wifi in Coron Busuanga, Palawan, Philippines",Coron Busuanga
Haisa Apartment Coron,4.6,(91),975 858 4478,https://wa.me/9758584478,,,Public Wi-Fi,0975 858 4478,https://www.philippineshotels.net/en/hotel/haisa-apartment.html,,,,12.0002463,120.2067013,https://www.google.com/maps/place/Haisa+Apartment+Coron/data=!4m11!3m10!1s0x33ba1c2b183650e7:0xd2fe76af89c65763!5m3!1s2026-10-31!4m1!1i2!8m2!3d12.0002463!4d120.2067013!16s%2Fg%2F11ddxs0hhk!19sChIJ51A2GCscujMRY1fGia92_tI?authuser=0&hl=en&rclk=1,"public wifi in Coron Busuanga, Palawan, Philippines",Coron Busuanga
Coron Underwater Garden Resort,3.8,(231),995 555 4105,https://wa.me/9955554105,,,Public Wi-Fi,0995 555 4105,https://coronunderwater.resort.com.ph/,,,,11.9974829,120.1754057,https://www.google.com/maps/place/Coron+Underwater+Garden+Resort/data=!4m11!3m10!1s0x33ba1de5f03b2e9b:0x1e4b308b8decee3!5m3!1s2026-10-31!4m1!1i2!8m2!3d11.9974829!4d120.1754057!16s%2Fg%2F11b6wk76jd!19sChIJmy478OUdujMR487euAiz5AE?authuser=0&hl=en&rclk=1,"public wifi in Coron Busuanga, Palawan, Philippines",Coron Busuanga
The Bay Area Coron,4.6,(199),908 620 8409,https://wa.me/9086208409,,,Public Wi-Fi,0908 620 8409,https://bayareacoron.top/,,,,11.9989271,120.2018508,https://www.google.com/maps/place/The+Bay+Area+Coron/data=!4m11!3m10!1s0x3397e205f860d1cf:0xcddc2beb8a62ed9c!5m3!1s2026-10-31!4m1!1i2!8m2!3d11.9989271!4d120.2018508!16s%2Fg%2F11g8bwpdjq!19sChIJz9Fg-AXilzMRnO1iiusr3M0?authuser=0&hl=en&rclk=1,"public wifi in Coron Busuanga, Palawan, Philippines",Coron Busuanga
Casa Montemar,3.8,(196),908 349 7378,https://wa.me/9083497378,,,Public Wi-Fi,0908 349 7378,https://petrstraveltips.com/casa-montemar-philippines,,,,12.0010084,120.2019519,https://www.google.com/maps/place/Casa+Montemar/data=!4m11!3m10!1s0x33ba1dd456ef30cd:0xc87d2702d61dbf6a!5m3!1s2026-10-31!4m1!1i2!8m2!3d12.0010084!4d120.2019519!16s%2Fg%2F11c0rhkrxv!19sChIJzTDvVtQdujMRar8d1gInfcg?authuser=0&hl=en&rclk=1,"public wifi in Coron Busuanga, Palawan, Philippines",Coron Busuanga
Paolyn Houseboats Coron Island,4.9,(676),954 394 9379,https://wa.me/9543949379,,,Public Wi-Fi,0954 394 9379,https://www.paolynhouseboatscoronisland.com/,,,,11.9446201,120.2054447,https://www.google.com/maps/place/Paolyn+Houseboats+Coron+Island/data=!4m11!3m10!1s0x33ba1d1fee9524ad:0x3a36c88dc58464c4!5m3!1s2026-10-31!4m1!1i2!8m2!3d11.9446201!4d120.2054447!16s%2Fg%2F11g8bwglg6!19sChIJrSSV7h8dujMRxGSExY3INjo?authuser=0&hl=en&rclk=1,"public wifi in Coron Busuanga, Palawan, Philippines",Coron Busuanga
Discovery Island Resort,4.3,(202),977 839 9147,https://wa.me/9778399147,,,Public Wi-Fi,0977 839 9147,http://discoverydiversresort.com/,,,,12.0008251,120.1898332,https://www.google.com/maps/place/Discovery+Island+Resort/data=!4m11!3m10!1s0x33ba1c98296abdf7:0x54cc61fb4738882f!5m3!1s2026-10-31!4m1!1i2!8m2!3d12.0008251!4d120.1898332!16s%2Fg%2F1hhwd_j4y!19sChIJ971qKZgcujMRL4g4R_thzFQ?authuser=0&hl=en&rclk=1,"public wifi in Coron Busuanga, Palawan, Philippines",Coron Busuanga
Le Voyage,4.0,(515),915 407 5882,https://wa.me/9154075882,,https://www.facebook.com/levoyagecoron,Public Wi-Fi,0915 407 5882,https://www.facebook.com/levoyagecoron,,,,11.9988623,120.2046389,https://www.google.com/maps/place/Le+Voyage/data=!4m7!3m6!1s0x33ba1f31725061af:0x437cf2eb917549d2!8m2!3d11.9988623!4d120.2046389!16s%2Fg%2F11ggzcvl8y!19sChIJr2FQcjEfujMR0kl1kevyfEM?authuser=0&hl=en&rclk=1,"public wifi in Coron Busuanga, Palawan, Philippines",Coron Busuanga
Princess of Coron Resort,4.1,(250),916 540 0288,https://wa.me/9165400288,,,Public Wi-Fi,0916 540 0288,https://princessofcoron.top/,,,,12.0002833,120.20578,https://www.google.com/maps/place/Princess+of+Coron+Resort/data=!4m11!3m10!1s0x33ba1dd4cca27829:0x5990b3d649c5335f!5m3!1s2026-10-31!4m1!1i2!8m2!3d12.0002833!4d120.20578!16s%2Fg%2F12cpgm4jt!19sChIJKXiizNQdujMRXzPFSdazkFk?authuser=0&hl=en&rclk=1,"public wifi in Coron Busuanga, Palawan, Philippines",Coron Busuanga
AlFresco Coron,4.6,(870),995 877 1632,https://wa.me/9958771632,,,Public Wi-Fi,0995 877 1632,https://alfresco.ph/files/menu-ac.pdf,,,,11.99718,120.2049727,https://www.google.com/maps/place/AlFresco+Coron/data=!4m7!3m6!1s0x33ba1d7ab348506f:0x3f749976d884b8f2!8m2!3d11.99718!4d120.2049727!16s%2Fg%2F11k53r_b75!19sChIJb1BIs3odujMR8riE2HaZdD8?authuser=0&hl=en&rclk=1,"public wifi in Coron Busuanga, Palawan, Philippines",Coron Busuanga
Zuri Resort - Coron,4.4,(870),917 555 5594,https://wa.me/9175555594,,,Public Wi-Fi,0917 555 5594,http://www.zuriresortcoron.com/,,,,12.0009183,120.1948242,https://www.google.com/maps/place/Zuri+Resort+-+Coron/data=!4m11!3m10!1s0x33ba1d061bfc7f15:0xa0f1ba570320439a!5m3!1s2026-10-31!4m1!1i2!8m2!3d12.0009183!4d120.1948242!16s%2Fg%2F11h3qq35px!19sChIJFX_8GwYdujMRmkMgA1e68aA?authuser=0&hl=en&rclk=1,"public wifi in Coron Busuanga, Palawan, Philippines",Coron Busuanga
Hiraya Homestay Coron,4.9,(46),908 418 9369,https://wa.me/9084189369,,,Public Wi-Fi,0908 418 9369,https://www.booking.com/hotel/ph/the-yellow-house-coron.html?label=bdot-R55kQl2KP*xa2BX0ui5dVASM453795113676%3Apl%3Ata%3Ap1%3Ap22%2C563%2C000%3Aac%3Aap%3Aneg%3Afi%3Atikwd-334108349%3Alp9061350%3Ali%3Adem%3Adm%3Appccp%3DUmFuZG9tSVYkc2RlIyh9YYriJK-Ikd_dLBPOo0BdMww&sid=9791cb3f93df8aedbfcdb8f8572547ba&aid=378266&ucfs=1&arphpl=1&dest_id=-2422567&dest_type=city&group_adults=2&req_adults=2&no_rooms=1&group_children=0&req_children=0&hpos=1&hapos=1&sr_order=popularity&srpvid=42a408643d7b003f&srepoch=1706663504&from_sustainable_property_sr=1,,,,11.9985154,120.2091802,https://www.google.com/maps/place/Hiraya+Homestay+Coron/data=!4m11!3m10!1s0x33ba1d6d8b22fa97:0xf4ede19fafc2781e!5m3!1s2026-10-31!4m1!1i2!8m2!3d11.9985154!4d120.2091802!16s%2Fg%2F11t8704jtx!19sChIJl_oii20dujMRHnjCr5_h7fQ?authuser=0&hl=en&rclk=1,"public wifi in Coron Busuanga, Palawan, Philippines",Coron Busuanga
Island Wanderers Inn,4.0,(79),927 026 4322,https://wa.me/9270264322,,https://www.facebook.com/share/17qNtEMRnp/?mibextid=wwXlfr,Public Wi-Fi,0927 026 4322,https://www.facebook.com/share/17qNtEMRnp/?mibextid=wwXlfr,,,,12.0168238,120.1897406,https://www.google.com/maps/place/Island+Wanderers+Inn/data=!4m11!3m10!1s0x33ba1d896bf543d9:0xe0f247f3112b51f!5m3!1s2026-10-31!4m1!1i2!8m2!3d12.0168238!4d120.1897406!16s%2Fg%2F11txkv6445!19sChIJ2UP1a4kdujMRH7USMX8kDw4?authuser=0&hl=en&rclk=1,"public wifi in Coron Busuanga, Palawan, Philippines",Coron Busuanga
Jorge Transient House,4.5,(45),,,,,Public Wi-Fi,,,,,,12.0090604,120.2018321,https://www.google.com/maps/place/Jorge+Transient+House/data=!4m11!3m10!1s0x33ba1f22bd689d37:0xc13237f75308f599!5m3!1s2026-10-31!4m1!1i2!8m2!3d12.0090604!4d120.2018321!16s%2Fg%2F11gxvtzyqx!19sChIJN51ovSIfujMRmfUIU_c3MsE?authuser=0&hl=en&rclk=1,"public wifi in Coron Busuanga, Palawan, Philippines",Coron Busuanga
Gavin's kitchen + bar,4.6,"(1,827)",995 403 0718,https://wa.me/9954030718,,,Public Wi-Fi,183 national highway,,,,,11.9989211,120.2018637,https://www.google.com/maps/place/Gavin%27s+kitchen+%2B+bar/data=!4m7!3m6!1s0x33ba1d8c44ba9721:0xbe1c40e3a8dddd84!8m2!3d11.9989211!4d120.2018637!16s%2Fg%2F11tjq_kztx!19sChIJIZe6RIwdujMRhN3dqONAHL4?authuser=0&hl=en&rclk=1,"public wifi in Coron Busuanga, Palawan, Philippines",Coron Busuanga
Rain Haven Lodging House,4.7,(40),945 192 5204,https://wa.me/9451925204,,,Public Wi-Fi,0945 192 5204,,,,,12.0027287,120.1975758,https://www.google.com/maps/place/Rain+Haven+Lodging+House/data=!4m11!3m10!1s0x33ba1d4d912fb289:0x9dbf48cdc986a577!5m3!1s2026-10-31!4m1!1i2!8m2!3d12.0027287!4d120.1975758!16s%2Fg%2F11j4yts_zj!19sChIJibIvkU0dujMRd6WGyc1Iv50?authuser=0&hl=en&rclk=1,"public wifi in Coron Busuanga, Palawan, Philippines",Coron Busuanga
R2R Bayview Inn,3.8,(283),961 296 6907,https://wa.me/9612966907,,,Public Wi-Fi,0961 296 6907,http://www.r2rbayviewinncoron.com/,,,,12.0003299,120.2013205,https://www.google.com/maps/place/R2R+Bayview+Inn/data=!4m11!3m10!1s0x33ba1dd4428e6e6b:0x8310f33f9717f7c!5m3!1s2026-10-31!4m1!1i2!8m2!3d12.0003299!4d120.2013205!16s%2Fg%2F11c20qs4s7!19sChIJa26OQtQdujMRfH9x-TMPMQg?authuser=0&hl=en&rclk=1,"public wifi in Coron Busuanga, Palawan, Philippines",Coron Busuanga
Ezekiel Transient House,4.8,(73),939 270 8247,https://wa.me/9392708247,,https://www.facebook.com/ezekieltransienthouse,Public Wi-Fi,0939 270 8247,https://www.facebook.com/ezekieltransienthouse,,,,12.0002981,120.2075611,https://www.google.com/maps/place/Ezekiel+Transient+House/data=!4m11!3m10!1s0x33ba1db43510be57:0xb89cb1abb8248437!5m3!1s2026-10-31!4m1!1i2!8m2!3d12.0002981!4d120.2075611!16s%2Fg%2F11fj17w98x!19sChIJV74QNbQdujMRN4QkuKuxnLg?authuser=0&hl=en&rclk=1,"public wifi in Coron Busuanga, Palawan, Philippines",Coron Busuanga
Playa Bar and Restaurant Coron,4.4,(357),945 215 4316,https://wa.me/9452154316,,https://www.facebook.com/share/1EtuwYjuG6/?mibextid=wwXIfr,Public Wi-Fi,0945 215 4316,https://www.facebook.com/share/1EtuwYjuG6/?mibextid=wwXIfr,,,,11.9982884,120.2038878,https://www.google.com/maps/place/Playa+Bar+and+Restaurant+Coron/data=!4m7!3m6!1s0x33ba1d22e53c2793:0xf3ba874aa434df0!8m2!3d11.9982884!4d120.2038878!16s%2Fg%2F11lf3df200!19sChIJkyc85SIdujMR8E1DqnSoOw8?authuser=0&hl=en&rclk=1,"public wifi in Coron Busuanga, Palawan, Philippines",Coron Busuanga
TAG RESORT CORON,4.1,(578),919 071 2824,https://wa.me/9190712824,,,Public Wi-Fi,0919 071 2824,https://tagresorts.com.ph/?utm_source=gmb&utm_medium=organic&utm_campaign=gmb_tag_resort,,,,12.0196403,120.1867828,https://www.google.com/maps/place/TAG+RESORT+CORON/data=!4m11!3m10!1s0x33ba1fafa69cf587:0x2d4489b7b90a6513!5m3!1s2026-10-31!4m1!1i2!8m2!3d12.0196403!4d120.1867828!16s%2Fg%2F11j_ns6n_8!19sChIJh_Wcpq8fujMRE2UKubeJRC0?authuser=0&hl=en&rclk=1,"public wifi in Coron Busuanga, Palawan, Philippines",Coron Busuanga
DK's Inn,4.9,(117),,,,,Public Wi-Fi,,https://dksinncoron.top/,,,,11.9999168,120.2063325,https://www.google.com/maps/place/DK%27s+Inn/data=!4m11!3m10!1s0x33ba1ded928198bd:0x3d5817029695b34!5m3!1s2026-10-31!4m1!1i2!8m2!3d11.9999168!4d120.2063325!16s%2Fg%2F11sjyvbjbr!19sChIJvZiBku0dujMRNFtpKXCB1QM?authuser=0&hl=en&rclk=1,"public wifi in Coron Busuanga, Palawan, Philippines",Coron Busuanga
Coron Sanho Pension House,4.0,(92),917 701 1004,https://wa.me/9177011004,,,Public Wi-Fi,0917 701 1004,https://coronsanho.top/,,,,11.9961225,120.2036309,https://www.google.com/maps/place/Coron+Sanho+Pension+House/data=!4m11!3m10!1s0x33ba1dd31ffd2e43:0xeaa8e782c302d47b!5m3!1s2026-10-31!4m1!1i2!8m2!3d11.9961225!4d120.2036309!16s%2Fg%2F11g6mj8fpp!19sChIJQy79H9MdujMRe9QCw4LnqOo?authuser=0&hl=en&rclk=1,"public wifi in Coron Busuanga, Palawan, Philippines",Coron Busuanga
Balaibinda Lodge,4.1,(178),929 322 1776,https://wa.me/9293221776,,,Public Wi-Fi,0929 322 1776,http://www.balaibinda.com/,,,,11.9977726,120.2033704,https://www.google.com/maps/place/Balaibinda+Lodge/data=!4m11!3m10!1s0x33ba1dd36ed4b1d5:0xbe8a2ed1825a97a8!5m3!1s2026-10-31!4m1!1i2!8m2!3d11.9977726!4d120.2033704!16s%2Fg%2F12cpqhl3v!19sChIJ1bHUbtMdujMRqJdagtEuir4?authuser=0&hl=en&rclk=1,"public wifi in Coron Busuanga, Palawan, Philippines",Coron Busuanga
Kayangan Lake View Deck,4.7,"(1,665)",,,,,Public Wi-Fi,,http://www.kayanganlake.com/,,,,11.9587421,120.226498,https://www.google.com/maps/place/Kayangan+Lake+View+Deck/data=!4m7!3m6!1s0x33ba1cf5132d7b35:0xc761e235d592b663!8m2!3d11.9587421!4d120.226498!16s%2Fg%2F11c5751txg!19sChIJNXstE_UcujMRY7aS1TXiYcc?authuser=0&hl=en&rclk=1,"public wifi in Coron Busuanga, Palawan, Philippines",Coron Busuanga
Maicaellas Transient Room,4.3,(22),928 920 7624,https://wa.me/9289207624,,,Public Wi-Fi,0928 920 7624,,,,,12.0001613,120.2063835,https://www.google.com/maps/place/Maicaellas+Transient+Room/data=!4m11!3m10!1s0x33ba1d3651054aa5:0xd12e10c6acdda68c!5m3!1s2026-10-31!4m1!1i2!8m2!3d12.0001613!4d120.2063835!16s%2Fg%2F11fhnj0nml!19sChIJpUoFUTYdujMRjKbdrMYQLtE?authuser=0&hl=en&rclk=1,"public wifi in Coron Busuanga, Palawan, Philippines",Coron Busuanga
Amphibi-ko Resort and Dive Center,4.0,(126),917 771 5950,https://wa.me/9177715950,,,Public Wi-Fi,0917 771 5950,https://amphibiko.top/,,,,11.9994377,120.2016614,https://www.google.com/maps/place/Amphibi-ko+Resort+and+Dive+Center/data=!4m11!3m10!1s0x33ba1dd3062c2fdf:0x1aaa1d170dc1e946!5m3!1s2026-10-31!4m1!1i2!8m2!3d11.9994377!4d120.2016614!16s%2Fg%2F1hc0sxq0b!19sChIJ3y8sBtMdujMRRunBDRcdqho?authuser=0&hl=en&rclk=1,"public wifi in Coron Busuanga, Palawan, Philippines",Coron Busuanga
Island Hostel & Tours,4.4,(15),906 014 2281,https://wa.me/9060142281,,http://www.facebook.com/TalusiHostel/,Public Wi-Fi,0906 014 2281,http://www.facebook.com/TalusiHostel/,,,,11.9993708,120.2018916,https://www.google.com/maps/place/Island+Hostel+%26+Tours/data=!4m11!3m10!1s0x33ba1dd48089b1ef:0x34fd24ef7346b5c6!5m3!1s2026-10-31!4m1!1i2!8m2!3d11.9993708!4d120.2018916!16s%2Fg%2F11f3y52k9q!19sChIJ77GJgNQdujMRxrVGc-8k_TQ?authuser=0&hl=en&rclk=1,"public wifi in Coron Busuanga, Palawan, Philippines",Coron Busuanga
The Ridge Coron,4.1,(355),927 497 2052,https://wa.me/9274972052,,,Public Wi-Fi,0927 497 2052,https://hannahlovestotravel.com/the-ridge-coron-coron-philippines,,,,12.0014915,120.2040452,https://www.google.com/maps/place/The+Ridge+Coron/data=!4m11!3m10!1s0x33ba1d10ca2b0055:0xdffdced221511d1a!5m3!1s2026-10-31!4m1!1i2!8m2!3d12.0014915!4d120.2040452!16s%2Fg%2F11ghtc8hxc!19sChIJVQAryhAdujMRGh1RIdLO_d8?authuser=0&hl=en&rclk=1,"public wifi in Coron Busuanga, Palawan, Philippines",Coron Busuanga
Enna's Place,4.7,(82),995 863 9632,https://wa.me/9958639632,,,Public Wi-Fi,0995 863 9632,,,,,12.0240281,120.1810711,https://www.google.com/maps/place/Enna%27s+Place/data=!4m11!3m10!1s0x33ba1fb7344df3a5:0x642e55873e40c4ee!5m3!1s2026-10-31!4m1!1i2!8m2!3d12.0240281!4d120.1810711!16s%2Fg%2F11h52s0mht!19sChIJpfNNNLcfujMR7sRAPodVLmQ?authuser=0&hl=en&rclk=1,"public wifi in Coron Busuanga, Palawan, Philippines",Coron Busuanga
Coron Soleil Garden Resort,4.6,(358),917 639 7670,https://wa.me/9176397670,,,Public Wi-Fi,0917 639 7670,https://coronsoleil.com/soleil-garden/,,,,12.0106801,120.2011307,https://www.google.com/maps/place/Coron+Soleil+Garden+Resort/data=!4m11!3m10!1s0x33ba1db8b1aa7917:0xa9f10c9c114b82af!5m3!1s2026-10-31!4m1!1i2!8m2!3d12.0106801!4d120.2011307!16s%2Fg%2F11sgk8t_qg!19sChIJF3mqsbgdujMRr4JLEZwM8ak?authuser=0&hl=en&rclk=1,"public wifi in Coron Busuanga, Palawan, Philippines",Coron Busuanga
Palanca Guest House,4.3,(44),917 688 0836,https://wa.me/9176880836,,,Public Wi-Fi,0917 688 0836,,,,,11.9977794,120.2034902,https://www.google.com/maps/place/Palanca+Guest+House/data=!4m11!3m10!1s0x33ba1dd3698fad07:0xeff6ce342a156b0e!5m3!1s2026-10-31!4m1!1i2!8m2!3d11.9977794!4d120.2034902!16s%2Fg%2F12qghm18d!19sChIJB62PadMdujMRDmsVKjTO9u8?authuser=0&hl=en&rclk=1,"public wifi in Coron Busuanga, Palawan, Philippines",Coron Busuanga
Mo2 Lagoon Coron,4.2,(375),917 811 7222,https://wa.me/9178117222,,,Public Wi-Fi,2 Lagoon Coron  4,http://www.mo2lagooncoron.com/,,,,12.0228328,120.1838392,https://www.google.com/maps/place/Mo2+Lagoon+Coron/data=!4m11!3m10!1s0x33ba1e6b169ca685:0xe228e720b393f73e!5m3!1s2026-10-31!4m1!1i2!8m2!3d12.0228328!4d120.1838392!16s%2Fg%2F11g8g1211_!19sChIJhaacFmseujMRPveTsyDnKOI?authuser=0&hl=en&rclk=1,"public wifi in Coron Busuanga, Palawan, Philippines",Coron Busuanga
KokosNuss,4.0,(388),915 197 8627,https://wa.me/9151978627,,,Public Wi-Fi,0915 197 8627,http://www.kokosnuss.info/,,,,12.0072611,120.1997079,https://www.google.com/maps/place/KokosNuss/data=!4m11!3m10!1s0x33b9f584dac8955b:0x6dcc27cff557a854!5m3!1s2026-10-31!4m1!1i2!8m2!3d12.0072611!4d120.1997079!16s%2Fg%2F1tghm3zm!19sChIJW5XI2oT1uTMRVKhX9c8nzG0?authuser=0&hl=en&rclk=1,"public wifi in Coron Busuanga, Palawan, Philippines",Coron Busuanga
Michel Inn Coron,4.1,(64),981 800 9514,https://wa.me/9818009514,,,Public Wi-Fi,0981 800 9514,https://michelcoron.top/,,,,11.9983825,120.2038669,https://www.google.com/maps/place/Michel+Inn+Coron/data=!4m11!3m10!1s0x33ba1dfcfdc40d53:0xe5fc9592c12fbb3d!5m3!1s2026-10-31!4m1!1i2!8m2!3d11.9983825!4d120.2038669!16s%2Fg%2F11h10v_4p6!19sChIJUw3E_fwdujMRPbsvwZKV_OU?authuser=0&hl=en&rclk=1,"public wifi in Coron Busuanga, Palawan, Philippines",Coron Busuanga
Coron Westown Resort,4.0,"(1,250)",917 704 6176,https://wa.me/9177046176,,,Public Wi-Fi,0917 704 6176,http://www.coronwestownresort.com/,,,,12.0229726,120.184368,https://www.google.com/maps/place/Coron+Westown+Resort/data=!4m11!3m10!1s0x33ba1e6b0f2258c5:0x29783a744576aa99!5m3!1s2026-10-31!4m1!1i2!8m2!3d12.0229726!4d120.184368!16s%2Fg%2F1hg4_zq7c!19sChIJxVgiD2seujMRmap2RXQ6eCk?authuser=0&hl=en&rclk=1,"public wifi in Coron Busuanga, Palawan, Philippines",Coron Busuanga
Coron Bluewave Hotel,4.1,(249),917 135 7016,https://wa.me/9171357016,,,Public Wi-Fi,0917 135 7016,https://www.coronbluewavehotel.com/,,,,12.0002074,120.2064548,https://www.google.com/maps/place/Coron+Bluewave+Hotel/data=!4m11!3m10!1s0x33ba1c2b22cba951:0x6f1aad90b11c8e34!5m3!1s2026-10-31!4m1!1i2!8m2!3d12.0002074!4d120.2064548!16s%2Fg%2F11cmnklmmb!19sChIJUanLIiscujMRNI4csZCtGm8?authuser=0&hl=en&rclk=1,"public wifi in Coron Busuanga, Palawan, Philippines",Coron Busuanga
Joval Homestay,4.4,(118),915 983 2989,https://wa.me/9159832989,,,Public Wi-Fi,0915 983 2989,https://jovalhomestay.com/,,,,11.9984374,120.2101071,https://www.google.com/maps/place/Joval+Homestay/data=!4m11!3m10!1s0x33ba1c2bec8761e5:0x1dd40c73cb3a09bb!5m3!1s2026-10-31!4m1!1i2!8m2!3d11.9984374!4d120.2101071!16s%2Fg%2F11c5s95d4v!19sChIJ5WGH7CscujMRuwk6y3MM1B0?authuser=0&hl=en&rclk=1,"public wifi in Coron Busuanga, Palawan, Philippines",Coron Busuanga
Sailing Inn Coron,4.4,(17),963 999 9997,https://wa.me/9639999997,,,Public Wi-Fi,0963 999 9997,,,,,12.0016722,120.1996196,https://www.google.com/maps/place/Sailing+Inn+Coron/data=!4m11!3m10!1s0x33ba1d7b0a8ce8bd:0xb5cbb7bf5ab174f3!5m3!1s2026-10-31!4m1!1i2!8m2!3d12.0016722!4d120.1996196!16s%2Fg%2F11j4xrl3qy!19sChIJveiMCnsdujMR83SxWr-3y7U?authuser=0&hl=en&rclk=1,"public wifi in Coron Busuanga, Palawan, Philippines",Coron Busuanga
Governors Drive Coron,4.0,(17),,,,,Public Wi-Fi,8249 8745,,,,,12.0039665,120.1926777,https://www.google.com/maps/place/Governors+Drive+Coron/data=!4m11!3m10!1s0x33ba1d49efec3a1d:0x9f7a6d5744d219a4!5m3!1s2026-10-31!4m1!1i2!8m2!3d12.0039665!4d120.1926777!16s%2Fg%2F11h0t_hnqm!19sChIJHTrs70kdujMRpBnSRFdtep8?authuser=0&hl=en&rclk=1,"public wifi in Coron Busuanga, Palawan, Philippines",Coron Busuanga
Kayangan Lake,4.7,(546),906 864 3182,https://wa.me/9068643182,,,Public Wi-Fi,,http://kayanganlake.com/,,,,11.9578378,120.2260286,https://www.google.com/maps/place/Kayangan+Lake/data=!4m7!3m6!1s0x33ba1cf3eca58deb:0x7d5cafdcd5406084!8m2!3d11.9578378!4d120.2260286!16s%2Fg%2F11bzx28p_3!19sChIJ642l7PMcujMRhGBA1dyvXH0?authuser=0&hl=en&rclk=1,"public wifi in Coron Busuanga, Palawan, Philippines",Coron Busuanga
Bakawan Hostel,4.9,(21),947 951 5126,https://wa.me/9479515126,,https://www.facebook.com/Bakawan-Hostel-3184570704901652/,Public Wi-Fi,0947 951 5126,https://www.facebook.com/Bakawan-Hostel-3184570704901652/,,,,11.9984519,120.2083642,https://www.google.com/maps/place/Bakawan+Hostel/data=!4m11!3m10!1s0x33ba1ddc067a8105:0xa1c86163526017f5!5m3!1s2026-10-31!4m1!1i2!8m2!3d11.9984519!4d120.2083642!16s%2Fg%2F11h194gkz2!19sChIJBYF6BtwdujMR9RdgUmNhyKE?authuser=0&hl=en&rclk=1,"public wifi in Coron Busuanga, Palawan, Philippines",Coron Busuanga
Skylodge Resort Coron,4.3,(297),998 588 5507,https://wa.me/9985885507,,,Public Wi-Fi,0998 588 5507,http://www.skylodgeresort.com.ph/,,,,12.0032331,120.1965265,https://www.google.com/maps/place/Skylodge+Resort+Coron/data=!4m11!3m10!1s0x33ba1dd64b9e2bdd:0x983e2b83f4e44274!5m3!1s2026-10-31!4m1!1i2!8m2!3d12.0032331!4d120.1965265!16s%2Fg%2F11f6kpcwg_!19sChIJ3SueS9YdujMRdELk9IMrPpg?authuser=0&hl=en&rclk=1,"public wifi in Coron Busuanga, Palawan, Philippines",Coron Busuanga
Cozy Coron inn,4.4,(36),967 085 5495,https://wa.me/9670855495,,,Public Wi-Fi,0967 085 5495,https://www.cozycoroninn.com/,,,,11.9986111,120.2027778,https://www.google.com/maps/place/Cozy+Coron+inn/data=!4m7!3m6!1s0x33ba1d005b6f83e5:0xec9e00bd6ff86ab2!8m2!3d11.9986111!4d120.2027778!16s%2Fg%2F11x128w7lr!19sChIJ5YNvWwAdujMRsmr4b70Anuw?authuser=0&hl=en&rclk=1,"public wifi in Coron Busuanga, Palawan, Philippines",Coron Busuanga
The Funny Lion - Coron,4.7,(926),,,,,Public Wi-Fi,8931 9999,http://thefunnylion.com/,,,,12.0040052,120.1923714,https://www.google.com/maps/place/The+Funny+Lion+-+Coron/data=!4m7!3m6!1s0x33ba1dd7610ba9d3:0x2b53e63dbe05e076!8m2!3d12.0040052!4d120.1923714!16s%2Fg%2F11b73nfd62!19sChIJ06kLYdcdujMRduAFvj3mUys?authuser=0&hl=en&rclk=1,"public wifi in Coron Busuanga, Palawan, Philippines",Coron Busuanga
Kingfisher Park,4.4,(189),916 221 0348,https://wa.me/9162210348,,https://www.facebook.com/KingfisherPark/,Public Wi-Fi,0916 221 0348,https://www.facebook.com/KingfisherPark/,,,,12.0255296,120.1253761,https://www.google.com/maps/place/Kingfisher+Park/data=!4m7!3m6!1s0x33b9f5c59e6a9847:0x35df57a5b7b2488d!8m2!3d12.0255296!4d120.1253761!16s%2Fg%2F11g_w9xc6!19sChIJR5hqnsX1uTMRjUiyt6VX3zU?authuser=0&hl=en&rclk=1,"public wifi in Coron Busuanga, Palawan, Philippines",Coron Busuanga
Coron Bancuang Mansion,4.4,(334),917 144 6725,https://wa.me/9171446725,,,Public Wi-Fi,0917 144 6725,http://www.coronbancuangmansion.com.ph/,,,,12.0029482,120.1991385,https://www.google.com/maps/place/Coron+Bancuang+Mansion/data=!4m7!3m6!1s0x33ba1dd6762c60dd:0xa7434fcb4cf10187!8m2!3d12.0029482!4d120.1991385!16s%2Fg%2F11b6wgdqkh!19sChIJ3WAsdtYdujMRhwHxTMtPQ6c?authuser=0&hl=en&rclk=1,"public wifi in Coron Busuanga, Palawan, Philippines",Coron Busuanga
"Aquilah Homestay, Coron",4.3,(149),917 888 4430,https://wa.me/9178884430,,,Public Wi-Fi,50917 888 4430,https://www.philippineshotels.net/en/hotel/aquilah-homestay.html,,,,12.0033995,120.2010921,"https://www.google.com/maps/place/Aquilah+Homestay,+Coron/data=!4m7!3m6!1s0x33ba1dd58b539b7d:0x8aa2cff16a19cc02!8m2!3d12.0033995!4d120.2010921!16s%2Fg%2F11dzdfhsll!19sChIJfZtTi9UdujMRAswZavHPooo?authuser=0&hl=en&rclk=1","public wifi in Coron Busuanga, Palawan, Philippines",Coron Busuanga
Islanders Inn - Coron,4.1,(63),917 560 7870,https://wa.me/9175607870,,,Public Wi-Fi,0917 560 7870,https://islanderscoron.top/,,,,11.9988385,120.2032661,https://www.google.com/maps/place/Islanders+Inn+-+Coron/data=!4m7!3m6!1s0x33ba1ded03d62427:0x75e60496e87e6a9!8m2!3d11.9988385!4d120.2032661!16s%2Fg%2F11trs4r1b8!19sChIJJyTWA-0dujMRqeaHbklgXgc?authuser=0&hl=en&rclk=1,"public wifi in Coron Busuanga, Palawan, Philippines",Coron Busuanga
Bahay Kawayan Backpackers Inn,4.2,(49),917 731 7172,https://wa.me/9177317172,,,Public Wi-Fi,0917 731 7172,https://hotel-ph.com/,,,,12.0071874,120.1995259,https://www.google.com/maps/place/Bahay+Kawayan+Backpackers+Inn/data=!4m7!3m6!1s0x33ba1e7ecd435729:0x21ef02bdd2ca19a0!8m2!3d12.0071874!4d120.1995259!16s%2Fg%2F11f400dj9t!19sChIJKVdDzX4eujMRoBnK0r0C7yE?authuser=0&hl=en&rclk=1,"public wifi in Coron Busuanga, Palawan, Philippines",Coron Busuanga
Twin Travel Coron Office,3.5,(132),906 660 3788,https://wa.me/9066603788,,,Public Wi-Fi,0906 660 3788,https://twintravelcoron.com/,,,,11.9968817,120.2025153,https://www.google.com/maps/place/Twin+Travel+Coron+Office/data=!4m7!3m6!1s0x33ba1f8071e3e8c5:0x675cf43683ba19f!8m2!3d11.9968817!4d120.2025153!16s%2Fg%2F11f661b0xx!19sChIJxejjcYAfujMRn6E7aEPPdQY?authuser=0&hl=en&rclk=1,"public wifi in Coron Busuanga, Palawan, Philippines",Coron Busuanga
PHONE MART Phone and accessories,5.0,(10),936 923 4979,https://wa.me/9369234979,,,Sim Card,,,,,,12.000006,120.2005051,https://www.google.com/maps/place/PHONE+MART+Phone+and+accessories/data=!4m7!3m6!1s0x33ba1dbc2b3a28d5:0xd53ad4b6b2f87a48!8m2!3d12.000006!4d120.2005051!16s%2Fg%2F11m64rjsqk!19sChIJ1Sg6K7wdujMRSHr4srbUOtU?authuser=0&hl=en&rclk=1,"sim card in Coron Busuanga, Palawan, Philippines",Coron Busuanga
GV Cellphone And Accesories,3.9,(20),,,,,Sim Card,,,,,,11.9977283,120.2049119,https://www.google.com/maps/place/GV+Cellphone+And+Accesories/data=!4m7!3m6!1s0x33ba1daf178d8749:0x6dc58d355f17fe37!8m2!3d11.9977283!4d120.2049119!16s%2Fg%2F11frrrxpsw!19sChIJSYeNF68dujMRN_4XXzWNxW0?authuser=0&hl=en&rclk=1,"sim card in Coron Busuanga, Palawan, Philippines",Coron Busuanga
3B Accessories Shop,5.0,(1),975 713 6189,https://wa.me/9757136189,,,Sim Card,0975 713 6189,,,,,11.9981258,120.2031652,https://www.google.com/maps/place/3B+Accessories+Shop/data=!4m7!3m6!1s0x33ba1d30bab36bf5:0xe083385370c0d407!8m2!3d11.9981258!4d120.2031652!16s%2Fg%2F11m6zfhdd1!19sChIJ9WuzujAdujMRB9TAcFM4g-A?authuser=0&hl=en&rclk=1,"sim card in Coron Busuanga, Palawan, Philippines",Coron Busuanga
Haytek Telecom,3.5,(8),,,,,Sim Card,,,,,,11.9982451,120.2032614,https://www.google.com/maps/place/Haytek+Telecom/data=!4m7!3m6!1s0x33ba1dd3660197e7:0x764b09742c092286!8m2!3d11.9982451!4d120.2032614!16s%2Fg%2F11b8_f4j3l!19sChIJ55cBZtMdujMRhiIJLHQJS3Y?authuser=0&hl=en&rclk=1,"sim card in Coron Busuanga, Palawan, Philippines",Coron Busuanga
Raihana Cellphone Repair and accesoriess,5.0,(18),912 403 3911,https://wa.me/9124033911,,,Sim Card,19 Real St,,,,,11.9981712,120.2036746,https://www.google.com/maps/place/Raihana+Cellphone+Repair+and+accesoriess/data=!4m7!3m6!1s0x33ba1db36a90bfd1:0xcedad5fca12a56a0!8m2!3d11.9981712!4d120.2036746!16s%2Fg%2F11tsxttgr0!19sChIJ0b-QarMdujMRoFYqofzV2s4?authuser=0&hl=en&rclk=1,"sim card in Coron Busuanga, Palawan, Philippines",Coron Busuanga
Number 5 Mini Mart,5.0,(6),,,,,Convenience Store,5 Mini Mart  5,,https://lh3.googleusercontent.com/gps-cs-s/APNQkAHlAde449n9L2NNrwNxL4F29YBqk2-dT15R8ZOAlW2lhClUEBePk_2c6FtgsIsWySjBU-sG9XzaVK5xlaI7XNIOyIH2uJVfz8p5AGLvpfS9rwbcs0lstlqjsCiR3QjgbT_0qmW12buv-pWZ=w1600-h1200-k-no,,,12.0008954,120.2007074,https://www.google.com/maps/place/Number+5+Mini+Mart/data=!4m7!3m6!1s0x33ba1d005311f7e9:0x26086515762a5fa9!8m2!3d12.0008954!4d120.2007074!16s%2Fg%2F11yzpdcr77!19sChIJ6fcRUwAdujMRqV8qdhVlCCY?authuser=0&hl=en&rclk=1,"convenience store in Coron Busuanga, Palawan, Philippines",Coron Busuanga
JuanBoy Mini Mart,5.0,(2),966 144 2963,https://wa.me/9661442963,,,Convenience Store,,,https://lh3.googleusercontent.com/gps-cs-s/APNQkAGUnoqinBi_WeebT0q7vqv5Q9WS8vrfVs_mPLBiExeDGvhTs5K1iBsNcUp9K0WRP7L-3bpZXHyR_YldkPsI1G-2B2xPkIraoG6K_9e745TOy3KSlxfQZD0bry4kOPSRuo5mxNrlWQ=w1600-h1200-k-no,,,12.0001956,120.2063681,https://www.google.com/maps/place/JuanBoy+Mini+Mart/data=!4m7!3m6!1s0x33ba1d00771d3085:0xc90bc02aec4c7148!8m2!3d12.0001956!4d120.2063681!16s%2Fg%2F11vqcxtbxk!19sChIJhTAddwAdujMRSHFM7CrAC8k?authuser=0&hl=en&rclk=1,"convenience store in Coron Busuanga, Palawan, Philippines",Coron Busuanga
Panda House Grocery,4.0,(72),,,,,Convenience Store,,,https://lh3.googleusercontent.com/gps-cs-s/APNQkAE3VUDkrWsTK7mBYiXw5rLaqFqWD--t28dWEpfYQ-n1gai94snVlpsjbsblxerY6JqyxgliFxFwM_o1D_HGVTh8VEKXK1RPTXcAEpz2hlk78wgzJ5DnAYvJhBueNju5poFeFH8=w1600-h1200-k-no,,,11.9993807,120.2075694,https://www.google.com/maps/place/Panda+House+Grocery/data=!4m7!3m6!1s0x33ba1dd6f5435863:0x53f20ce948930208!8m2!3d11.9993807!4d120.2075694!16s%2Fg%2F11qmr95j20!19sChIJY1hD9dYdujMRCAKTSOkM8lM?authuser=0&hl=en&rclk=1,"convenience store in Coron Busuanga, Palawan, Philippines",Coron Busuanga
Tropicasa Mini-Mart,5.0,(4),908 279 0368,https://wa.me/9082790368,,,Convenience Store,0908 279 0368,,https://lh3.googleusercontent.com/gps-cs-s/APNQkAHBNUgklpK5qIQYdaX4f3U9JlsMAjqc11rnuEbq-r_lRbEfEgXONdwxIhF1uxr8nQTHRIGYWtBd9IOGSF_FRcksJ52Pt1XkYwEe6sMvcEIElPVchrfJrIiw2Gx_SEbo5-dx_97PwkAO3SUR=w1600-h1200-k-no,,,12.0020467,120.1993421,https://www.google.com/maps/place/Tropicasa+Mini-Mart/data=!4m7!3m6!1s0x33ba1d633d40ae17:0xa6e8c1fd8cd9e38c!8m2!3d12.0020467!4d120.1993421!16s%2Fg%2F11lykvb91c!19sChIJF65APWMdujMRjOPZjP3B6KY?authuser=0&hl=en&rclk=1,"convenience store in Coron Busuanga, Palawan, Philippines",Coron Busuanga
Coronthians Convenience Store,4.0,(2),,,,,Convenience Store,23 Don Pedro St,,https://lh3.googleusercontent.com/gps-cs-s/APNQkAE_hPv0Pk09dihSyrVO53BjDtbE6WaecxQvSGIa5tH0Xkn_CpAIy-W0gt_RDYTNrHH7oPe9HmT6WsTTxXWOX1bYwtdN3gAhLBdzGMwwbqtm5PiNMg0hBbVQMb-jmjbRVYn52Zk=w1600-h1200-k-no,,,11.9976014,120.2032211,https://www.google.com/maps/place/Coronthians+Convenience+Store/data=!4m7!3m6!1s0x33ba1d8eff99f159:0x665395d8660743c!8m2!3d11.9976014!4d120.2032211!16s%2Fg%2F11gjjybl28!19sChIJWfGZ_44dujMRPHRghl05ZQY?authuser=0&hl=en&rclk=1,"convenience store in Coron Busuanga, Palawan, Philippines",Coron Busuanga
AJ Mini Mart,3.7,(12),,,,,Convenience Store,,,https://lh3.googleusercontent.com/gps-cs-s/APNQkAHc1JptmSbuNZSA9hswqyQkzq3cOXS-vOKI8Uan2wjIXHaPjtbKMIu_X1nem3mTPgL8LNWWQKhsnsjdO5tQBUx4wi2u5qn_5dPAvTiw1YyohAa67JKbBahTgerl88h6vooxY7IO=w1600-h1200-k-no,,,11.9995313,120.2034626,https://www.google.com/maps/place/AJ+Mini+Mart/data=!4m7!3m6!1s0x33ba1d5b7e47a765:0x570033b5edd774fa!8m2!3d11.9995313!4d120.2034626!16s%2Fg%2F11sx3r9t7k!19sChIJZadHflsdujMR-nTX7bUzAFc?authuser=0&hl=en&rclk=1,"convenience store in Coron Busuanga, Palawan, Philippines",Coron Busuanga
Quiambao Store,5.0,(1),,,,,Convenience Store,,,https://lh3.googleusercontent.com/gps-cs-s/APNQkAEanLAQB5eQsE4OxGw_GKXP3z0sTN58tvGsKkycrFWrxvH7CkYhqp5jjJR3Qe6p0jPaFgD3UqPYB91z5GIaM1hsBeZ2SMOKG1DkuvTa2I1pdpxkB97L-SCe4-AOHPulMxGnC0CB=w1600-h1200-k-no,,,12.0099245,120.2262196,https://www.google.com/maps/place/Quiambao+Store/data=!4m7!3m6!1s0x33ba1f12cb26e78f:0x980d8dc25f6b64a!8m2!3d12.0099245!4d120.2262196!16s%2Fg%2F11h1s81b7z!19sChIJj-cmyxIfujMRSrb2JdzYgAk?authuser=0&hl=en&rclk=1,"convenience store in Coron Busuanga, Palawan, Philippines",Coron Busuanga
Mopya,4.5,(4),,,,,Convenience Store,,,https://lh3.googleusercontent.com/gps-cs-s/APNQkAGRhzPql-0DPKwf73ZhVpiHPIYJLMW1sCStA_pMAYvI1wiOecVnjNYh-KpBJ33Xs4BRVd6AmXp1DBnexqnnxqrUNi3qPaV7saHIWYjyx0SpQqif-AKq-dxijH90-Q5GEJb083w=w1600-h1200-k-no,,,12.0198677,120.1868696,https://www.google.com/maps/place/Mopya/data=!4m7!3m6!1s0x33ba1fbcdad911e1:0x66cde1c7988d3714!8m2!3d12.0198677!4d120.1868696!16s%2Fg%2F11sx4__90p!19sChIJ4RHZ2rwfujMRFDeNmMfhzWY?authuser=0&hl=en&rclk=1,"convenience store in Coron Busuanga, Palawan, Philippines",Coron Busuanga
Sheryl Store,5.0,(9),,,,,Convenience Store,,,https://lh3.googleusercontent.com/gps-cs-s/APNQkAHhpvVRRmCuJv_fn8nHMGLIXbYRvyklyh_AOBTpSqhVUiJv7t3lZqkgiQW_rjN7Im88vXB4ptUj3MaCsHNmrK0426-RVvnf251T68emQsck-1u7s-vu01pGBo6ecOEulN1yR8_mmw_8HCDX=w1600-h1200-k-no,,,12.0001331,120.2012648,https://www.google.com/maps/place/Sheryl+Store/data=!4m7!3m6!1s0x33ba1dd9bde57f2d:0x43cfcbaa332ddc97!8m2!3d12.0001331!4d120.2012648!16s%2Fg%2F11jn61xd69!19sChIJLX_lvdkdujMRl9wtM6rLz0M?authuser=0&hl=en&rclk=1,"convenience store in Coron Busuanga, Palawan, Philippines",Coron Busuanga
NB catapang store,5.0,(3),,,,,Convenience Store,,,https://lh3.googleusercontent.com/gps-cs-s/APNQkAFGXvOXLfYEL6FylmVL7NoyzKuzMQ0gN4NP39AdpHVKebk_KYH6MI6CnUsaxelXLnQe_0lgDBMzqu-X7v00Eg2y36ZGPcrqIzLgRAAbjY73SJe5XCwjIOWXUgur2Ztk8vMlsFN9Kw=w1600-h1200-k-no,,,11.9970038,120.2030347,https://www.google.com/maps/place/NB+catapang+store/data=!4m7!3m6!1s0x33ba1dffdc0181a3:0xac8d6b1ef6233aae!8m2!3d11.9970038!4d120.2030347!16s%2Fg%2F11hz6shn43!19sChIJo4EB3P8dujMRrjoj9h5rjaw?authuser=0&hl=en&rclk=1,"convenience store in Coron Busuanga, Palawan, Philippines",Coron Busuanga
3J STORE,4.9,(9),,,,,Convenience Store,,,https://lh3.googleusercontent.com/gps-cs-s/APNQkAHbkmtff_VrpR189HDbutFzj7aj_cxitcnOHP5vesfk3T06HSt0y-e0Fa0O4t9MMYbQKtXWExFbsgo-KUqmx0MeJMGHvd9eRD4ZcgUylECYudTaNVT5cD2K2Bl7UdG-WZuAJeKHsQ=w1600-h1200-k-no,,,12.03871,120.1679165,https://www.google.com/maps/place/3J+STORE/data=!4m7!3m6!1s0x33ba1fa773e4b0b1:0x5b5bc7b9404b138e!8m2!3d12.03871!4d120.1679165!16s%2Fg%2F11rmsxyy7p!19sChIJsbDkc6cfujMRjhNLQLnHW1s?authuser=0&hl=en&rclk=1,"convenience store in Coron Busuanga, Palawan, Philippines",Coron Busuanga
NaThania Grocery,4.2,(5),,,,,Convenience Store,,,https://lh3.googleusercontent.com/gps-cs-s/APNQkAH44DVx1bttdbMCjPYyGTtyCfre-pBHTuxDLy10paAx4LoYb6s-fVlOjjhz25PAAz06rj0u2D3LM0Dk8iqTfhxYmE6Q-gJFeONp_zfAlwGlbhfbRAp46SDSffHyJyqiIN97Otx3HQ=w1600-h1200-k-no,,,11.9979627,120.2065475,https://www.google.com/maps/place/NaThania+Grocery/data=!4m7!3m6!1s0x33ba1d23e7ec3dcf:0x40d23004a9d7cf37!8m2!3d11.9979627!4d120.2065475!16s%2Fg%2F11lkc_m74_!19sChIJzz3s5yMdujMRN8_XqQQw0kA?authuser=0&hl=en&rclk=1,"convenience store in Coron Busuanga, Palawan, Philippines",Coron Busuanga
RRIBB General Merchandise,4.0,(50),,,,,Convenience Store,,,https://lh3.googleusercontent.com/gps-cs-s/APNQkAECVHX1MHVIKFSHYm6uC1dgwDVJVrAeo2ETVRofCmLBidJ2STbTJWBVAFy7EahTV3RML4RHJMXw2zRqxAyvgpQrjnE4cwLMz-Tk7INEuCJf5ZuGrZn-BsAtzaX1LRqm9zedfhcJ=w1600-h1200-k-no,,,11.997262,120.2041201,https://www.google.com/maps/place/RRIBB+General+Merchandise/data=!4m7!3m6!1s0x33ba1d58c3dc6ddf:0x58f147bd6bc43f65!8m2!3d11.997262!4d120.2041201!16s%2Fg%2F11f77b7kgy!19sChIJ323cw1gdujMRZT_Ea71H8Vg?authuser=0&hl=en&rclk=1,"convenience store in Coron Busuanga, Palawan, Philippines",Coron Busuanga
Matcharap Minimart & Cafe,3.7,(17),,,,,Convenience Store,,,https://lh3.googleusercontent.com/gps-cs-s/APNQkAE3c5N_f5j2msvVDXJ89S-AhulBlJmys7LspgR-yLB9WSqodHfLATHB3f9N_tJBN_60X-BmIskKa3RaRvEjlHevY8iVLNLQkz56wvaGQ4o3CLfyohdCK373jgnDjbTfv8VP1lLjmw=w1600-h1200-k-no,,,11.9986128,120.202782,https://www.google.com/maps/place/Matcharap+Minimart+%26+Cafe/data=!4m7!3m6!1s0x33ba1d4b44954289:0x810e070eb5631139!8m2!3d11.9986128!4d120.202782!16s%2Fg%2F11h7rpz0vf!19sChIJiUKVREsdujMRORFjtQ4HDoE?authuser=0&hl=en&rclk=1,"convenience store in Coron Busuanga, Palawan, Philippines",Coron Busuanga
R. Cataylo Store,5.0,(1),,,,,Convenience Store,,,https://lh3.googleusercontent.com/gps-cs-s/APNQkAHPedYL9SE5uhVFYoL6H2jkx3en8aqtNw_jNV9yvHaPEo4B6Nx3-MyCbwDwwIzYnqeAnchYRfjLJC16t0leG5QPbd-jZGtRYxJYlZGUvyxghYc_FEiMAQ8rrCfB11xMK3uWZ6I7=w1600-h1200-k-no,,,11.9998362,120.2014327,https://www.google.com/maps/place/R.+Cataylo+Store/data=!4m7!3m6!1s0x33ba1dee68d2efe7:0xab4ddda5e610f749!8m2!3d11.9998362!4d120.2014327!16s%2Fg%2F11vk_sjnch!19sChIJ5-_SaO4dujMRSfcQ5qXdTas?authuser=0&hl=en&rclk=1,"convenience store in Coron Busuanga, Palawan, Philippines",Coron Busuanga
Michaela's Store,5.0,(3),,,,,Convenience Store,,,https://lh3.googleusercontent.com/gps-cs-s/APNQkAFXm5wD7u8bjU5AJvS2yXtlw5bMhdAqH14qOX2TCvpNJV_b40nbG5sa_kSROGKWWAplCcmlaKMo39Bk8BDsyyEl99Pm5hxsDs8_mQinHZ482nX10tNWB1DMjb5ceI4xc-WMN2Lw=w1600-h1200-k-no,,,11.9963831,120.2125494,https://www.google.com/maps/place/Michaela%27s+Store/data=!4m7!3m6!1s0x33ba1d3b2f47b603:0xe7d4f4bec3d38907!8m2!3d11.9963831!4d120.2125494!16s%2Fg%2F11sm725nzz!19sChIJA7ZHLzsdujMRB4nTw7701Oc?authuser=0&hl=en&rclk=1,"convenience store in Coron Busuanga, Palawan, Philippines",Coron Busuanga
Benjie Store,5.0,(1),,,,,Convenience Store,,,https://streetviewpixels-pa.googleapis.com/v1/thumbnail?panoid=20eMfW1_MqtblDGNYdf2nA&cb_client=search.gws-prod.gps&w=80&h=92&yaw=272.87485&pitch=0&thumbfov=100,,,11.9975126,120.2127059,https://www.google.com/maps/place/Benjie+Store/data=!4m7!3m6!1s0x33ba1d007b896d5f:0x525b11b44e088dc6!8m2!3d11.9975126!4d120.2127059!16s%2Fg%2F11xgfgp41v!19sChIJX22JewAdujMRxo0ITrQRW1I?authuser=0&hl=en&rclk=1,"convenience store in Coron Busuanga, Palawan, Philippines",Coron Busuanga
727 Wholesale & Retail,5.0,(1),954 112 9114,https://wa.me/9541129114,,,Convenience Store,727 Wholesale,,https://lh3.googleusercontent.com/gps-cs-s/APNQkAEaNOy3C16DBUMXc8o2WDU_yGsSqAuk5nd1bfHvj0QwnBvZdIynKmeYY-3OfncDfyCkTIAJhms87GexKQkWLcdgHgMgrnQV9VEM4L0liEtUMgNaD8zI9pTCA4Zu3GibAzbisYFt=w1600-h1200-k-no,,,11.9987125,120.2035156,https://www.google.com/maps/place/727+Wholesale+%26+Retail/data=!4m7!3m6!1s0x33ba1d26378f2845:0x99fd1a6a6b1b131d!8m2!3d11.9987125!4d120.2035156!16s%2Fg%2F11vhh8146b!19sChIJRSiPNyYdujMRHRMba2oa_Zk?authuser=0&hl=en&rclk=1,"convenience store in Coron Busuanga, Palawan, Philippines",Coron Busuanga
Three A Sari-Sari Store,5.0,(1),,,,,Convenience Store,,,https://lh3.googleusercontent.com/gps-cs-s/APNQkAF2FOB9anwF4EYkl2EUA1OMePHP-xAmo4mqaybyCQtUHSFIw9w4s6O9SyOZwdSFynLrqdvr0uy9Yu8pwVT4MkePfY5fV3QO6J95Ys6_HAxaXsorc-8nNKve9Jl263khFKhn6tQ=w1600-h1200-k-no,,,11.9987623,120.2090429,https://www.google.com/maps/place/Three+A+Sari-Sari+Store/data=!4m7!3m6!1s0x33ba1d01665a7899:0x92c147c4563905b6!8m2!3d11.9987623!4d120.2090429!16s%2Fg%2F11pxmy7twk!19sChIJmXhaZgEdujMRtgU5VsRHwZI?authuser=0&hl=en&rclk=1,"convenience store in Coron Busuanga, Palawan, Philippines",Coron Busuanga
Aplaya Souvenirs - Coron Brgy 4,4.9,(97),917 318 5538,https://wa.me/9173185538,,,Convenience Store,4  4,,https://lh3.googleusercontent.com/gps-cs-s/APNQkAHOQJK3Rj7qubJbGYGcxhoAp_Uz9DYXxeWN1bcXJVydCpBR-OhRAb_eLC-iPIzcC3PXOAnwRz0M6iN7GhU1Wqm-w9S9WDF_FR-UWvwt2sZ6lF5XOLSyVWzCJcbevY01ZIMzNvVX5XapyLoB=w1600-h1200-k-no,,,11.9988492,120.2033113,https://www.google.com/maps/place/Aplaya+Souvenirs+-+Coron+Brgy+4/data=!4m7!3m6!1s0x33b9f560c4b44dbf:0x1f475cf7e9b74e3a!8m2!3d11.9988492!4d120.2033113!16s%2Fg%2F11y2spsk5j!19sChIJv020xGD1uTMROk636fdcRx8?authuser=0&hl=en&rclk=1,"convenience store in Coron Busuanga, Palawan, Philippines",Coron Busuanga
AMOS NATURE CAFÉ – CORON ROADSIDE CAFÉ,4.9,(56),906 566 5927,https://wa.me/9065665927,,,Convenience Store,0906 566 5927,,https://lh3.googleusercontent.com/gps-cs-s/APNQkAE7K9s8_laVrwQimE_YXHGpM8yfX_37kMS1DZzj5UFhFyciCKOXXeQQLLARJjQymsA91f6zm7nrzeO4U2sZaGINc6kksyL1yDJxiSjdYf77viH0jdQflMSUCTOgQO0sak43gjTtLV48hjDh=w1600-h1200-k-no,,,12.035865,120.126203,https://www.google.com/maps/place/AMOS+NATURE+CAF%C3%89+%E2%80%93+CORON+ROADSIDE+CAF%C3%89/data=!4m7!3m6!1s0x33b9f500294ac479:0xfcf41a155b8a008f!8m2!3d12.035865!4d120.126203!16s%2Fg%2F11myt_f62j!19sChIJecRKKQD1uTMRjwCKWxUa9Pw?authuser=0&hl=en&rclk=1,"convenience store in Coron Busuanga, Palawan, Philippines",Coron Busuanga
Coron Souvenirs & Gift Shop,4.3,(184),,,,,Convenience Store,,,https://lh3.googleusercontent.com/gps-cs-s/APNQkAGd3GcWp_d2lc9jSzLEQ3TU0yKrzqPlgWfGUAlSa7O8NlUsSyxY5sRIVwKts46ajD_B8auHHHIzlhgc3_gq_mJmGKYZguN01p2-UtUhgTQgGCv5c24YBMnu89GlgGNqsgl2rsr5=w1600-h1200-k-no,,,12.0013961,120.2002747,https://www.google.com/maps/place/Coron+Souvenirs+%26+Gift+Shop/data=!4m7!3m6!1s0x33ba1dd5d322e64f:0xe510430fe3c97c2c!8m2!3d12.0013961!4d120.2002747!16s%2Fg%2F11g6ngttpt!19sChIJT-Yi09UdujMRLHzJ4w9DEOU?authuser=0&hl=en&rclk=1,"convenience store in Coron Busuanga, Palawan, Philippines",Coron Busuanga
Shantal store,5.0,(2),975 116 8644,https://wa.me/9751168644,,,Convenience Store,0975 116 8644,,https://lh3.googleusercontent.com/gps-cs-s/APNQkAF-Mbf00n6KUQr5QjpnMEnKe-QIxUt-Hv28XYSpwgf9q2jAaPGUhnE2CRkqen_NTExNCbr_VK2g6tDoXBE0Wmgm-oZz3CFaWmXsXJjf3Yd2-w_zKkcQLUQg8YDu1RFOr4dOQDqAZrYafTNG=w1600-h1200-k-no,,,12.0130485,120.1947477,https://www.google.com/maps/place/Shantal+store/data=!4m7!3m6!1s0x33ba1f001012cce7:0xf385618dd409ea03!8m2!3d12.0130485!4d120.1947477!16s%2Fg%2F11xggfxv2h!19sChIJ58wSEAAfujMRA-oJ1I1hhfM?authuser=0&hl=en&rclk=1,"convenience store in Coron Busuanga, Palawan, Philippines",Coron Busuanga
Anson 101 General Merchandise Shop,3.9,(17),,,,,Convenience Store,101 General Merchandise Shop  3,,https://lh3.googleusercontent.com/gps-cs-s/APNQkAF1CtB6ulv4m-iBgjpvRgeC83Z8Dd1u8QQaoH_07nYSZqci6Bc7RXDsDSH0oW59Mg85LfHvIonfDFu_hkdJZnJqVlzEpKqizc1YHSgdamRcEtdc_8Rk0X0v51S_JRg_Cj-0blYx=w1600-h1200-k-no,,,11.9995227,120.2084579,https://www.google.com/maps/place/Anson+101+General+Merchandise+Shop/data=!4m7!3m6!1s0x33ba1c2ba3bab04f:0x8db5ea84dd8dc895!8m2!3d11.9995227!4d120.2084579!16s%2Fg%2F11f4qysqm4!19sChIJT7C6oyscujMRlciN3YTqtY0?authuser=0&hl=en&rclk=1,"convenience store in Coron Busuanga, Palawan, Philippines",Coron Busuanga
FRESH N UP,4.3,(12),,,,,Convenience Store,,,https://lh3.googleusercontent.com/gps-cs-s/APNQkAGfAzBn0z1dholKs8ySZDjRYcET7jdKxoeFMIY2FH8lgVSiqqwo2iNscSfT0NgujHkU95gGHxEPMh80U3QHuGVIY4_9S3sw35OrOCbCBzAbx4CFasKM5qqhpS0cqg5jAtiEgdA8Kvdb7_I=w1600-h1200-k-no,,,11.996298,120.2016798,https://www.google.com/maps/place/FRESH+N+UP/data=!4m7!3m6!1s0x33ba1de52cf1e55f:0xdf53eff3c36b950!8m2!3d11.996298!4d120.2016798!16s%2Fg%2F11y3jmmvdc!19sChIJX-XxLOUdujMRULk2PP8-9Q0?authuser=0&hl=en&rclk=1,"convenience store in Coron Busuanga, Palawan, Philippines",Coron Busuanga
Aplaya Souvenirs - Coron Brgy 5,4.5,(44),917 318 5538,https://wa.me/9173185538,,,Convenience Store,5  4,,https://lh3.googleusercontent.com/gps-cs-s/APNQkAFKeBAdrAFvPZX9-aepVJgvKC_FRWGXONQCcJSQnAiFar4OSiJPZe2h6K3SgaeoWYSYv9rq70NXZMgD5i1-JJv10yrnvRz19svP-s4BWSyIPlPJV-VnzYMkR_iOo2k_RKcg79JsSbxu__be=w1600-h1200-k-no,,,11.999691,120.2016983,https://www.google.com/maps/place/Aplaya+Souvenirs+-+Coron+Brgy+5/data=!4m7!3m6!1s0x33ba1ddefc4ec63d:0xfe61708d75d3116d!8m2!3d11.999691!4d120.2016983!16s%2Fg%2F11yd0p15vy!19sChIJPcZO_N4dujMRbRHTdY1wYf4?authuser=0&hl=en&rclk=1,"convenience store in Coron Busuanga, Palawan, Philippines",Coron Busuanga
Froco. Coron,4.6,(44),,,,,Convenience Store,,,https://lh3.googleusercontent.com/gps-cs-s/APNQkAGAi2wW--VhjER7xyXSNWj1zuSGmamFfq2FktHjnVCuoq9-9qubiOWBBSTXHrfpNXJ4EKJNIi_uOqH9DTIzK4cX-lqslCdxAxHoi9BIhS4P5m-H1e2OhEerFb-EH7LSDMnXBTPX=w1600-h1200-k-no,,,11.9979703,120.2038868,https://www.google.com/maps/place/Froco.+Coron/data=!4m7!3m6!1s0x33ba1d007a6299ab:0x1879318efca16aa5!8m2!3d11.9979703!4d120.2038868!16s%2Fg%2F11y4bw1qxk!19sChIJq5liegAdujMRpWqh_I4xeRg?authuser=0&hl=en&rclk=1,"convenience store in Coron Busuanga, Palawan, Philippines",Coron Busuanga
B.O.G.'s Coffee,3.8,(15),,,,,Convenience Store,,,https://lh3.googleusercontent.com/gps-cs-s/APNQkAGejYTANnx8fHRPfxZVWfYjREBG17Y9JdnrjeWyA7W1uJJBWNdf3j20s1bM0tuvpGqeHKo64oH_6tfCm5Wsulc3slrzjrOPLnlgImxpGCXcDJ3fTs1ysmA61W1u9G5Ne7Fm6OnM=w1600-h1200-k-no,,,11.9986457,120.2036893,https://www.google.com/maps/place/B.O.G.%27s+Coffee/data=!4m7!3m6!1s0x33ba1c2b52375023:0x3e82d203d1332d2f!8m2!3d11.9986457!4d120.2036893!16s%2Fg%2F1hdz4yvmr!19sChIJI1A3UiscujMRLy0z0QPSgj4?authuser=0&hl=en&rclk=1,"convenience store in Coron Busuanga, Palawan, Philippines",Coron Busuanga
Avocadoria Coron,5.0,(12),921 749 0583,https://wa.me/9217490583,,,Convenience Store,0921 749 0583,https://www.google.com/searchviewer/42?cvd=CLw_EicKJeICIjIgEhkiF9LX29IPEQoNL2cvMTF5a2tnejExNhgBOgMI8A0%3D&hl=en-PH&gl=ph&fo_m=MfohQo559jFvMUOzJVpjPL1YMfZ3bInYwBDuMfaXTPp5KXh-&utm_source=tactile&gei=hJEmarX2EfDK2roPw4S-6AE&ei=hJEmarX2EfDK2roPw4S-6AE&fo_s=OA&opi=79508299&orderType=1&ebb=1&cs=0&foub=mcpp,https://lh3.googleusercontent.com/gps-cs-s/APNQkAHC1nNVUhMvW0l7Wlf5VrW8n6bYhDBsAPVcbolbzA-cLC_NeEEJk0w1wq9ZBHYsNDM_hg6y2u_eQby_0Gcs1MXULK4uaWbPkOXGx45UBA3jxFIlf8TitK3LsCwxmqsepvZ6g2wyFRB1OuxL=w1600-h1200-k-no,,,12.0013577,120.2003716,https://www.google.com/maps/place/Avocadoria+Coron/data=!4m7!3m6!1s0x33ba1dc71988231b:0x6d0ca97829431f82!8m2!3d12.0013577!4d120.2003716!16s%2Fg%2F11ykkgz116!19sChIJGyOIGccdujMRgh9DKXipDG0?authuser=0&hl=en&rclk=1,"convenience store in Coron Busuanga, Palawan, Philippines",Coron Busuanga
The Hideout,4.5,(10),,,,,Convenience Store,110 pesos for a 22 oz,,https://lh3.googleusercontent.com/gps-cs-s/APNQkAHWv9aYWGzH3A1af8T8wNfXPHlAAAccSYrXaVg-Y09DCvzRSwTGaZK2ij0efyoBCdzU-RkBhsHGoCFsxpazo1ClIp7gU9FZBHwwTCEBSGX0oJha4qrWd-LL4ONdH88Rb3BmnyL_=w1600-h1200-k-no,,,11.9971517,120.2058885,https://www.google.com/maps/place/The+Hideout/data=!4m7!3m6!1s0x33ba1d0069a36e7d:0x2c633b35fb76270!8m2!3d11.9971517!4d120.2058885!16s%2Fg%2F11wbz9dvlr!19sChIJfW6jaQAdujMRcGK3X7MzxgI?authuser=0&hl=en&rclk=1,"convenience store in Coron Busuanga, Palawan, Philippines",Coron Busuanga
KHESSH ZYRILLE,5.0,(1),,,,,Convenience Store,,,https://streetviewpixels-pa.googleapis.com/v1/thumbnail?panoid=vtlN3mcSvR7AEcGEDOAQYw&cb_client=search.gws-prod.gps&w=80&h=92&yaw=319.85083&pitch=0&thumbfov=100,,,11.9999154,120.2097795,https://www.google.com/maps/place/KHESSH+ZYRILLE/data=!4m7!3m6!1s0x33ba1de01d882ae5:0x38149bdf2b186db0!8m2!3d11.9999154!4d120.2097795!16s%2Fg%2F11hdy4m1hg!19sChIJ5SqIHeAdujMRsG0YK9-bFDg?authuser=0&hl=en&rclk=1,"convenience store in Coron Busuanga, Palawan, Philippines",Coron Busuanga
Kierstine Bakeshop - Coron,4.7,(43),,,,,Convenience Store,,,https://lh3.googleusercontent.com/gps-cs-s/APNQkAHTSVPF5AmcJvsXPwYJX6D1zW5WVzDegvOJJbPrxReP3lxLLBnsvyNwcdG3f27TrB5ERDXbbjvSyUz6Hq2O93b3bSgIWByvk8WiGvfyWPAQnk83gfcIOW-TqN-eEs09cf3ajpCtGQ=w1600-h1200-k-no,,,11.9979218,120.2048429,https://www.google.com/maps/place/Kierstine+Bakeshop+-+Coron/data=!4m7!3m6!1s0x33ba1db0e4d6be5b:0xf9bc2dace7ce3917!8m2!3d11.9979218!4d120.2048429!16s%2Fg%2F11l389w0fs!19sChIJW77W5LAdujMRFznO56wtvPk?authuser=0&hl=en&rclk=1,"convenience store in Coron Busuanga, Palawan, Philippines",Coron Busuanga
Papa's Meat and Deli,4.7,(17),969 242 3717,https://wa.me/9692423717,,,Convenience Store,0969 242 3717,,https://lh3.googleusercontent.com/gps-cs-s/APNQkAEvQNMd_XEzmwuYyj4e4mD9M23KDgfFxx675RUm8mTnaHFFlXm-ovqc2BjiLqOZR0Ydwbr0KcVqVHYQDSWY9Ktyo2x4SP6mbFdZk-tsgOnMvJi5LeyMoJ8fXFy31rd4KLBPYZ24=w1600-h1200-k-no,,,11.9984152,120.2039254,https://www.google.com/maps/place/Papa%27s+Meat+and+Deli/data=!4m7!3m6!1s0x33ba1df6843f816f:0xaee47d7faae7158d!8m2!3d11.9984152!4d120.2039254!16s%2Fg%2F11qb3zc07r!19sChIJb4E_hPYdujMRjRXnqn995K4?authuser=0&hl=en&rclk=1,"convenience store in Coron Busuanga, Palawan, Philippines",Coron Busuanga
Carlo's Cuisine,5.0,(1),,,,,Convenience Store,,,https://streetviewpixels-pa.googleapis.com/v1/thumbnail?panoid=P5Sz4h0U6JiXCLVSNQcQOA&cb_client=search.gws-prod.gps&w=80&h=92&yaw=86.91287&pitch=0&thumbfov=100,,,12.0038511,120.2012708,https://www.google.com/maps/place/Carlo%27s+Cuisine/data=!4m7!3m6!1s0x33ba1d6ea9f45cf7:0xe086dcd579f9e3a8!8m2!3d12.0038511!4d120.2012708!16s%2Fg%2F11swdj2dhk!19sChIJ91z0qW4dujMRqOP5edXchuA?authuser=0&hl=en&rclk=1,"convenience store in Coron Busuanga, Palawan, Philippines",Coron Busuanga
ECO Cashew & Souvenir,3.8,(4),977 363 0974,https://wa.me/9773630974,,,Convenience Store,0977 363 0974,,https://lh3.googleusercontent.com/gps-cs-s/APNQkAGin8cLBuhGr-4U8GWuCGugMb8fIWpkcmnHum9E3qut0gM2NOSes6ROUfovG9J1OSQtWRZc4y47_VM63Ry0YVUNL6UB6KbPzLrbdgcSbea-ooMq2duc58armMnsBawel1wezJhH=w1600-h1200-k-no,,,11.9975776,120.2041873,https://www.google.com/maps/place/ECO+Cashew+%26+Souvenir/data=!4m7!3m6!1s0x33ba1dd345dc556f:0x770ccf6683c9c04!8m2!3d11.9975776!4d120.2041873!16s%2Fg%2F11dz56h5z4!19sChIJb1XcRdMdujMRBJw8aPbMcAc?authuser=0&hl=en&rclk=1,"convenience store in Coron Busuanga, Palawan, Philippines",Coron Busuanga
souvenir shop whole sale and retail (cheapest Price ),4.8,(5),953 630 3139,https://wa.me/9536303139,,,Convenience Store,0953 630 3139,,https://lh3.googleusercontent.com/gps-cs-s/APNQkAHU9Nlj2ZQR-ypbw4onIUvqygjp3f_S8aCFlJAihGLq1P7WXsMcQTfeCH1jb9FOXPD9RLDozzu8RK62-ThF7N-OQBqo9dTZfWfyYCQ2pwhMokJUiPp9FUtKO1SiadvI7DjowaQKBg=w1600-h1200-k-no,,,12.0010124,120.2008695,https://www.google.com/maps/place/souvenir+shop+whole+sale+and+retail+%28cheapest+Price+%29/data=!4m7!3m6!1s0x33ba1d00546b5909:0xd8af88d7bb2f3c1e!8m2!3d12.0010124!4d120.2008695!16s%2Fg%2F11y4bqttds!19sChIJCVlrVAAdujMRHjwvu9eIr9g?authuser=0&hl=en&rclk=1,"convenience store in Coron Busuanga, Palawan, Philippines",Coron Busuanga
Coron palawan,5.0,(1),,,,,Convenience Store,,,https://lh3.googleusercontent.com/gps-cs-s/APNQkAGi4rHop4H0ef4dVwQs3xC7cjhjCe8F4ur0XsUUASrbAQIySzB5U9UebnhPnrAaoX50cUTXXzEWwCNGzqhUNtNG_Nn_850ILHfFNaPdjRcfgzbN9i0fgHPa_aF4ilX6iThlX26B33cGdXbU=w1600-h1200-k-no,,,11.9972449,120.2029972,https://www.google.com/maps/place/Coron+palawan/data=!4m7!3m6!1s0x33ba1d0024eaa38d:0xee46a3ba648e9c61!8m2!3d11.9972449!4d120.2029972!16s%2Fg%2F11wnn99z7h!19sChIJjaPqJAAdujMRYZyOZLqjRu4?authuser=0&hl=en&rclk=1,"convenience store in Coron Busuanga, Palawan, Philippines",Coron Busuanga
Manukan ng bayan-coron,5.0,(3),977 625 1725,https://wa.me/9776251725,,,Convenience Store,1 national highway,,https://lh3.googleusercontent.com/gps-cs-s/APNQkAHOp36Qqt6smsypLrFNTzmhZnyOg-XBssZqAYwY4WJpY5lliwfD6OaqCw6KejE9iNGBGz9QdG8BbPcp-CSI1qaRKDk1VtrZg_sLkFbdG56jwlCXeff6zjPF2s1HFHZwrbWauNwu6quDs6U3=w1600-h1200-k-no,,,11.9994676,120.2077423,https://www.google.com/maps/place/Manukan+ng+bayan-coron/data=!4m7!3m6!1s0x33ba1de33b16b57f:0x4f2493e122ab53b2!8m2!3d11.9994676!4d120.2077423!16s%2Fg%2F11s8_7zc1v!19sChIJf7UWO-MdujMRslOrIuGTJE8?authuser=0&hl=en&rclk=1,"convenience store in Coron Busuanga, Palawan, Philippines",Coron Busuanga
Don Macchiatos Coron,4.6,(21),929 101 3749,https://wa.me/9291013749,,,Convenience Store,0929 101 3749,,https://lh3.googleusercontent.com/gps-cs-s/APNQkAEhHKBoyK3sjzFg_cTOzIJWRgCJVIX2fu6PoNSqPg-rjPgPTKXR-JNRTFo3ipbZuMFQ10W10rbCEjHiVBYI60rUPaws6aEr8gOjzNO6e6807SjPcWb-DKyRYNsZEh1C5cEMKIlIq1LvOOfP=w1600-h1200-k-no,,,11.9974997,120.2037164,https://www.google.com/maps/place/Don+Macchiatos+Coron/data=!4m7!3m6!1s0x33ba1dfe33952b23:0xe1fbce694f24cc81!8m2!3d11.9974997!4d120.2037164!16s%2Fg%2F11lyjc299d!19sChIJIyuVM_4dujMRgcwkT2nO--E?authuser=0&hl=en&rclk=1,"convenience store in Coron Busuanga, Palawan, Philippines",Coron Busuanga
L. Escarda’S Coron Harvest,3.9,(16),915 397 2829,https://wa.me/9153972829,,,Convenience Store,0915 397 2829,,https://lh3.googleusercontent.com/gps-cs-s/APNQkAG0mMoSKq-Z2yYUXKPe9iYrANFQoCR9wtMMxfjOFEtFVJoYqOcZjWLre3apZEW0ZhwpqGG9nD4jNnsIbHrxjwcASAsFy-ZMyZyFqiCHAe5nEgiPHweUPsjEoFNMX3jmGnDsUb_EkQ=w1600-h1200-k-no,,,11.9928666,120.2112051,https://www.google.com/maps/place/L.+Escarda%E2%80%99S+Coron+Harvest/data=!4m7!3m6!1s0x33ba1c29598c81fd:0xddc13772182413a2!8m2!3d11.9928666!4d120.2112051!16s%2Fg%2F1pzyc6zw3!19sChIJ_YGMWSkcujMRohMkGHI3wd0?authuser=0&hl=en&rclk=1,"convenience store in Coron Busuanga, Palawan, Philippines",Coron Busuanga
ABINA'S BAKERY,5.0,(1),,,,,Convenience Store,,,https://lh3.googleusercontent.com/gps-cs-s/APNQkAEMt1-LiDV7fkyxBSM6hoUj1xhxy387iop8lSugMKbogK2cHWEHNQ7EynxmDC1atFQvjrSzmf2SnjQ28ez8YVrHUfG-AMUSMncdbSNphgqpPL_tS_OXdJU2JYiE6EBL3K4cb82TU8Da1Wel=w1600-h1200-k-no,,,12.0275657,120.1784043,https://www.google.com/maps/place/ABINA%27S+BAKERY/data=!4m7!3m6!1s0x33ba1e3e2562f92b:0x6d503fcfcfc12b3!8m2!3d12.0275657!4d120.1784043!16s%2Fg%2F11yk2gqn6g!19sChIJK_liJT4eujMRsxL8_PwD1QY?authuser=0&hl=en&rclk=1,"convenience store in Coron Busuanga, Palawan, Philippines",Coron Busuanga
Mathew’s Island Crepe,4.5,(415),,,,,Convenience Store,,,https://lh3.googleusercontent.com/gps-cs-s/APNQkAFFq_sdYCwhal_Yf_jra3akjB4Tfn32StsR3gDRy5DY7-mhZKrkKhmGloeGXMw2R6oF9X2YSUThgPqIekWA0F4uvJFbCbhDVGuW5Sdp3l1MYtjfki5DgXzc5TkbOhOg1uWkqfJt=w1600-h1200-k-no,,,12.0000689,120.201292,https://www.google.com/maps/place/Mathew%E2%80%99s+Island+Crepe/data=!4m7!3m6!1s0x33ba1d88443a436d:0x51e8791688d5ef0d!8m2!3d12.0000689!4d120.201292!16s%2Fg%2F11s2y0k3h0!19sChIJbUM6RIgdujMRDe_ViBZ56FE?authuser=0&hl=en&rclk=1,"convenience store in Coron Busuanga, Palawan, Philippines",Coron Busuanga
merdag's bakery and store,4.0,(1),906 057 2037,https://wa.me/9060572037,,,Convenience Store,0906 057 2037  Takeout,,https://streetviewpixels-pa.googleapis.com/v1/thumbnail?panoid=YRHpJnfmca2mO7XDdJ5hgw&cb_client=search.gws-prod.gps&w=80&h=92&yaw=85.68518&pitch=0&thumbfov=100,,,11.9982297,120.2038553,https://www.google.com/maps/place/merdag%27s+bakery+and+store/data=!4m7!3m6!1s0x33ba1d570da0bc99:0xf3594f5bd1f9331d!8m2!3d11.9982297!4d120.2038553!16s%2Fg%2F11smm1l7j5!19sChIJmbygDVcdujMRHTP50VtPWfM?authuser=0&hl=en&rclk=1,"convenience store in Coron Busuanga, Palawan, Philippines",Coron Busuanga
Cafe de lusa,4.3,(32),936 923 4979,https://wa.me/9369234979,,,Convenience Store,0936 923 4979,,https://lh3.googleusercontent.com/gps-cs-s/APNQkAFvBMkhr9OqZ7awc8CUIvAuzMme2N8K6vNkvragfiTgzMgcYzCVZhfJAT98zdheVOO96JwlFU4mcZ4U0Y7bL52q95AWdmXz3tOrPDrs3UjkN75cXKDfuenigP1ZZ90G1Um-wNjk=w1600-h1200-k-no,,,11.9994326,120.2019022,https://www.google.com/maps/place/Cafe+de+lusa/data=!4m7!3m6!1s0x33ba1dbcf87ff8f7:0x8c01e1379baa3a7c!8m2!3d11.9994326!4d120.2019022!16s%2Fg%2F11mdqb9hw8!19sChIJ9_h_-LwdujMRfDqqmzfhAYw?authuser=0&hl=en&rclk=1,"convenience store in Coron Busuanga, Palawan, Philippines",Coron Busuanga
Yummyness Bakeshop,5.0,(1),,,,,Convenience Store,,,https://lh3.googleusercontent.com/gps-cs-s/APNQkAHXRSgfER2j61fvzUHZqVp82J_-AKWnv8vHCRaVUsaWQcUo2c1ij2ZNvp-vcY-OpCKnMFiA8jAepCKAsi-whThgEfMHbqwtrahZOO90ZFvDYrPEBCoE528oZqMz1nsnrOYLE3d4wA=w1600-h1200-k-no,,,11.9996804,120.2090016,https://www.google.com/maps/place/Yummyness+Bakeshop/data=!4m7!3m6!1s0x33ba1da7ab13cb23:0x24ac25f23af2256b!8m2!3d11.9996804!4d120.2090016!16s%2Fg%2F11scjt4k61!19sChIJI8sTq6cdujMRayXyOvIlrCQ?authuser=0&hl=en&rclk=1,"convenience store in Coron Busuanga, Palawan, Philippines",Coron Busuanga
Isla Café,4.6,(123),949 465 6851,https://wa.me/9494656851,,,Convenience Store,5 National Highway,https://www.google.com/searchviewer/42?cvd=CLw_EicKJeICIjIgEhkiF9LX29IPEQoNL2cvMTF2cHdsd3R3MBgAOgMI8A0%3D&hl=en-PH&gl=ph&fo_m=MfohQo559jFvMUOzJVpjPL1YMfZ3bInYwBDuMfaXTPp5KXh-&utm_source=tactile&gei=jZEmauSPFOnn2roPv6D6wAo&ei=jZEmauSPFOnn2roPv6D6wAo&fo_s=OA&opi=79508299&ebb=1&cs=0&foub=mcpp,https://lh3.googleusercontent.com/gps-cs-s/APNQkAEEuKlxGsFrZJNpNlJEHDM8wkOiP0SO6S45tae6N2kgEofqMJISr67C_V3J16WPaJXos3P5dao_6DcxmwPtR2kwjeCzYxn4BeCwXQChK5NqvhCK_cPtqnS16KX-ANdoTJmKsyzykaOXtgc=w1600-h1200-k-no,,,11.9997804,120.2016022,https://www.google.com/maps/place/Isla+Caf%C3%A9/data=!4m7!3m6!1s0x33ba1d0058a40279:0xe681040e89ca4e3!8m2!3d11.9997804!4d120.2016022!16s%2Fg%2F11vpwlwtw0!19sChIJeQKkWAAdujMR46Sc6EAQaA4?authuser=0&hl=en&rclk=1,"convenience store in Coron Busuanga, Palawan, Philippines",Coron Busuanga
Bulans Whisk Cakes & Desserts,4.9,(28),912 115 6707,https://wa.me/9121156707,,,Convenience Store,03 Barangay 6,,https://lh3.googleusercontent.com/gps-cs-s/APNQkAGhm5tq31peQerIik0UXNYc90_SsXNoATBeUVF4aD8jLfm5dtqV0zVv81oReLyKI2oBqWVBqBz3t7GAsedulDdRPG2v2IHQSBVt_JsQ634FSfFLBEijkUhdy3O-ga90hBvXb9uGv90x5Hsj=w1600-h1200-k-no,,,12.0084375,120.2163125,https://www.google.com/maps/place/Bulans+Whisk+Cakes+%26+Desserts/data=!4m7!3m6!1s0x33ba1ded46f81515:0xd05e467f20aa5183!8m2!3d12.0084375!4d120.2163125!16s%2Fg%2F11vq7s9jdv!19sChIJFRX4Ru0dujMRg1GqIH9GXtA?authuser=0&hl=en&rclk=1,"convenience store in Coron Busuanga, Palawan, Philippines",Coron Busuanga
Coron Go Pro Rental,5.0,(257),966 442 7384,https://wa.me/9664427384,,,Convenience Store,0966 442 7384,,https://lh3.googleusercontent.com/gps-cs-s/APNQkAFpAlMqjWfiIzc3HNqzRKlC2ysFvd-W8wNQaqVxDtEuY2iHcyNis41Es-kOQdLTD6AmV29CbZ0WdT3HdD-F0V72Oc7yU1sUNTOWwmzkjeCB5oyQlM7csoiogsmu58tSubqmbdUm=w1600-h1200-k-no,,,11.9984879,120.2025223,https://www.google.com/maps/place/Coron+Go+Pro+Rental/data=!4m7!3m6!1s0x33ba1da19d85ff97:0x6e1e5b1c22edcfd2!8m2!3d11.9984879!4d120.2025223!16s%2Fg%2F11srd624t4!19sChIJl_-FnaEdujMR0s_tIhxbHm4?authuser=0&hl=en&rclk=1,"convenience store in Coron Busuanga, Palawan, Philippines",Coron Busuanga
Cafe Ynani / Amiras Buco Tart Haus,4.9,(206),977 014 2341,https://wa.me/9770142341,,,Convenience Store,0977 014 2341,,https://lh3.googleusercontent.com/gps-cs-s/APNQkAEDr0QhdfTA_9ZWV3smfSSwkXPC7rJBetM-MHmhi5Nd2LK_0SUv10z92Na9cvNuGA0h27CFv4UqEOMIVrxes3gOOOoGTA8p8UqEzCgtbbF1jxoyczPKFLA6gQuhX7sfQ7PdTbjT=w1600-h1200-k-no,,,12.0013206,120.2097449,https://www.google.com/maps/place/Cafe+Ynani+%2F+Amiras+Buco+Tart+Haus/data=!4m7!3m6!1s0x33ba1d11585c9c35:0xcbbc9c2926f8aefc!8m2!3d12.0013206!4d120.2097449!16s%2Fg%2F11kb8bgdd4!19sChIJNZxcWBEdujMR_K74JimcvMs?authuser=0&hl=en&rclk=1,"convenience store in Coron Busuanga, Palawan, Philippines",Coron Busuanga
EASY LAUNDRY SERVICE,4.6,(96),985 598 5477,https://wa.me/9855985477,,,Convenience Store,0985 598 5477,,https://lh3.googleusercontent.com/gps-cs-s/APNQkAFWB6P-2arPIUE5Y4ZqoatotatP6BdbjwYS2zMR80lCxmrbBTfGjjeEPhlY198V3TX31vnsA4nqu4HK5MMXNziNbbL82X0mfe2hJG7ThyZwltd_aN32XEXj0LsW2V3Wk76ygttt=w1600-h1200-k-no,,,12.0042981,120.1992907,https://www.google.com/maps/place/EASY+LAUNDRY+SERVICE/data=!4m7!3m6!1s0x33ba1fdec15454ad:0x56280b821f860f8a!8m2!3d12.0042981!4d120.1992907!16s%2Fg%2F11j7j4phk2!19sChIJrVRUwd4fujMRig-GH4ILKFY?authuser=0&hl=en&rclk=1,"convenience store in Coron Busuanga, Palawan, Philippines",Coron Busuanga
The Coffee Ice Cream Shop,5.0,(1),,,,,Convenience Store,,,https://lh3.googleusercontent.com/gps-cs-s/APNQkAHeh7elAe8Rso8EzRcX4z5bGwKK-oe6UGfjoetOWlWGrTwENEZPtIUivxWDCNzMVgMs9Abrdg8ugMkMbvJyJWph82Z-wnASCdVOgbGmyexBYBuQhVuOEBib5HAcx7gYgyDvRA-aY5tqLeyb=w1600-h1200-k-no,,,11.9987112,120.2034398,https://www.google.com/maps/place/The+Coffee+Ice+Cream+Shop/data=!4m7!3m6!1s0x33ba1d0000d15331:0xc82d581fd3b2d0b4!8m2!3d11.9987112!4d120.2034398!16s%2Fg%2F11njzjnz5f!19sChIJMVPRAAAdujMRtNCy0x9YLcg?authuser=0&hl=en&rclk=1,"convenience store in Coron Busuanga, Palawan, Philippines",Coron Busuanga
Maria L’s Cake House & Café,4.7,(54),967 551 9845,https://wa.me/9675519845,,,Convenience Store,0967 551 9845,,https://lh3.googleusercontent.com/gps-cs-s/APNQkAGcUbfZr3shFm7Y0yrflVFn299MvOsALKRWAIx4i38aZjNPkAWVeA15SapPb2PsVAmh18_GtAdgqru4BQJwOmuL2aDBnQBH7vIdD1gb9S-plGj7gTgoaAIo4G25z_JcZ90JhYk-1DYR3fCe=w1600-h1200-k-no,,,11.9990358,120.204369,https://www.google.com/maps/place/Maria+L%E2%80%99s+Cake+House+%26+Caf%C3%A9/data=!4m7!3m6!1s0x33ba1d7c74043c53:0x1d8aaa1cdccbc1af!8m2!3d11.9990358!4d120.204369!16s%2Fg%2F11txjhsz25!19sChIJUzwEdHwdujMRr8HL3Byqih0?authuser=0&hl=en&rclk=1,"convenience store in Coron Busuanga, Palawan, Philippines",Coron Busuanga
Safety Stop Diveshop,4.9,(502),976 026 8714,https://wa.me/9760268714,,,Convenience Store,0976 026 8714,,https://lh3.googleusercontent.com/gps-cs-s/APNQkAEhaRa1_IUzPRob9hUTd-8RcQ3UhG7BggSj-MgsUP9okDltgbhpXu8XUzK2iMWKf7Cvv0j7ZfaW0CDNkbAcBG7fcQfZOk0q-K7IBe5IfqRa3neTTJUMDDdSSmc7h7EO_DFxbMLSYw=w1600-h1200-k-no,,,11.9988997,120.2022431,https://www.google.com/maps/place/Safety+Stop+Diveshop/data=!4m7!3m6!1s0x33ba1dd437fe61cb:0x7b185fc71fb785bf!8m2!3d11.9988997!4d120.2022431!16s%2Fg%2F11gbk4qy2g!19sChIJy2H-N9QdujMRv4W3H8dfGHs?authuser=0&hl=en&rclk=1,"convenience store in Coron Busuanga, Palawan, Philippines",Coron Busuanga
GATEWAY FOOD X MUSIC,4.9,(235),968 743 2942,https://wa.me/9687432942,,,Convenience Store,5316 Don Pedro St,,https://lh3.googleusercontent.com/gps-cs-s/APNQkAHtRiZ7ZND0JFbqOP6_FidXqCMjnlwY7prSzKqIlVxQ4HvmPH6B0joyojWkrev1erB3xUvVT3rZ1_rwtRERBZXGvXq1LZHLMTRjBBJh0z4eWp17IKfF-S7WyPfpliC4R2yGlDIRZ_XODTI=w1600-h1200-k-no,,,11.9966963,120.2023366,https://www.google.com/maps/place/GATEWAY+FOOD+X+MUSIC/data=!4m7!3m6!1s0x33ba1d26e88b14bd:0x99c43494ab754a8d!8m2!3d11.9966963!4d120.2023366!16s%2Fg%2F11ykbc758d!19sChIJvRSL6CYdujMRjUp1q5Q0xJk?authuser=0&hl=en&rclk=1,"convenience store in Coron Busuanga, Palawan, Philippines",Coron Busuanga
Coron Divers Dive Center,4.6,(208),966 442 7384,https://wa.me/9664427384,,,Convenience Store,0966 442 7384,,https://lh3.googleusercontent.com/gps-cs-s/APNQkAGvOCTjpFysvQtVpI_E0GyS8R3AGxo3FJ6fmOb5iinqu3YNldaO61L86lNXvzavByoZg_kSeQb_xzGnoSUsak7dunVHLPnVTKkE8PwF4gTNKCYi5pAzipx1Gqgt8Rvo9yhI9wM8gw=w1600-h1200-k-no,,,11.9985183,120.2025299,https://www.google.com/maps/place/Coron+Divers+Dive+Center/data=!4m7!3m6!1s0x33ba1dd37cf4dd65:0x14046309ccacf0ef!8m2!3d11.9985183!4d120.2025299!16s%2Fg%2F11b5pk1zgl!19sChIJZd30fNMdujMR7_CszAljBBQ?authuser=0&hl=en&rclk=1,"convenience store in Coron Busuanga, Palawan, Philippines",Coron Busuanga
Melbs Cashew Factory,4.3,(80),956 550 0785,https://wa.me/9565500785,,,Convenience Store,5 Nueva St,,https://lh3.googleusercontent.com/gps-cs-s/APNQkAENJPngy2Q2VQe_VpRPYFOQ5vlhBhIoacbeQwwPRiD_Xg66nuEcnalb5LH-i8X7vFwsMiZoDz-ciDeW9wnqTQCRoq2aS-wCqDBi3Lh3IIiyaxMqUGFohKeqxbluk0_Ih930u20S=w1600-h1200-k-no,,,12.0006356,120.2020353,https://www.google.com/maps/place/Melbs+Cashew+Factory/data=!4m7!3m6!1s0x33ba1d30623bc013:0x8590c2f10de81f83!8m2!3d12.0006356!4d120.2020353!16s%2Fg%2F11sx52zlhz!19sChIJE8A7YjAdujMRgx_oDfHCkIU?authuser=0&hl=en&rclk=1,"convenience store in Coron Busuanga, Palawan, Philippines",Coron Busuanga
Fresh Bites,3.9,(142),917 824 4710,https://wa.me/9178244710,,,Convenience Store,0917 824 4710,,https://lh3.googleusercontent.com/gps-cs-s/APNQkAF3JX8cMAGVcmk8jg5WOE_bggS3phGL76aVLvkpMItNFLuXuCiEzGCLDq-9rMT4sC2-eqlDO3bgqkDpgNsXhld2yRq8rPc7pYg6YZuqLmNMQfYaEVBeU2JYlk-iImN3zT7Q9T8=w1600-h1200-k-no,,,11.9986446,120.2036919,https://www.google.com/maps/place/Fresh+Bites/data=!4m7!3m6!1s0x33ba1d628028b46f:0x4c9851698d410d45!8m2!3d11.9986446!4d120.2036919!16s%2Fg%2F11j1mgbv4f!19sChIJb7QogGIdujMRRQ1BjWlRmEw?authuser=0&hl=en&rclk=1,"convenience store in Coron Busuanga, Palawan, Philippines",Coron Busuanga
Pedro's Gelato,3.9,(56),,,,,Convenience Store,5316 Real St,,https://lh3.googleusercontent.com/gps-cs-s/APNQkAFYPMvGk0sRTERENtZeTMqvjALBsRM0lGlRoIPx7ADPAXnF9Lnnmt7dG847aVJh6iGO9Iyum6RI2BGrjcwMT0g5tFMfkXRz93iCtaHSpOqGgcEigQolpKK7RgERo1L0n8L7FYqO=w1600-h1200-k-no,,,11.9983468,120.2040292,https://www.google.com/maps/place/Pedro%27s+Gelato/data=!4m7!3m6!1s0x33ba1d440d30903b:0xedb72cf8c51702d5!8m2!3d11.9983468!4d120.2040292!16s%2Fg%2F11sjzx7_xm!19sChIJO5AwDUQdujMR1QIXxfgst-0?authuser=0&hl=en&rclk=1,"convenience store in Coron Busuanga, Palawan, Philippines",Coron Busuanga
MDI DIVESHOP,4.3,(103),995 961 7794,https://wa.me/9959617794,,,Convenience Store,0995 961 7794,,https://lh3.googleusercontent.com/gps-cs-s/APNQkAHJBpRMc_hEDpgYlbd3H6jNbpZ6opbGue4P8gGfWAGFK3xS6Eo1RoBh1nMczo2rbdm5pX1otqY-l7sfQ-PjEYeYfJE3gpK9lUKlN0FhmmVYp1uOMwCuKVpedfbS2MQzIP_0y1xBbg=w1600-h1200-k-no,,,12.0012639,120.2006395,https://www.google.com/maps/place/MDI+DIVESHOP/data=!4m7!3m6!1s0x33bcf942c6ef4313:0xfe69d7cb7b703ea4!8m2!3d12.0012639!4d120.2006395!16s%2Fg%2F1hf5dv5sv!19sChIJE0PvxkL5vDMRpD5we8vXaf4?authuser=0&hl=en&rclk=1,"convenience store in Coron Busuanga, Palawan, Philippines",Coron Busuanga
PICKAPEARL,4.9,(420),917 773 7527,https://wa.me/9177737527,,,Convenience Store,0917 773 7527,,https://lh3.googleusercontent.com/gps-cs-s/APNQkAHDXUqPbVMphjzJGNjDZGVSlA-qAMIbY_nUBUe0vF8K_sww0nruD1PN5Pi-wDer35woSe3oFSA7_uXZxZwcWvTokF5Z-c60pPMqdvxR6bPX-uLLL9m3-vfnuILQ5CgsSHqZZ52XUKdKnmz0=w1600-h1200-k-no,,,12.0008889,120.2006906,https://www.google.com/maps/place/PICKAPEARL/data=!4m7!3m6!1s0x33ba1de0bfec7c7b:0xd8252667c91b8334!8m2!3d12.0008889!4d120.2006906!16s%2Fg%2F11h6v8qsyc!19sChIJe3zsv-AdujMRNIMbyWcmJdg?authuser=0&hl=en&rclk=1,"convenience store in Coron Busuanga, Palawan, Philippines",Coron Busuanga
French Kiss Divers Coron,4.6,(224),908 951 3821,https://wa.me/9089513821,,,Convenience Store,0908 951 3821,,https://lh3.googleusercontent.com/gps-cs-s/APNQkAF07M2dCgqgAV5uVFQWQ2ab20aDcR5LYw_SL9-WtbyXWDWJH2yfzaZ6A5Qd0TVR94ckcw5Mxup9MozcERrOmVZ9VJ2glpgv07ZytA4Dcusl3UTz_-btlPv09Nn5PT51YRIK8omZig=w1600-h1200-k-no,,,12.0017338,120.1999773,https://www.google.com/maps/place/French+Kiss+Divers+Coron/data=!4m7!3m6!1s0x33ba1d89d1ab0dd5:0x6e73fadc060088e1!8m2!3d12.0017338!4d120.1999773!16s%2Fg%2F11gjzmg6sz!19sChIJ1Q2r0YkdujMR4YgABtz6c24?authuser=0&hl=en&rclk=1,"convenience store in Coron Busuanga, Palawan, Philippines",Coron Busuanga
Poco Deli Coron,4.1,(536),906 276 5943,https://wa.me/9062765943,,,Convenience Store,0906 276 5943,,https://lh3.googleusercontent.com/gps-cs-s/APNQkAE6E6lxLONuey8HcjNhGqMSBUGqO8PCUkGirsHGisuVp_xQDQAoKjnO5Vnr4Jz7bx9cP-VV33n8pb34CkeJsho3tJyliYxpQgo2vlc30UQBzzvihiTeFzSTCclJdPhZ73bljTYr=w1600-h1200-k-no,,,11.9984501,120.2047173,https://www.google.com/maps/place/Poco+Deli+Coron/data=!4m7!3m6!1s0x33ba1d4df3097eb5:0x555f4cf96ae4bd89!8m2!3d11.9984501!4d120.2047173!16s%2Fg%2F11g0q68qfc!19sChIJtX4J800dujMRib3kavlMX1U?authuser=0&hl=en&rclk=1,"convenience store in Coron Busuanga, Palawan, Philippines",Coron Busuanga
Andok's Litson,4.0,(120),,,,,Convenience Store,,,https://lh3.googleusercontent.com/gps-cs-s/APNQkAFjCRasfWMamDrKhklqX5My6RHiv7gYtsRzcYUKml0vZYAYXd16fX3rkuBB8CqQGWTF9PL6AMCmyyG_0Et75FDUpOF3etg5QAbu3upj0KJSEASg-bJwlJGGhXlYUgncARA_HtF7eA=w1600-h1200-k-no,,,11.9992539,120.2065841,https://www.google.com/maps/place/Andok%27s+Litson/data=!4m7!3m6!1s0x33ba1db2b63e4081:0x5f4ebab635ad49f3!8m2!3d11.9992539!4d120.2065841!16s%2Fg%2F11trf88f7w!19sChIJgUA-trIdujMR80mtNba6Tl8?authuser=0&hl=en&rclk=1,"convenience store in Coron Busuanga, Palawan, Philippines",Coron Busuanga
Laundry Express,5.0,(214),967 428 7849,https://wa.me/9674287849,,,Laundry,0967 428 7849,,,,,11.9983927,120.2024389,https://www.google.com/maps/place/Laundry+Express/data=!4m7!3m6!1s0x33ba1d3079a5a2ff:0x4cf86194ed576dc6!8m2!3d11.9983927!4d120.2024389!16s%2Fg%2F11m71sp8c_!19sChIJ_6KleTAdujMRxm1X7ZRh-Ew?authuser=0&hl=en&rclk=1,"laundry in Coron Busuanga, Palawan, Philippines",Coron Busuanga
EASY LAUNDRY SERVICE 2.0,4.6,(56),985 598 5477,https://wa.me/9855985477,,,Laundry,0  4,,,,,11.9992448,120.2036883,https://www.google.com/maps/place/EASY+LAUNDRY+SERVICE+2.0/data=!4m7!3m6!1s0x33ba1d904b72ddfd:0x7826887c6bc5b824!8m2!3d11.9992448!4d120.2036883!16s%2Fg%2F11vpy3qw4b!19sChIJ_d1yS5AdujMRJLjFa3yIJng?authuser=0&hl=en&rclk=1,"laundry in Coron Busuanga, Palawan, Philippines",Coron Busuanga
Squeaky Clean Laundromat,4.0,(73),927 862 7066,https://wa.me/9278627066,,https://www.facebook.com/squeakyclean.coron/,Laundry,0927 862 7066,https://www.facebook.com/squeakyclean.coron/,,,,11.998581,120.2029854,https://www.google.com/maps/place/Squeaky+Clean+Laundromat/data=!4m7!3m6!1s0x33ba1dd362d618cd:0xa42bff8e7e2e9f9c!8m2!3d11.998581!4d120.2029854!16s%2Fg%2F11f31788__!19sChIJzRjWYtMdujMRnJ8ufo7_K6Q?authuser=0&hl=en&rclk=1,"laundry in Coron Busuanga, Palawan, Philippines",Coron Busuanga
Unniwash Laundry Shop,4.9,(37),945 297 6780,https://wa.me/9452976780,,https://www.facebook.com/UnniwashlaundryshopCoron/,Laundry,0945 297 6780,https://www.facebook.com/UnniwashlaundryshopCoron/,,,,11.99892,120.211363,https://www.google.com/maps/place/Unniwash+Laundry+Shop/data=!4m7!3m6!1s0x33ba1dd9e647c5a7:0x7c21d67f5eceeb55!8m2!3d11.99892!4d120.211363!16s%2Fg%2F11k3rbr_dd!19sChIJp8VH5tkdujMRVevOXn_WIXw?authuser=0&hl=en&rclk=1,"laundry in Coron Busuanga, Palawan, Philippines",Coron Busuanga
Laundry Bliss Coron (Free pick-up and Delivery),5.0,(3),935 051 8539,https://wa.me/9350518539,,,Laundry,0935 051 8539,,,,,12.0012122,120.2075531,https://www.google.com/maps/place/Laundry+Bliss+Coron+%28Free+pick-up+and+Delivery%29/data=!4m7!3m6!1s0x33ba1d170f768295:0x40a3e54d1507147d!8m2!3d12.0012122!4d120.2075531!16s%2Fg%2F11z3ywzp48!19sChIJlYJ2DxcdujMRfRQHFU3lo0A?authuser=0&hl=en&rclk=1,"laundry in Coron Busuanga, Palawan, Philippines",Coron Busuanga
Wakim’s Laundry,5.0,(8),906 501 6240,https://wa.me/9065016240,,,Laundry,,,,,,11.999998,120.2011357,https://www.google.com/maps/place/Wakim%E2%80%99s+Laundry/data=!4m7!3m6!1s0x33ba1d0034150053:0x10ca4676cd33b2d6!8m2!3d11.999998!4d120.2011357!16s%2Fg%2F11z2zg_z4d!19sChIJUwAVNAAdujMR1rIzzXZGyhA?authuser=0&hl=en&rclk=1,"laundry in Coron Busuanga, Palawan, Philippines",Coron Busuanga
Island's Laundry - Wash Dry Fold,4.6,(11),916 581 9529,https://wa.me/9165819529,,,Laundry,5 Coron,,,,,12.0017588,120.1999,https://www.google.com/maps/place/Island%27s+Laundry+-+Wash+Dry+Fold/data=!4m7!3m6!1s0x33ba1d0016a9a879:0x723df1e62c7ba548!8m2!3d12.0017588!4d120.1999!16s%2Fg%2F11whyb62zq!19sChIJeaipFgAdujMRSKV7LObxPXI?authuser=0&hl=en&rclk=1,"laundry in Coron Busuanga, Palawan, Philippines",Coron Busuanga
E'Z Laundry Service,4.9,(15),931 937 3489,https://wa.me/9319373489,,,Laundry,1 Enriquez Sub,,,,,11.9985934,120.2100407,https://www.google.com/maps/place/E%27Z+Laundry+Service/data=!4m7!3m6!1s0x33ba1d6c10e0cd6d:0xd08855320cb3ef7a!8m2!3d11.9985934!4d120.2100407!16s%2Fg%2F11f8n9xp98!19sChIJbc3gEGwdujMReu-zDDJViNA?authuser=0&hl=en&rclk=1,"laundry in Coron Busuanga, Palawan, Philippines",Coron Busuanga
Joanne's Laundry,4.8,(43),917 880 0470,https://wa.me/9178800470,,,Laundry,0917 880 0470,,,,,12.0042785,120.1990901,https://www.google.com/maps/place/Joanne%27s+Laundry/data=!4m7!3m6!1s0x33ba1dd47beccc81:0x333f6eb06d141361!8m2!3d12.0042785!4d120.1990901!16s%2Fg%2F11c1szmgwb!19sChIJgczse9QdujMRYRMUbbBuPzM?authuser=0&hl=en&rclk=1,"laundry in Coron Busuanga, Palawan, Philippines",Coron Busuanga
NEW OWNERSHIP OPPORTUNITY - CURRENTLY NOT OPERATIONAL - DO NOT VISIT - LAUNDRY KING CORON,4.9,(219),906 924 1701,https://wa.me/9069241701,,,Laundry,0906 924 1701,https://www.laundryking.com.ph/,,,,11.9663522,120.2098109,https://www.google.com/maps/place/NEW+OWNERSHIP+OPPORTUNITY+-+CURRENTLY+NOT+OPERATIONAL+-+DO+NOT+VISIT+-+LAUNDRY+KING+CORON/data=!4m7!3m6!1s0x33ba1d24556203bb:0x8a5857649473bf1e!8m2!3d11.9663522!4d120.2098109!16s%2Fg%2F11w85mv2yv!19sChIJuwNiVSQdujMRHr9zlGRXWIo?authuser=0&hl=en&rclk=1,"laundry in Coron Busuanga, Palawan, Philippines",Coron Busuanga
Coron CleanWaves Laundry Shop,4.0,(4),951 870 9755,https://wa.me/9518709755,,,Laundry,,,,,,11.9993047,120.2076244,https://www.google.com/maps/place/Coron+CleanWaves+Laundry+Shop/data=!4m7!3m6!1s0x33ba1dae7971e06b:0x135cf7c28bc2efa9!8m2!3d11.9993047!4d120.2076244!16s%2Fg%2F11z1rjljdh!19sChIJa-Bxea4dujMRqe_Ci8L3XBM?authuser=0&hl=en&rclk=1,"laundry in Coron Busuanga, Palawan, Philippines",Coron Busuanga
Island's Laundry - Contact point,5.0,(2),920 738 9197,https://wa.me/9207389197,,,Laundry,0920 738 9197,,,,,12.00087,120.2128868,https://www.google.com/maps/place/Island%27s+Laundry+-+Contact+point/data=!4m7!3m6!1s0x33ba1d003d61ae4f:0xe88335c5dc836a08!8m2!3d12.00087!4d120.2128868!16s%2Fg%2F11yyhm__nf!19sChIJT65hPQAdujMRCGqD3MU1g-g?authuser=0&hl=en&rclk=1,"laundry in Coron Busuanga, Palawan, Philippines",Coron Busuanga
Sachi Laundry Express,5.0,(2),,,,,Laundry,,,,,,11.9998215,120.2062703,https://www.google.com/maps/place/Sachi+Laundry+Express/data=!4m7!3m6!1s0x33ba1d33236ca6db:0x65b937eaeefde5ff!8m2!3d11.9998215!4d120.2062703!16s%2Fg%2F11z5rl79m5!19sChIJ26ZsIzMdujMR_-X97uo3uWU?authuser=0&hl=en&rclk=1,"laundry in Coron Busuanga, Palawan, Philippines",Coron Busuanga
Island's Laundry - Drop point,5.0,(4),,,,,Laundry,,,,,,12.0014086,120.1987798,https://www.google.com/maps/place/Island%27s+Laundry+-+Drop+point/data=!4m7!3m6!1s0x33ba1d0063f7d1e7:0x7e86e926685b70e1!8m2!3d12.0014086!4d120.1987798!16s%2Fg%2F11yyhmwpp3!19sChIJ59H3YwAdujMR4XBbaCbphn4?authuser=0&hl=en&rclk=1,"laundry in Coron Busuanga, Palawan, Philippines",Coron Busuanga
Princess Laundry Shop,5.0,(7),916 554 3794,https://wa.me/9165543794,,,Laundry,0916 554 3794,,,,,12.0008214,120.2020508,https://www.google.com/maps/place/Princess+Laundry+Shop/data=!4m7!3m6!1s0x33ba1fef92cfaa73:0xab429122e25c306e!8m2!3d12.0008214!4d120.2020508!16s%2Fg%2F11m745l8z_!19sChIJc6rPku8fujMRbjBc4iKRQqs?authuser=0&hl=en&rclk=1,"laundry in Coron Busuanga, Palawan, Philippines",Coron Busuanga
Unniwash Laundry Diguiboy,5.0,(7),926 869 1416,https://wa.me/9268691416,,,Laundry,0926 869 1416,,,,,12.0264123,120.1794392,https://www.google.com/maps/place/Unniwash+Laundry+Diguiboy/data=!4m7!3m6!1s0x33ba1f18afb98221:0x68ff42ad060a270f!8m2!3d12.0264123!4d120.1794392!16s%2Fg%2F11xz2yxzct!19sChIJIYK5rxgfujMRDycKBq1C_2g?authuser=0&hl=en&rclk=1,"laundry in Coron Busuanga, Palawan, Philippines",Coron Busuanga
Ricky's Laundry care,5.0,(3),,,,,Laundry,,,,,,11.9983219,120.2039718,https://www.google.com/maps/place/Ricky%27s+Laundry+care/data=!4m7!3m6!1s0x33ba1d9259a03cf5:0x2c5e96689a7630a5!8m2!3d11.9983219!4d120.2039718!16s%2Fg%2F11krd9rbsx!19sChIJ9TygWZIdujMRpTB2mmiWXiw?authuser=0&hl=en&rclk=1,"laundry in Coron Busuanga, Palawan, Philippines",Coron Busuanga
Island's Laundry,5.0,(7),,,,,Laundry,,,,,,12.003614,120.1931764,https://www.google.com/maps/place/Island%27s+Laundry/data=!4m7!3m6!1s0x33ba1d001fcdf2c1:0x125002b6198140c0!8m2!3d12.003614!4d120.1931764!16s%2Fg%2F11x5c_lwvy!19sChIJwfLNHwAdujMRwECBGbYCUBI?authuser=0&hl=en&rclk=1,"laundry in Coron Busuanga, Palawan, Philippines",Coron Busuanga
Coron Municipal Hall,3.8,(32),,,,,Public Restroom,,,,,,11.9987304,120.2051547,https://www.google.com/maps/place/Coron+Municipal+Hall/data=!4m7!3m6!1s0x33ba1c2b54c93091:0xabbfa3eb93f7102b!8m2!3d11.9987304!4d120.2051547!16s%2Fg%2F1hf0wwjcv!19sChIJkTDJVCscujMRKxD3k-ujv6s?authuser=0&hl=en&rclk=1,"public restroom in Coron Busuanga, Palawan, Philippines",Coron Busuanga
Maquinit Hot Spring,4.4,"(2,878)",917 819 5327,https://wa.me/9178195327,,https://www.facebook.com/maquinithotsprings/,Public Restroom,0917 819 5327,https://www.facebook.com/maquinithotsprings/,,,,11.9915909,120.2281506,https://www.google.com/maps/place/Maquinit+Hot+Spring/data=!4m7!3m6!1s0x33ba1dd39fe93a63:0x65d584471b99c32d!8m2!3d11.9915909!4d120.2281506!16s%2Fg%2F1trtrvph!19sChIJYzrpn9MdujMRLcOZG0eE1WU?authuser=0&hl=en&rclk=1,"public restroom in Coron Busuanga, Palawan, Philippines",Coron Busuanga
Pearl Vista de Coron Resort Hotel,4.3,(241),954 259 6513,https://wa.me/9542596513,,,Public Restroom,0954 259 6513,https://pearlvistadecoronresorthotel.mydirectstay.com/,,,,12.0035854,120.1937928,https://www.google.com/maps/place/Pearl+Vista+de+Coron+Resort+Hotel/data=!4m11!3m10!1s0x33ba1dd820e7ae59:0xd5e8a2eae831183a!5m3!1s2026-10-31!4m1!1i2!8m2!3d12.0035854!4d120.1937928!16s%2Fg%2F11fzyf4ryy!19sChIJWa7nINgdujMROhgx6Oqi6NU?authuser=0&hl=en&rclk=1,"public restroom in Coron Busuanga, Palawan, Philippines",Coron Busuanga
Tropical Nomad Coron,5.0,(15),,,,,Luggage Storage,,http://www.tropicalnomad.ph/,,,,11.9994208,120.2017014,https://www.google.com/maps/place/Tropical+Nomad+Coron/data=!4m7!3m6!1s0x33ba1dabe124f519:0x17703c66dd80f226!8m2!3d11.9994208!4d120.2017014!16s%2Fg%2F11msfx1chs!19sChIJGfUk4asdujMRJvKA3WY8cBc?authuser=0&hl=en&rclk=1,"luggage storage in Coron Busuanga, Palawan, Philippines",Coron Busuanga
"Avisala Hostel Coron, Coron",4.3,(44),906 568 8255,https://wa.me/9065688255,,,Luggage Storage,0906 568 8255,https://www.philippineshotels.net/en/hotel/avisala-hostel-coron.html,,,,12.0015893,120.2084591,"https://www.google.com/maps/place/Avisala+Hostel+Coron,+Coron/data=!4m11!3m10!1s0x33ba1dac0060b18d:0xa0c1c6d0cbb38381!5m3!1s2026-10-31!4m1!1i2!8m2!3d12.0015893!4d120.2084591!16s%2Fg%2F11fkjt5p_x!19sChIJjbFgAKwdujMRgYOzy9DGwaA?authuser=0&hl=en&rclk=1","luggage storage in Coron Busuanga, Palawan, Philippines",Coron Busuanga
"Coron, Palawan",4.5,(42),,,,,Luggage Storage,,,,,,11.9908944,120.2115172,"https://www.google.com/maps/place/Coron,+Palawan/data=!4m7!3m6!1s0x33ba1c318e3614fd:0xe9d972aad8bedefa!8m2!3d11.9908944!4d120.2115172!16s%2Fg%2F11gbfn_8dm!19sChIJ_RQ2jjEcujMR-t6-2Kpy2ek?authuser=0&hl=en&rclk=1","luggage storage in Coron Busuanga, Palawan, Philippines",Coron Busuanga
Kaiz Hostel,5.0,(98),915 225 8366,https://wa.me/9152258366,,,Luggage Storage,0915 225 8366,,,,,11.9981328,120.2096583,https://www.google.com/maps/place/Kaiz+Hostel/data=!4m11!3m10!1s0x33ba1dda5d9068d9:0x303e69d778004f4c!5m3!1s2026-10-31!4m1!1i2!8m2!3d11.9981328!4d120.2096583!16s%2Fg%2F11gn0wzyh7!19sChIJ2WiQXdodujMRTE8AeNdpPjA?authuser=0&hl=en&rclk=1,"luggage storage in Coron Busuanga, Palawan, Philippines",Coron Busuanga
Q van transportation service,3.8,(24),917 888 7993,https://wa.me/9178887993,,https://www.facebook.com/qtransportservicescoron,Luggage Storage,0917 888 7993,https://www.facebook.com/qtransportservicescoron,,,,11.9970934,120.2028158,https://www.google.com/maps/place/Q+van+transportation+service/data=!4m7!3m6!1s0x33ba1d99afbfbcf3:0x4a9847a9e728ff9!8m2!3d11.9970934!4d120.2028158!16s%2Fg%2F11scp2pgkh!19sChIJ87y_r5kdujMR-Y9ynnqEqQQ?authuser=0&hl=en&rclk=1,"luggage storage in Coron Busuanga, Palawan, Philippines",Coron Busuanga
Zuric Pension House,3.9,(85),967 324 0794,https://wa.me/9673240794,,,Luggage Storage,0967 324 0794,https://zuricpension.top/,,,,11.9986111,120.2027778,https://www.google.com/maps/place/Zuric+Pension+House/data=!4m11!3m10!1s0x33ba1dd37cfbd103:0x38f70aa9b8c1ef10!5m3!1s2026-10-31!4m1!1i2!8m2!3d11.9986111!4d120.2027778!16s%2Fg%2F1hdztwq4l!19sChIJA9H7fNMdujMREO_BuKkK9zg?authuser=0&hl=en&rclk=1,"luggage storage in Coron Busuanga, Palawan, Philippines",Coron Busuanga
Harbour Bliss Hotel,4.3,(141),917 555 1596,https://wa.me/9175551596,,,Luggage Storage,0917 555 1596,https://harbourbliss.top/,,,,12.0033125,120.1983125,https://www.google.com/maps/place/Harbour+Bliss+Hotel/data=!4m11!3m10!1s0x33ba1df5f00e5f23:0x43f117de088806e!5m3!1s2026-10-31!4m1!1i2!8m2!3d12.0033125!4d120.1983125!16s%2Fg%2F11fw9rskfl!19sChIJI18O8PUdujMRboCI4H0RPwQ?authuser=0&hl=en&rclk=1,"luggage storage in Coron Busuanga, Palawan, Philippines",Coron Busuanga
Ruhe Suites Coron,4.7,(733),985 553 5333,https://wa.me/9855535333,,,Luggage Storage,0985 553 5333,http://www.ruhesuites.com/,,,,12.0105712,120.1967402,https://www.google.com/maps/place/Ruhe+Suites+Coron/data=!4m11!3m10!1s0x33ba1d333e8533c9:0x1e793d0e58915bf4!5m3!1s2026-10-31!4m1!1i2!8m2!3d12.0105712!4d120.1967402!16s%2Fg%2F11p02rtxy0!19sChIJyTOFPjMdujMR9FuRWA49eR4?authuser=0&hl=en&rclk=1,"luggage storage in Coron Busuanga, Palawan, Philippines",Coron Busuanga
Hassanor rental shop,4.6,(10),950 221 0922,https://wa.me/9502210922,,,Luggage Storage,0950 221 0922,,,,,11.9940184,120.2055563,https://www.google.com/maps/place/Hassanor+rental+shop/data=!4m7!3m6!1s0x33ba1d78181d563f:0x5faa8bec76e44473!8m2!3d11.9940184!4d120.2055563!16s%2Fg%2F11kbmwczrr!19sChIJP1YdGHgdujMRc0TkduyLql8?authuser=0&hl=en&rclk=1,"luggage storage in Coron Busuanga, Palawan, Philippines",Coron Busuanga
Aquaventure Whitetip Dive Supply - Coron,3.8,(10),998 595 5373,https://wa.me/9985955373,,,Luggage Storage,3 Don Pedro StCloses soon,http://www.aquaventurewhitetip.com/,,,,11.9973808,120.20312,https://www.google.com/maps/place/Aquaventure+Whitetip+Dive+Supply+-+Coron/data=!4m7!3m6!1s0x33ba1dd312d0d939:0xcfc0390792e5f11a!8m2!3d11.9973808!4d120.20312!16s%2Fg%2F11c2plvslx!19sChIJOdnQEtMdujMRGvHlkgc5wM8?authuser=0&hl=en&rclk=1,"luggage storage in Coron Busuanga, Palawan, Philippines",Coron Busuanga
Freediving Coron,5.0,(284),915 172 6809,https://wa.me/9151726809,,,Luggage Storage,0915 172 6809,https://freediving-coron.com/,,,,11.999615,120.2092952,https://www.google.com/maps/place/Freediving+Coron/data=!4m7!3m6!1s0x33ba1dd607ec2c61:0x323ede2e4b716caa!8m2!3d11.999615!4d120.2092952!16s%2Fg%2F11cmr11hz4!19sChIJYSzsB9YdujMRqmxxSy7ePjI?authuser=0&hl=en&rclk=1,"luggage storage in Coron Busuanga, Palawan, Philippines",Coron Busuanga
Coron W Divers,4.4,(84),,,,,Luggage Storage,5 National Hiway,https://m.blog.naver.com/redscandle,,,,12.0001763,120.2014051,https://www.google.com/maps/place/Coron+W+Divers/data=!4m7!3m6!1s0x33ba1dd4642851cb:0x7c11448f79f4b198!8m2!3d12.0001763!4d120.2014051!16s%2Fg%2F11c1w0t6r8!19sChIJy1EoZNQdujMRmLH0eY9EEXw?authuser=0&hl=en&rclk=1,"luggage storage in Coron Busuanga, Palawan, Philippines",Coron Busuanga
Ocean Dive Supply Philippines - Coron Branch,4.4,(9),917 515 1940,https://wa.me/9175151940,,,Luggage Storage,0917 515 1940,https://www.divesupply.com.ph/,,,,11.9985674,120.2026476,https://www.google.com/maps/place/Ocean+Dive+Supply+Philippines+-+Coron+Branch/data=!4m7!3m6!1s0x33ba1dd37c10c0ad:0x8b15e4ae6296a9b7!8m2!3d11.9985674!4d120.2026476!16s%2Fg%2F11c6_ynpf8!19sChIJrcAQfNMdujMRt6mWYq7kFYs?authuser=0&hl=en&rclk=1,"luggage storage in Coron Busuanga, Palawan, Philippines",Coron Busuanga
Sanrok Sa Ring Ring Native Products & Souvenir Shop,5.0,(7),,,,https://www.facebook.com/profile.php?id=100066466465359&mibextid=ZbWKwL,Luggage Storage,,https://www.facebook.com/profile.php?id=100066466465359&mibextid=ZbWKwL,,,,11.9996811,120.2019977,https://www.google.com/maps/place/Sanrok+Sa+Ring+Ring+Native+Products+%26+Souvenir+Shop/data=!4m7!3m6!1s0x33ba1d0011003a0d:0xe56db841e940d076!8m2!3d11.9996811!4d120.2019977!16s%2Fg%2F11y7fzp609!19sChIJDToAEQAdujMRdtBA6UG4beU?authuser=0&hl=en&rclk=1,"luggage storage in Coron Busuanga, Palawan, Philippines",Coron Busuanga
Big Dream Boatman - Island Hopping Expedition Tours - Coron and El Nido,4.9,(962),961 453 4158,https://wa.me/9614534158,,,Luggage Storage,0961 453 4158,https://bigdreamboatmancoron.com/,,,,11.9995723,120.201649,https://www.google.com/maps/place/Big+Dream+Boatman+-+Island+Hopping+Expedition+Tours+-+Coron+and+El+Nido/data=!4m7!3m6!1s0x33ba1f0465195587:0x250adb00acb2122!8m2!3d11.9995723!4d120.201649!16s%2Fg%2F11h4nhptxy!19sChIJh1UZZQQfujMRIiHLCrCtUAI?authuser=0&hl=en&rclk=1,"luggage storage in Coron Busuanga, Palawan, Philippines",Coron Busuanga
Twin Lagoon,4.8,(949),,,,,Luggage Storage,,,,,,11.9476028,120.2096798,https://www.google.com/maps/place/Twin+Lagoon/data=!4m7!3m6!1s0x33ba1d0cd171fadb:0x5d982357f5ef1b21!8m2!3d11.9476028!4d120.2096798!16s%2Fg%2F11sgcr70rg!19sChIJ2_px0QwdujMRIRvv9VcjmF0?authuser=0&hl=en&rclk=1,"luggage storage in Coron Busuanga, Palawan, Philippines",Coron Busuanga
John Motor Rental Coron,5.0,(201),905 307 1406,https://wa.me/9053071406,,,Luggage Storage,,http://facebook.com/coronmotorbikerental,,,,11.9969028,120.2064049,https://www.google.com/maps/place/John+Motor+Rental+Coron/data=!4m7!3m6!1s0x33ba1d2079d9e68f:0x184ef0291790fe43!8m2!3d11.9969028!4d120.2064049!16s%2Fg%2F11j7vb_bbg!19sChIJj-bZeSAdujMRQ_6QFynwThg?authuser=0&hl=en&rclk=1,"luggage storage in Coron Busuanga, Palawan, Philippines",Coron Busuanga
A Casa Portuguesa Coron Boutique Hostel,4.7,(39),919 591 3770,https://wa.me/9195913770,,,Luggage Storage,0919 591 3770,https://us2.cloudbeds.com/reservation/8uBc9m,,,,11.9985571,120.2094918,https://www.google.com/maps/place/A+Casa+Portuguesa+Coron+Boutique+Hostel/data=!4m11!3m10!1s0x33ba1d56a0873131:0x9def169feac9649e!5m3!1s2026-10-31!4m1!1i2!8m2!3d11.9985571!4d120.2094918!16s%2Fg%2F11xcxt6sw5!19sChIJMTGHoFYdujMRnmTJ6p8W750?authuser=0&hl=en&rclk=1,"luggage storage in Coron Busuanga, Palawan, Philippines",Coron Busuanga
Zenvea Hotel Coron,4.6,(210),945 320 6681,https://wa.me/9453206681,,,Luggage Storage,0945 320 6681,http://www.zenveacoron.com/,,,,12.0025147,120.1975144,https://www.google.com/maps/place/Zenvea+Hotel+Coron/data=!4m11!3m10!1s0x33ba1de4715bbb39:0xff7ec981b1c18f9e!5m3!1s2026-10-31!4m1!1i2!8m2!3d12.0025147!4d120.1975144!16s%2Fg%2F11fn76q10k!19sChIJObtbceQdujMRno_BsYHJfv8?authuser=0&hl=en&rclk=1,"luggage storage in Coron Busuanga, Palawan, Philippines",Coron Busuanga
Calamian Islands Travel and Tours,4.9,"(3,405)",920 577 1262,https://wa.me/9205771262,,,Luggage Storage,0920 577 1262,https://www.coron-travel.com/,,,,12.0003169,120.1968847,https://www.google.com/maps/place/Calamian+Islands+Travel+and+Tours/data=!4m7!3m6!1s0x33ba1dd5c02d521d:0x68127129af720b9e!8m2!3d12.0003169!4d120.1968847!16s%2Fg%2F1tfyynbh!19sChIJHVItwNUdujMRngtyrylxEmg?authuser=0&hl=en&rclk=1,"luggage storage in Coron Busuanga, Palawan, Philippines",Coron Busuanga
Sunburn Suites Coron,4.6,(124),917 107 1899,https://wa.me/9171071899,,,Luggage Storage,0917 107 1899,https://sunburncoron.top/,,,,11.9990858,120.2021673,https://www.google.com/maps/place/Sunburn+Suites+Coron/data=!4m11!3m10!1s0x33ba1d38f7c2b8b9:0xa716454df1481c66!5m3!1s2026-10-31!4m1!1i2!8m2!3d11.9990858!4d120.2021673!16s%2Fg%2F11kqxlh3yd!19sChIJubjC9zgdujMRZhxI8U1FFqc?authuser=0&hl=en&rclk=1,"luggage storage in Coron Busuanga, Palawan, Philippines",Coron Busuanga
Coron Central Market,3.7,(109),,,,,Luggage Storage,,,,,,11.9952011,120.205552,https://www.google.com/maps/place/Coron+Central+Market/data=!4m7!3m6!1s0x33ba1dd309d10863:0x82eeb4ee255e7a62!8m2!3d11.9952011!4d120.205552!16s%2Fg%2F1hd_r09wh!19sChIJYwjRCdMdujMRYnpeJe607oI?authuser=0&hl=en&rclk=1,"luggage storage in Coron Busuanga, Palawan, Philippines",Coron Busuanga
Blue Waters Inn,4.5,(64),917 888 7611,https://wa.me/9178887611,,,Luggage Storage,0917 888 7611,,,,,11.9982553,120.2035443,https://www.google.com/maps/place/Blue+Waters+Inn/data=!4m11!3m10!1s0x33ba1d001c837355:0xb33bb35ad8f223!5m3!1s2026-10-31!4m1!1i2!8m2!3d11.9982553!4d120.2035443!16s%2Fg%2F11x8tzdpmm!19sChIJVXODHAAdujMRI_LYWrM7swA?authuser=0&hl=en&rclk=1,"luggage storage in Coron Busuanga, Palawan, Philippines",Coron Busuanga
Tualla tourist van service,5.0,(9),917 510 2025,https://wa.me/9175102025,,,Transportation,,,,,,12.0548144,120.1825296,https://www.google.com/maps/place/Tualla+tourist+van+service/data=!4m7!3m6!1s0x33ba1fd43fe8b03d:0x9daada9e9db9caf8!8m2!3d12.0548144!4d120.1825296!16s%2Fg%2F11mvg13c6x!19sChIJPbDoP9QfujMR-Mq5nZ7aqp0?authuser=0&hl=en&rclk=1,"transportation in Coron Busuanga, Palawan, Philippines",Coron Busuanga
Coron Ferry Agency,4.5,(2),965 197 5777,https://wa.me/9651975777,,,Transportation,0965 197 5777,,,,,12.0489179,120.1519011,https://www.google.com/maps/place/Coron+Ferry+Agency/data=!4m7!3m6!1s0x33b9f5003afd0779:0x787c43bbf4c1c115!8m2!3d12.0489179!4d120.1519011!16s%2Fg%2F11vrlp0d78!19sChIJeQf9OgD1uTMRFcHB9LtDfHg?authuser=0&hl=en&rclk=1,"transportation in Coron Busuanga, Palawan, Philippines",Coron Busuanga
Gie Cris Tourist Boat Rental,5.0,(2),907 232 2767,https://wa.me/9072322767,,,Transportation,0907 232 2767,,,,,11.9951909,120.2026122,https://www.google.com/maps/place/Gie+Cris+Tourist+Boat+Rental/data=!4m7!3m6!1s0x33ba1d007fde4301:0x2c47eb3e9924da63!8m2!3d11.9951909!4d120.2026122!16s%2Fg%2F11mzh3jh6k!19sChIJAUPefwAdujMRY9okmT7rRyw?authuser=0&hl=en&rclk=1,"transportation in Coron Busuanga, Palawan, Philippines",Coron Busuanga
Lounard Private Tour,5.0,(1),,,,,Transportation,,,,,,11.9958711,120.2018039,https://www.google.com/maps/place/Lounard+Private+Tour/data=!4m7!3m6!1s0x33ba1d004b8c1065:0x587ef5b21b771b0e!8m2!3d11.9958711!4d120.2018039!16s%2Fg%2F11yph7026x!19sChIJZRCMSwAdujMRDht3G7L1flg?authuser=0&hl=en&rclk=1,"transportation in Coron Busuanga, Palawan, Philippines",Coron Busuanga
Coron Port,3.9,(8),,,,,Transportation,,,,,,11.9915189,120.2116497,https://www.google.com/maps/place/Coron+Port/data=!4m7!3m6!1s0x33ba1c3190298aed:0x38c1419e0a0d7be7!8m2!3d11.9915189!4d120.2116497!16s%2Fg%2F1vqtdb4p!19sChIJ7YopkDEcujMR53sNCp5BwTg?authuser=0&hl=en&rclk=1,"transportation in Coron Busuanga, Palawan, Philippines",Coron Busuanga
Boat rental mylen,5.0,(1),,,,,Transportation,,,,,,11.9989958,120.2046888,https://www.google.com/maps/place/Boat+rental+mylen/data=!4m7!3m6!1s0x33ba1d005c8f3b47:0xa3f88abcb1d502ff!8m2!3d11.9989958!4d120.2046888!16s%2Fg%2F11z4zcpl2p!19sChIJRzuPXAAdujMR_wLVsbyK-KM?authuser=0&hl=en&rclk=1,"transportation in Coron Busuanga, Palawan, Philippines",Coron Busuanga
Jopel Private Island Tours,5.0,(10),995 174 7288,https://wa.me/9951747288,,,Transportation,,,,,,11.9960419,120.2019151,https://www.google.com/maps/place/Jopel+Private+Island+Tours/data=!4m7!3m6!1s0x33ba1d00748f611f:0x248a0ddf2d80f692!8m2!3d11.9960419!4d120.2019151!16s%2Fg%2F11wh_l2rn9!19sChIJH2GPdAAdujMRkvaALd8NiiQ?authuser=0&hl=en&rclk=1,"transportation in Coron Busuanga, Palawan, Philippines",Coron Busuanga
JED'S MOTOR RENTAL,5.0,(365),912 130 9508,https://wa.me/9121309508,,,Scooter Rental,9 Roxas St,,,,,11.9976227,120.2058111,https://www.google.com/maps/place/JED%27S+MOTOR+RENTAL/data=!4m7!3m6!1s0x33b9f5eb228e9f31:0x592823909a316331!8m2!3d11.9976227!4d120.2058111!16s%2Fg%2F11tg6q2pn7!19sChIJMZ-OIuv1uTMRMWMxmpAjKFk?authuser=0&hl=en&rclk=1,"scooter rental in Coron Busuanga, Palawan, Philippines",Coron Busuanga
Luna Motor Rental,4.9,(73),966 195 2196,https://wa.me/9661952196,https://www.instagram.com/lunarentalph/,,Scooter Rental,0966 195 2196,https://www.instagram.com/lunarentalph/,,,,11.9995967,120.204601,https://www.google.com/maps/place/Luna+Motor+Rental/data=!4m7!3m6!1s0x33ba1d565dacc167:0xfa4fc7be22b77661!8m2!3d11.9995967!4d120.204601!16s%2Fg%2F11kb1j9y59!19sChIJZ8GsXVYdujMRYXa3Ir7HT_o?authuser=0&hl=en&rclk=1,"scooter rental in Coron Busuanga, Palawan, Philippines",Coron Busuanga
Chilchill motorcycle rental,5.0,(139),916 656 9405,https://wa.me/9166569405,,,Scooter Rental,0916 656 9405,,,,,12.0041937,120.1989083,https://www.google.com/maps/place/Chilchill+motorcycle+rental/data=!4m7!3m6!1s0x33ba1d6bcdbfab03:0x46685d3f6b0373fc!8m2!3d12.0041937!4d120.1989083!16s%2Fg%2F11sj731_z5!19sChIJA6u_zWsdujMR_HMDaz9daEY?authuser=0&hl=en&rclk=1,"scooter rental in Coron Busuanga, Palawan, Philippines",Coron Busuanga
MAD MOTOR RENTAL,4.5,(17),916 640 4003,https://wa.me/9166404003,,https://www.facebook.com/profile.php?id=100090906875605&mibextid=LQQJ4d,Scooter Rental,5 Coron,https://www.facebook.com/profile.php?id=100090906875605&mibextid=LQQJ4d,,,,12.0047759,120.1994768,https://www.google.com/maps/place/MAD+MOTOR+RENTAL/data=!4m7!3m6!1s0x33ba1fd9f8a4c1b1:0x8e484e4d8f08567f!8m2!3d12.0047759!4d120.1994768!16s%2Fg%2F11twgdx3c8!19sChIJscGk-NkfujMRf1YIj01OSI4?authuser=0&hl=en&rclk=1,"scooter rental in Coron Busuanga, Palawan, Philippines",Coron Busuanga
Mico Motorcycle Rental,4.0,(101),955 432 5751,https://wa.me/9554325751,,,Scooter Rental,0955 432 5751,,,,,12.0078503,120.2009037,https://www.google.com/maps/place/Mico+Motorcycle+Rental/data=!4m7!3m6!1s0x33ba1f03eb342e5d:0x8bb2c5bd367cd01b!8m2!3d12.0078503!4d120.2009037!16s%2Fg%2F11s2pm419j!19sChIJXS406wMfujMRG9B8Nr3Fsos?authuser=0&hl=en&rclk=1,"scooter rental in Coron Busuanga, Palawan, Philippines",Coron Busuanga
CAILEY MOTOR RENTAL,4.6,(19),956 035 5872,https://wa.me/9560355872,,https://www.facebook.com/profile.php?id=61563578416902&mibextid=kFxxJD,Scooter Rental,,https://www.facebook.com/profile.php?id=61563578416902&mibextid=kFxxJD,,,,12.0167701,120.1896518,https://www.google.com/maps/place/CAILEY+MOTOR+RENTAL/data=!4m7!3m6!1s0x33ba1f00018ccb21:0xd8a2664e59bc3978!8m2!3d12.0167701!4d120.1896518!16s%2Fg%2F11y844c31w!19sChIJIcuMAQAfujMReDm8WU5motg?authuser=0&hl=en&rclk=1,"scooter rental in Coron Busuanga, Palawan, Philippines",Coron Busuanga
3-Y MOTORCYCLE RENTAL,4.8,(12),906 598 5597,https://wa.me/9065985597,,,Scooter Rental,0906 598 5597,,,,,12.0019958,120.1995932,https://www.google.com/maps/place/3-Y+MOTORCYCLE+RENTAL/data=!4m7!3m6!1s0x33ba1dc1ba049e33:0x1e1cc3288f2f8ae7!8m2!3d12.0019958!4d120.1995932!16s%2Fg%2F11vr9d09t9!19sChIJM54EusEdujMR54ovjyjDHB4?authuser=0&hl=en&rclk=1,"scooter rental in Coron Busuanga, Palawan, Philippines",Coron Busuanga
Sachi Motor Rental,5.0,(24),915 356 1254,https://wa.me/9153561254,,,Scooter Rental,0915 356 1254,,,,,11.9997747,120.2062929,https://www.google.com/maps/place/Sachi+Motor+Rental/data=!4m7!3m6!1s0x33ba1d621545ad27:0x418ff9f1e6d3178f!8m2!3d11.9997747!4d120.2062929!16s%2Fg%2F11vpptszq9!19sChIJJ61FFWIdujMRjxfT5vH5j0E?authuser=0&hl=en&rclk=1,"scooter rental in Coron Busuanga, Palawan, Philippines",Coron Busuanga
Lems & Lyn Motorbike Rental,5.0,(8),956 754 9332,https://wa.me/9567549332,,,Scooter Rental,1 Sinamay,https://joshrevechoportfolio.my.canva.site/lemsandlynmotorbikerental/,,,,11.9991321,120.2113541,https://www.google.com/maps/place/Lems+%26+Lyn+Motorbike+Rental/data=!4m7!3m6!1s0x33ba1d2766b6a79f:0xd4d794e16e15f6cd!8m2!3d11.9991321!4d120.2113541!16s%2Fg%2F11z5qfn_ns!19sChIJn6e2ZicdujMRzfYVbuGU19Q?authuser=0&hl=en&rclk=1,"scooter rental in Coron Busuanga, Palawan, Philippines",Coron Busuanga
Pixiee Motorcycle Rental,5.0,(38),927 940 7406,https://wa.me/9279407406,https://www.instagram.com/pixieemotorcyclerental?igsh=MWNiOXU5bnFsc3hhdQ==,,Scooter Rental,0927 940 7406,https://www.instagram.com/pixieemotorcyclerental?igsh=MWNiOXU5bnFsc3hhdQ==,,,,12.0062883,120.1997003,https://www.google.com/maps/place/Pixiee+Motorcycle+Rental/data=!4m7!3m6!1s0x33ba1fc7de7b8ba7:0xab2fdb56548d34da!8m2!3d12.0062883!4d120.1997003!16s%2Fg%2F11wbzpmy6n!19sChIJp4t73scfujMR2jSNVFbbL6s?authuser=0&hl=en&rclk=1,"scooter rental in Coron Busuanga, Palawan, Philippines",Coron Busuanga
EAGLE'S EYE MOTOR RENTAL,4.6,(34),908 242 6203,https://wa.me/9082426203,,,Scooter Rental,0908 242 6203,,,,,12.0015381,120.2091458,https://www.google.com/maps/place/EAGLE%27S+EYE+MOTOR+RENTAL/data=!4m7!3m6!1s0x33ba1d181c8ab727:0xf15a2890e849d58c!8m2!3d12.0015381!4d120.2091458!16s%2Fg%2F11qp2h090t!19sChIJJ7eKHBgdujMRjNVJ6JAoWvE?authuser=0&hl=en&rclk=1,"scooter rental in Coron Busuanga, Palawan, Philippines",Coron Busuanga
Macarwash Moto Rental,4.0,(20),,,,,Scooter Rental,,,,,,12.0013297,120.2094137,https://www.google.com/maps/place/Macarwash+Moto+Rental/data=!4m7!3m6!1s0x33ba1d7cfdd51817:0xd1f0a8b0be150d23!8m2!3d12.0013297!4d120.2094137!16s%2Fg%2F11trd9102n!19sChIJFxjV_XwdujMRIw0VvrCo8NE?authuser=0&hl=en&rclk=1,"scooter rental in Coron Busuanga, Palawan, Philippines",Coron Busuanga
Luffy’s CAR & MOTOR BIKE RENTAL,5.0,(5),908 123 1931,https://wa.me/9081231931,,https://www.facebook.com/share/1ERrjQ2Qki/?mibextid=wwXIfr,Scooter Rental,1 Tagumpay,https://www.facebook.com/share/1ERrjQ2Qki/?mibextid=wwXIfr,,,,11.995883,120.2125267,https://www.google.com/maps/place/Luffy%E2%80%99s+CAR+%26+MOTOR+BIKE+RENTAL/data=!4m7!3m6!1s0x33ba1dbfc7dae9cf:0x43790cf070e93a46!8m2!3d11.995883!4d120.2125267!16s%2Fg%2F11myvd25kz!19sChIJz-nax78dujMRRjrpcPAMeUM?authuser=0&hl=en&rclk=1,"scooter rental in Coron Busuanga, Palawan, Philippines",Coron Busuanga
VIA Motor rental,5.0,(2),967 283 9178,https://wa.me/9672839178,,,Scooter Rental,,,,,,12.023206,120.1834677,https://www.google.com/maps/place/VIA+Motor+rental/data=!4m7!3m6!1s0x33ba1f42ae4f7749:0x7b27695eec54d010!8m2!3d12.023206!4d120.1834677!16s%2Fg%2F11vlc3rqt1!19sChIJSXdPrkIfujMRENBU7F5pJ3s?authuser=0&hl=en&rclk=1,"scooter rental in Coron Busuanga, Palawan, Philippines",Coron Busuanga
Ethan Motor Rental,4.3,(3),935 913 8518,https://wa.me/9359138518,,,Scooter Rental,231 Coron,,,,,12.0014551,120.200258,https://www.google.com/maps/place/Ethan+Motor+Rental/data=!4m7!3m6!1s0x33ba1ddcc91bb0fb:0x68ec5f38833ea84f!8m2!3d12.0014551!4d120.200258!16s%2Fg%2F11trs4dnt5!19sChIJ-7AbydwdujMRT6g-gzhf7Gg?authuser=0&hl=en&rclk=1,"scooter rental in Coron Busuanga, Palawan, Philippines",Coron Busuanga
Grace Motorcycle Rental,5.0,(3),966 192 0800,https://wa.me/9661920800,,,Scooter Rental,0966 192 0800,http://www.coronmotorbikerental.com/,,,,12.003063,120.1967411,https://www.google.com/maps/place/Grace+Motorcycle+Rental/data=!4m7!3m6!1s0x33ba1dfefcfb1edd:0x41544496dd8318f9!8m2!3d12.003063!4d120.1967411!16s%2Fg%2F11sj9n3v60!19sChIJ3R77_P4dujMR-RiD3ZZEVEE?authuser=0&hl=en&rclk=1,"scooter rental in Coron Busuanga, Palawan, Philippines",Coron Busuanga
RLB MOTORCYCLE RENTAL,5.0,(8),927 694 5642,https://wa.me/9276945642,,https://www.facebook.com/profile.php?id=61550827475395&mibextid=ZbWKwL,Scooter Rental,0927 694 5642,https://www.facebook.com/profile.php?id=61550827475395&mibextid=ZbWKwL,,,,11.998357,120.2075256,https://www.google.com/maps/place/RLB+MOTORCYCLE+RENTAL/data=!4m7!3m6!1s0x33ba1de7eeb83b09:0xc48cb82e2b66b9d!8m2!3d11.998357!4d120.2075256!16s%2Fg%2F11vb4d0w8j!19sChIJCTu47ucdujMRnWu24oLLSAw?authuser=0&hl=en&rclk=1,"scooter rental in Coron Busuanga, Palawan, Philippines",Coron Busuanga
JK Motorcycle Rental,5.0,(1),927 541 1681,https://wa.me/9275411681,,,Scooter Rental,0927 541 1681,,,,,11.9989328,120.2036258,https://www.google.com/maps/place/JK+Motorcycle+Rental/data=!4m7!3m6!1s0x33ba1d002a07c20f:0xe69b98c841310b60!8m2!3d11.9989328!4d120.2036258!16s%2Fg%2F11z0214jh1!19sChIJD8IHKgAdujMRYAsxQciYm-Y?authuser=0&hl=en&rclk=1,"scooter rental in Coron Busuanga, Palawan, Philippines",Coron Busuanga
Dadude's Car Rental,4.6,(16),977 817 3633,https://wa.me/9778173633,,https://m.facebook.com/Coron-Car-RentalSelf-Drive-110110717034717/?tsid=0.5534933671837354&source=result,Scooter Rental,0977 817 3633,https://m.facebook.com/Coron-Car-RentalSelf-Drive-110110717034717/?tsid=0.5534933671837354&source=result,,,,11.9980024,120.2127983,https://www.google.com/maps/place/Dadude%27s+Car+Rental/data=!4m7!3m6!1s0x33ba1dead25af1e1:0x4ba8ee6fe211a6b6!8m2!3d11.9980024!4d120.2127983!16s%2Fg%2F11s_7_36cj!19sChIJ4fFa0uodujMRtqYR4m_uqEs?authuser=0&hl=en&rclk=1,"scooter rental in Coron Busuanga, Palawan, Philippines",Coron Busuanga
Darenz Motor Rental,5.0,(2),920 985 2728,https://wa.me/9209852728,,,Scooter Rental,0920 985 2728,,,,,12.0076639,120.1993516,https://www.google.com/maps/place/Darenz+Motor+Rental/data=!4m7!3m6!1s0x33ba1f4517909e65:0xd0240bb9a0157f0!8m2!3d12.0076639!4d120.1993516!16s%2Fg%2F11wqxyztzf!19sChIJZZ6QF0UfujMR8FcBmrtAAg0?authuser=0&hl=en&rclk=1,"scooter rental in Coron Busuanga, Palawan, Philippines",Coron Busuanga
Kz Travel and Tour/Ethan Motor Rental/Dugong Watching Information,4.6,(46),935 913 8518,https://wa.me/9359138518,,,Scooter Rental,231 Coron,,,,,12.0028036,120.1990256,https://www.google.com/maps/place/Kz+Travel+and+Tour%2FEthan+Motor+Rental%2FDugong+Watching+Information/data=!4m7!3m6!1s0x33ba1dddabc62f93:0x7fdec8725a4bee1e!8m2!3d12.0028036!4d120.1990256!16s%2Fg%2F11trs3xcmp!19sChIJky_Gq90dujMRHu5LWnLI3n8?authuser=0&hl=en&rclk=1,"scooter rental in Coron Busuanga, Palawan, Philippines",Coron Busuanga
Barracuda Tours Expeditions,5.0,(77),927 723 1754,https://wa.me/9277231754,,,Scooter Rental,0927 723 1754,https://www.barracudacoron.com/,,,,12.0003985,120.2010937,https://www.google.com/maps/place/Barracuda+Tours+Expeditions/data=!4m7!3m6!1s0x33ba1df2f305946d:0x3b6c2b561a217757!8m2!3d12.0003985!4d120.2010937!16s%2Fg%2F11vr4fg8v6!19sChIJbZQF8_IdujMRV3chGlYrbDs?authuser=0&hl=en&rclk=1,"scooter rental in Coron Busuanga, Palawan, Philippines",Coron Busuanga
Vape Zone Coron,5.0,(7),927 170 9154,https://wa.me/9271709154,,,Scooter Rental,0927 170 9154,,,,,11.9997908,120.2062936,https://www.google.com/maps/place/Vape+Zone+Coron/data=!4m7!3m6!1s0x33ba1dcce987bcdb:0x57522ced2ba5dfb2!8m2!3d11.9997908!4d120.2062936!16s%2Fg%2F11s2pqkb__!19sChIJ27yH6cwdujMRst-lK-0sUlc?authuser=0&hl=en&rclk=1,"scooter rental in Coron Busuanga, Palawan, Philippines",Coron Busuanga
Island Travel and Tours Coron,4.9,(62),916 261 1626,https://wa.me/9162611626,,,Scooter Rental,,http://islandtravelandtourscoron.com/,,,,11.9929375,120.2114375,https://www.google.com/maps/place/Island+Travel+and+Tours+Coron/data=!4m7!3m6!1s0x33ba1de25075036b:0x9911ad70a7bc6f58!8m2!3d11.9929375!4d120.2114375!16s%2Fg%2F11tsd5vs1m!19sChIJawN1UOIdujMRWG-8p3CtEZk?authuser=0&hl=en&rclk=1,"scooter rental in Coron Busuanga, Palawan, Philippines",Coron Busuanga
Eighty Eight Tourist Inn by Lagum Adventure,4.7,(15),956 429 8941,https://wa.me/9564298941,,,Scooter Rental,0956 429 8941,,,,,12.0002022,120.2105556,https://www.google.com/maps/place/Eighty+Eight+Tourist+Inn+by+Lagum+Adventure/data=!4m11!3m10!1s0x33ba1d19b2969925:0x1dcc0a606a77b8bf!5m3!1s2026-10-31!4m1!1i2!8m2!3d12.0002022!4d120.2105556!16s%2Fg%2F11wjnvlw3v!19sChIJJZmWshkdujMRv7h3amAKzB0?authuser=0&hl=en&rclk=1,"scooter rental in Coron Busuanga, Palawan, Philippines",Coron Busuanga
Ecocio jungle hostel,4.1,(61),950 356 9632,https://wa.me/9503569632,,,Scooter Rental,0950 356 9632,https://www.ecocio.org/,,,,12.0095412,120.2161677,https://www.google.com/maps/place/Ecocio+jungle+hostel/data=!4m11!3m10!1s0x33ba1f4055a4c673:0xf43666934f19800b!5m3!1s2026-10-31!4m1!1i2!8m2!3d12.0095412!4d120.2161677!16s%2Fg%2F11l_5g9xk2!19sChIJc8akVUAfujMRC4AZT5NmNvQ?authuser=0&hl=en&rclk=1,"scooter rental in Coron Busuanga, Palawan, Philippines",Coron Busuanga
Screaming Gecko Hostel,3.7,(67),936 870 3054,https://wa.me/9368703054,,,Scooter Rental,0936 870 3054,https://philippinesislandhopping.com/,,,,11.9994127,120.2027387,https://www.google.com/maps/place/Screaming+Gecko+Hostel/data=!4m11!3m10!1s0x33ba1dff82d0ff13:0x253094b38909a4ea!5m3!1s2026-10-31!4m1!1i2!8m2!3d11.9994127!4d120.2027387!16s%2Fg%2F11fstrpdcn!19sChIJE__Qgv8dujMR6qQJibOUMCU?authuser=0&hl=en&rclk=1,"scooter rental in Coron Busuanga, Palawan, Philippines",Coron Busuanga
Petron Gas Station,4.8,(5),,,,,Gas Station,,,,,,12.0276664,120.1779785,https://www.google.com/maps/place/Petron+Gas+Station/data=!4m7!3m6!1s0x33ba1f8d657200db:0x19589512288123e9!8m2!3d12.0276664!4d120.1779785!16s%2Fg%2F11rsch5jms!19sChIJ2wByZY0fujMR6SOBKBKVWBk?authuser=0&hl=en&rclk=1,"gas station in Coron Busuanga, Palawan, Philippines",Coron Busuanga
Primero Uno Gas Station,4.5,(6),917 556 6829,https://wa.me/9175566829,,,Gas Station,0917 556 6829,,,,,11.9924647,120.2118739,https://www.google.com/maps/place/Primero+Uno+Gas+Station/data=!4m7!3m6!1s0x33ba1c31e3cc8da3:0x7bfd7b1a6345e6d3!8m2!3d11.9924647!4d120.2118739!16s%2Fg%2F11d_ys_4n3!19sChIJo43M4zEcujMR0-ZFYxp7_Xs?authuser=0&hl=en&rclk=1,"gas station in Coron Busuanga, Palawan, Philippines",Coron Busuanga
Petron Station,4.6,(9),,,,,Gas Station,,,,,,12.0028603,120.1989772,https://www.google.com/maps/place/Petron+Station/data=!4m7!3m6!1s0x33ba1dd67777a997:0xf6217e594b89579f!8m2!3d12.0028603!4d120.1989772!16s%2Fg%2F11h028t3h!19sChIJl6l3d9YdujMRn1eJS1l-IfY?authuser=0&hl=en&rclk=1,"gas station in Coron Busuanga, Palawan, Philippines",Coron Busuanga
NITRO GASOLINE STATION,5.0,(1),,,,,Gas Station,,,,,,12.0259946,120.1803412,https://www.google.com/maps/place/NITRO+GASOLINE+STATION/data=!4m7!3m6!1s0x33b9f5001d458b2f:0x5527512c4be59704!8m2!3d12.0259946!4d120.1803412!16s%2Fg%2F11vz8cc9vv!19sChIJL4tFHQD1uTMRBJflSyxRJ1U?authuser=0&hl=en&rclk=1,"gas station in Coron Busuanga, Palawan, Philippines",Coron Busuanga
CALTEX CORON,5.0,(1),917 128 8828,https://wa.me/9171288828,,,Gas Station,0917 128 8828,,,,,12.0254914,120.1805853,https://www.google.com/maps/place/CALTEX+CORON/data=!4m7!3m6!1s0x33ba1f182aac31ef:0x1002105b8b61cfc6!8m2!3d12.0254914!4d120.1805853!16s%2Fg%2F11fl7l96_x!19sChIJ7zGsKhgfujMRxs9hi1sQAhA?authuser=0&hl=en&rclk=1,"gas station in Coron Busuanga, Palawan, Philippines",Coron Busuanga
Palawan Express,4.8,(5),,,,,Gas Station,,,,,,12.023376,120.1835102,https://www.google.com/maps/place/Palawan+Express/data=!4m7!3m6!1s0x33ba1e6b18e5b9fd:0xa3174a169fa1b897!8m2!3d12.023376!4d120.1835102!16s%2Fg%2F1264p3h1y!19sChIJ_bnlGGseujMRl7ihnxZKF6M?authuser=0&hl=en&rclk=1,"gas station in Coron Busuanga, Palawan, Philippines",Coron Busuanga
Diguiboy,5.0,(1),,,,,Gas Station,,,,,,12.0260855,120.1803516,https://www.google.com/maps/place/Diguiboy/data=!4m7!3m6!1s0x33ba1f0023415753:0x9125d19bfd4c65ad!8m2!3d12.0260855!4d120.1803516!16s%2Fg%2F11wmtklh_t!19sChIJU1dBIwAfujMRrWVM_ZvRJZE?authuser=0&hl=en&rclk=1,"gas station in Coron Busuanga, Palawan, Philippines",Coron Busuanga
MEGA OIL GAS STATION,4.0,(1),,,,,Gas Station,,,,,,12.0012461,120.1988799,https://www.google.com/maps/place/MEGA+OIL+GAS+STATION/data=!4m7!3m6!1s0x33ba1d0012f48d01:0x1acce1cc1edc99f4!8m2!3d12.0012461!4d120.1988799!16s%2Fg%2F11wbn_911f!19sChIJAY30EgAdujMR9JncHszhzBo?authuser=0&hl=en&rclk=1,"gas station in Coron Busuanga, Palawan, Philippines",Coron Busuanga
Buntor Gas Station,5.0,(1),,,,,Gas Station,,,,,,12.027988,120.1774294,https://www.google.com/maps/place/Buntor+Gas+Station/data=!4m7!3m6!1s0x33ba1fe5c684db5b:0xb1b7684cfc4b2c0f!8m2!3d12.027988!4d120.1774294!16s%2Fg%2F11s5tn_xzx!19sChIJW9uExuUfujMRDyxL_Exot7E?authuser=0&hl=en&rclk=1,"gas station in Coron Busuanga, Palawan, Philippines",Coron Busuanga
Coron Tourists Information Center,4.7,(3),,,,,Tourist Information,,,https://lh3.googleusercontent.com/gps-cs-s/APNQkAHG1xYUCnagQiMHAduIOxZZ4dPtbS7j0GNTXRUrR88B-r1oynlAukWIF0qsR7_CIA8AERlE94yal4zAR7nsdnUhhDsJG8cpR-yLkaF_WXHccvnI25mEa41oOJVAmpwnxJvd88AJ=w1600-h1200-k-no,,,11.9974643,120.2027779,https://www.google.com/maps/place/Coron+Tourists+Information+Center/data=!4m7!3m6!1s0x33ba1d290088af6d:0xe6ae771244c153f9!8m2!3d11.9974643!4d120.2027779!16s%2Fg%2F11h_cnsj72!19sChIJba-IACkdujMR-VPBRBJ3ruY?authuser=0&hl=en&rclk=1,"tourist information in Coron Busuanga, Palawan, Philippines",Coron Busuanga
Coron Island Hopping,5.0,(1),,,,,Tourist Information,,,,,,12.0060071,120.1950093,https://www.google.com/maps/place/Coron+Island+Hopping/data=!4m7!3m6!1s0x33ba1d4aae4a6345:0x9fee9782947823d8!8m2!3d12.0060071!4d120.1950093!16s%2Fg%2F11myrwn3dq!19sChIJRWNKrkodujMR2CN4lIKX7p8?authuser=0&hl=en&rclk=1,"tourist information in Coron Busuanga, Palawan, Philippines",Coron Busuanga
CORON ROADSIDE TRAVEL AND TOUR SERVICES,4.7,(265),,,,,Tourist Information,,,https://lh3.googleusercontent.com/gps-cs-s/APNQkAGn3X85qVqvXcsoTqolSTIfn5tHJDZVqOM4696ZA2lzxmjSYOLzZ3Ys7uzWydhF4RsBXC_UCTNGv0DNUNJitnpBQFPVT8dn-RkqEt1-WTC2nsz5ssTLSCMiRi-v8-270o_zN8EN=w1600-h1200-k-no,,,11.9981178,120.2125678,https://www.google.com/maps/place/CORON+ROADSIDE+TRAVEL+AND+TOUR+SERVICES/data=!4m7!3m6!1s0x33ba1d1ef41ace2d:0xad21e1b366e26a6c!8m2!3d11.9981178!4d120.2125678!16s%2Fg%2F11j0h6pp21!19sChIJLc4a9B4dujMRbGriZrPhIa0?authuser=0&hl=en&rclk=1,"tourist information in Coron Busuanga, Palawan, Philippines",Coron Busuanga
Experience Coron Travel and Tours,4.8,(495),,,,,Tourist Information,16 Don Pedro St,,https://lh3.googleusercontent.com/gps-cs-s/APNQkAGDVSht-6op1C3JDn1Mw5_N94jLR8_97UZN8ACHhWYj-m0nfdDzqiSTxFsKGZD0Mkm-sxNLrrbACFkrdfr64IT_K_2VaAHqyVr73ekJJQh_wr7bxnvldSu6vNXXCVmpIp_bgXdg=w1600-h1200-k-no,,,11.9987374,120.20228,https://www.google.com/maps/place/Experience+Coron+Travel+and+Tours/data=!4m7!3m6!1s0x33b9f5e83f393255:0x3943e427f6d7ea92!8m2!3d11.9987374!4d120.20228!16s%2Fg%2F11s462jb5z!19sChIJVTI5P-j1uTMRkurX9ifkQzk?authuser=0&hl=en&rclk=1,"tourist information in Coron Busuanga, Palawan, Philippines",Coron Busuanga
Islas Pilipinas' Travel & Tours,4.7,(24),,,,,Tourist Information,224 National Highway,,https://lh3.googleusercontent.com/gps-cs-s/APNQkAHnSO5NvJOJiDpVSjVGFNn6T9_17Yd7fHvry75zqTLbfHvD1eVtGczXpo2EEdQtf47OFwWQqB-H2TaMdGU5mFoKNDckV8uevzZM7ec30MZwjnP4RSUeCQ3KX-7agTRWN79z6OW_-M5vHhgD=w1600-h1200-k-no,,,12.0019268,120.1999072,https://www.google.com/maps/place/Islas+Pilipinas%27+Travel+%26+Tours/data=!4m7!3m6!1s0x33ba1dd4724f5889:0xaccf36918bfd6b8b!8m2!3d12.0019268!4d120.1999072!16s%2Fg%2F11vx30tp_d!19sChIJiVhPctQdujMRi2v9i5E2z6w?authuser=0&hl=en&rclk=1,"tourist information in Coron Busuanga, Palawan, Philippines",Coron Busuanga
Nice in Paradise,4.7,(116),,,,,Tourist Information,,,https://lh3.googleusercontent.com/gps-cs-s/APNQkAFeLvDae5G2UBq3PRNXPSztxmuGHo9pjc0lE9yaFPS_eNdEMWNVWYZnXx2Y4V410MfMRcVG7E-jjtYx1a_fpU218gomMVkvhxvPutRW8ZubpayjMz5owS_PRmAhQCfcSUWWy1_bUg=w1600-h1200-k-no,,,11.9987646,120.2022522,https://www.google.com/maps/place/Nice+in+Paradise/data=!4m7!3m6!1s0x33ba1dd47ee9125f:0x1c6be1be40a2c9a9!8m2!3d11.9987646!4d120.2022522!16s%2Fg%2F11c1szg9t1!19sChIJXxLpftQdujMRqcmiQL7haxw?authuser=0&hl=en&rclk=1,"tourist information in Coron Busuanga, Palawan, Philippines",Coron Busuanga
Paradise View | Travel and Tours,4.2,(62),,,,,Tourist Information,,,https://lh3.googleusercontent.com/gps-cs-s/APNQkAHgB0NooPWHO9fENL7LhSDeeMcNEVMs3u4jSXdJQlhgu5yhh8EM3USygLY05mMIuoEU3OZnLZZq2dmUpO0GS41o6JONAjDnagYqNCnYCAWGkOxIWJd2_Wqsaylo_cJjrsGTm5CrCCrNPWKe=w1600-h1200-k-no,,,11.9988186,120.2030773,https://www.google.com/maps/place/Paradise+View+%7C+Travel+and+Tours/data=!4m7!3m6!1s0x33ba1df246e966c9:0xbcd439c567796f4b!8m2!3d11.9988186!4d120.2030773!16s%2Fg%2F11fr5r6xvx!19sChIJyWbpRvIdujMRS295Z8U51Lw?authuser=0&hl=en&rclk=1,"tourist information in Coron Busuanga, Palawan, Philippines",Coron Busuanga
Buhay Isla Ecotour - Coron,4.9,"(1,194)",,,,,Tourist Information,,,https://lh3.googleusercontent.com/gps-cs-s/APNQkAGLyDyI9SlriF70e--12kb-VRlpmubqY0KgsAhpAwSmitzlZxn6vSnBmldKOrOQm_9x9ndmFie_TCXnfonCY8LRqbjMhi7BArBIhrrtJgKrD3O9ouJc9Qz0g5NOFmoVE77F7MhH=w1600-h1200-k-no,,,11.9966433,120.2128157,https://www.google.com/maps/place/Buhay+Isla+Ecotour+-+Coron/data=!4m7!3m6!1s0x33ba1c2ec4eee8b5:0x15309f04eb979047!8m2!3d11.9966433!4d120.2128157!16s%2Fg%2F11gfh1w_st!19sChIJtejuxC4cujMRR5CX6wSfMBU?authuser=0&hl=en&rclk=1,"tourist information in Coron Busuanga, Palawan, Philippines",Coron Busuanga
Wildlife Travel and Tours - Coron,4.7,(23),,,,,Tourist Information,,,https://lh3.googleusercontent.com/gps-cs-s/APNQkAH6VEXBtBhx99-oWErCzyzRE_UC06xlzLWynCzOxZKK1JIusgzEYWL859GTfkdip6ujwOpc4hq1Y6fwAzLA7Acl4PlwvZPwssdzhEYl-wBq-GXiXvhLp2J8EPAjhx7mmXQCX042cw=w1600-h1200-k-no,,,11.9983113,120.2039514,https://www.google.com/maps/place/Wildlife+Travel+and+Tours+-+Coron/data=!4m7!3m6!1s0x33ba1d30c6fd3997:0x652c17a4334a2781!8m2!3d11.9983113!4d120.2039514!16s%2Fg%2F11vx4j95zk!19sChIJlzn9xjAdujMRgSdKM6QXLGU?authuser=0&hl=en&rclk=1,"tourist information in Coron Busuanga, Palawan, Philippines",Coron Busuanga
Kajy Travel & Tours Coron Palawan,5.0,(365),,,,,Tourist Information,5 National Highway,,https://lh3.googleusercontent.com/gps-cs-s/APNQkAFhyzLyMR4xu6FonZnMT8Q65_jkdN38Cnkeyrv5IzXOCzHsFeU8hFlNnU1q09vPaZIQ8c8axbX9uaIN4dC1QI9tdlZ0YN6-mTlasojN86XP0Te4JS3-ow_9crJz6pk0qLFP067A=w1600-h1200-k-no,,,12.001021,120.2007021,https://www.google.com/maps/place/Kajy+Travel+%26+Tours+Coron+Palawan/data=!4m7!3m6!1s0x33ba1de17395f00f:0x9ba6548bce727d88!8m2!3d12.001021!4d120.2007021!16s%2Fg%2F11h6cxxfsl!19sChIJD_CVc-EdujMRiH1yzotUpps?authuser=0&hl=en&rclk=1,"tourist information in Coron Busuanga, Palawan, Philippines",Coron Busuanga
Tropical Paradise - Boat Expeditions & Adventure Tours,4.8,(78),,,,,Tourist Information,,,https://lh3.googleusercontent.com/gps-cs-s/APNQkAFm_2jYgWk98C3yR8ztjwhJvl4z_zKJKMsnPljwS8MG8Iqnx1WDWrXwxYyXolQDiFP20qZTCMS5obM85XyzX063uMF96zUWGGYcHiktdpEE4PSQmAJ4aH2Vp0MyXrsu8wZxKI5yBQ=w1600-h1200-k-no,,,11.9947782,120.2120372,https://www.google.com/maps/place/Tropical+Paradise+-+Boat+Expeditions+%26+Adventure+Tours/data=!4m7!3m6!1s0x33ba1d169e3cdfe9:0x6d5d9122f808f8b0!8m2!3d11.9947782!4d120.2120372!16s%2Fg%2F11h0478r1q!19sChIJ6d88nhYdujMRsPgI-CKRXW0?authuser=0&hl=en&rclk=1,"tourist information in Coron Busuanga, Palawan, Philippines",Coron Busuanga
VIN'Z TRAVEL & TOURS,5.0,(3),,,,,Tourist Information,,,https://lh3.googleusercontent.com/gps-cs-s/APNQkAH1QME6mNXKhWZQ4fF0hPRls5YIIxvQTVP_B36BRyMYIRuvojFW-QnyW9fpvvT7dzpEnlC6AV4LXUazRpe-mwoNzADBxYtd16wCDNNoiKCt42eNSliXKIdP9BSfDA0BrEjlNi4=w1600-h1200-k-no,,,11.9987228,120.2121628,https://www.google.com/maps/place/VIN%27Z+TRAVEL+%26+TOURS/data=!4m7!3m6!1s0x33ba1dc9de8af257:0x3904652c0046f0ae!8m2!3d11.9987228!4d120.2121628!16s%2Fg%2F11hzm8lvd5!19sChIJV_KK3skdujMRrvBGACxlBDk?authuser=0&hl=en&rclk=1,"tourist information in Coron Busuanga, Palawan, Philippines",Coron Busuanga
BLUE LAGOON ADVENTURE TRAVEL & TOURS,4.8,(17),,,,,Tourist Information,1 poblacion,,https://lh3.googleusercontent.com/gps-cs-s/APNQkAE1QJHtkuU1URHk_p1yBQJjAH2FgTPRbX6KsaSe6tzQBOOfF7V2lU2-1xRlB29VYUff_ddHONTQHua6i_8IU9Hkc1_YyDHoZ87foen6TWwvfSohVJhX6A-5_2x-PGgn7Feh7nOO4iaEY6no=w1600-h1200-k-no,,,11.9992153,120.2111464,https://www.google.com/maps/place/BLUE+LAGOON+ADVENTURE+TRAVEL+%26+TOURS/data=!4m7!3m6!1s0x33ba1c29610d8d29:0x40589509e4ad0f0c!8m2!3d11.9992153!4d120.2111464!16s%2Fg%2F11bz_zwt44!19sChIJKY0NYSkcujMRDA-t5AmVWEA?authuser=0&hl=en&rclk=1,"tourist information in Coron Busuanga, Palawan, Philippines",Coron Busuanga
Island Hopping in the Philippines,4.3,(39),,,,,Tourist Information,25 Don Pedro StCloses soon,,https://lh3.googleusercontent.com/gps-cs-s/APNQkAEzC-lm55KBEG91KTxTaz6R4qgV-TSUNVhCKPgwm_JZx0gc7CU2fA0klMKBbLeAMh9BplZZA_yvRkAqzCnrx-iZIjPiHMYJ7uw2F_sWY5Xzl8FTjuOMUdSeb8_6qVO38VSiVcA=w1600-h1200-k-no,,,11.9977875,120.2042206,https://www.google.com/maps/place/Island+Hopping+in+the+Philippines/data=!4m7!3m6!1s0x33b563d8f8b77acf:0x991d783871a7889e!8m2!3d11.9977875!4d120.2042206!16s%2Fg%2F11ckqs_qt5!19sChIJz3q3-NhjtTMRnoincTh4HZk?authuser=0&hl=en&rclk=1,"tourist information in Coron Busuanga, Palawan, Philippines",Coron Busuanga
Corong Galeri,4.3,(15),,,,,Tourist Information,11 San Augustin street,,https://lh3.googleusercontent.com/gps-cs-s/APNQkAHPf_agELf2f7IdkgHHWWH-elNdu_0sxOfR-jirK6X8x0VgY1EGroqkmvTvINbXRLeUDqKScYshTPAeBz5ORHNX3IfuQfsAA2l-pBVQ6YJSZ8zzy8GDKAlPApFlBnZX4g-Db18TqA=w1600-h1200-k-no,,,11.9983629,120.2037139,https://www.google.com/maps/place/Corong+Galeri/data=!4m7!3m6!1s0x33ba1c2564c602e3:0x83c7a1ffb5c8c2eb!8m2!3d11.9983629!4d120.2037139!16s%2Fg%2F1tk20gck!19sChIJ4wLGZCUcujMR68LItf-hx4M?authuser=0&hl=en&rclk=1,"tourist information in Coron Busuanga, Palawan, Philippines",Coron Busuanga
Seatours Palawan Island Expedition - Coron,4.8,(52),,,,,Tourist Information,121 national highway,,https://lh3.googleusercontent.com/gps-cs-s/APNQkAEuTGYndvlATzTFA-OS9jXEVN6P8xlU4IjZaN-JIejY_HLD_vKmjomORv0ExxLRY3K9JVwSzGJgVAg8UwLGOoZOB414Mci3R4gWq5R5sMYxEqjniVJ9rY2nFaXyIJDyz4BiSDItX_n2mL7h=w1600-h1200-k-no,,,11.9975466,120.2127005,https://www.google.com/maps/place/Seatours+Palawan+Island+Expedition+-+Coron/data=!4m7!3m6!1s0x33ba1db1ddcdb86b:0x45a83996c3016a1!8m2!3d11.9975466!4d120.2127005!16s%2Fg%2F11wm_y0m4c!19sChIJa7jN3bEdujMRoRYwbJmDWgQ?authuser=0&hl=en&rclk=1,"tourist information in Coron Busuanga, Palawan, Philippines",Coron Busuanga
"Coron, Palawan",4.3,(10),,,,,Tourist Information,8 Kayangan Lake,,https://lh3.googleusercontent.com/gps-cs-s/APNQkAFcZlta7DcyMF15JpKqUECqw8SHA4YgRI7Yrlh6eqHfe12mQ2Ja2OOA2cU0hWtSVFjbofJHBhaI93ETvWlDLduG5Z7DxsrEXa5OWQx0aPmgPnxvCOSEcDe5FwX__EXVAC10vWkzKaPRgotJ=w1600-h1200-k-no,,,11.9539145,120.2243388,"https://www.google.com/maps/place/Coron,+Palawan/data=!4m7!3m6!1s0x33ba1d15c29fd6ef:0xe94cb60a121e0256!8m2!3d11.9539145!4d120.2243388!16s%2Fg%2F11shkbn9ck!19sChIJ79afwhUdujMRVgIeEgq2TOk?authuser=0&hl=en&rclk=1","tourist information in Coron Busuanga, Palawan, Philippines",Coron Busuanga
Millennial Island travelmate,4.8,"(1,292)",,,,,Tourist Information,2 National Highway,,https://lh3.googleusercontent.com/gps-cs-s/APNQkAGwtluGN0J7h9YMSK6E-0pDBI6SLNzFDLZkbdcGPRiWzCvPSo8ANo8w7yo2HiUsmr3_ETCMLA_r0KkQ9NzemaNRFVGb-QyN-9puMuyVCzNWJbo8gh4eQSqOw7UE8SoExYWe62e5=w1600-h1200-k-no,,,11.9988339,120.2041067,https://www.google.com/maps/place/Millennial+Island+travelmate/data=!4m7!3m6!1s0x33ba1f2cfaf53795:0x44c693a578411500!8m2!3d11.9988339!4d120.2041067!16s%2Fg%2F11fmg9c3wq!19sChIJlTf1-iwfujMRABVBeKWTxkQ?authuser=0&hl=en&rclk=1,"tourist information in Coron Busuanga, Palawan, Philippines",Coron Busuanga
iCapture Travel Services,4.9,(947),,,,,Tourist Information,,,https://lh3.googleusercontent.com/gps-cs-s/APNQkAEv4OAWU5mbRhIL2r_NY2Jh4VCmzjE97P-2t2MSrSxeUZaR9z4NGx7WafUYTF9zvMMri6fAt32ffRJ-a9GEnFYdRjp8ZYv9ima7ydvRPi2WDUmeMNsnUJ45haR6Tk3jheLO7wDxzPNv7vw=w1600-h1200-k-no,,,11.9996355,120.2016082,https://www.google.com/maps/place/iCapture+Travel+Services/data=!4m7!3m6!1s0x33ba1dd500ec13e1:0x8527f1136fbead9d!8m2!3d11.9996355!4d120.2016082!16s%2Fg%2F11tw_r_gp2!19sChIJ4RPsANUdujMRna2-bxPxJ4U?authuser=0&hl=en&rclk=1,"tourist information in Coron Busuanga, Palawan, Philippines",Coron Busuanga
ARCEO TRAVEL AND TOURS,4.8,(36),,,,,Tourist Information,5316 Coron,,https://lh3.googleusercontent.com/gps-cs-s/APNQkAGOjdDge7O33tcnse1dlBgK7iAvQ2mTIfs568LL_JPRiSLZUHZSSn_8T_OT3rucr5HgiWbo1mmkSKplhaJ9wWIozp4uIfZ7WP6rxAI6mXoqsVlV7shx1waH_hGEoiAsh4Qoz-hl=w1600-h1200-k-no,,,11.9985541,120.2119435,https://www.google.com/maps/place/ARCEO+TRAVEL+AND+TOURS/data=!4m7!3m6!1s0x33ba1d9e465457d1:0xe5830dc19db54423!8m2!3d11.9985541!4d120.2119435!16s%2Fg%2F11ts9jls_c!19sChIJ0VdURp4dujMRI0S1ncENg-U?authuser=0&hl=en&rclk=1,"tourist information in Coron Busuanga, Palawan, Philippines",Coron Busuanga
Herbert’s Private Land & Boat Tours,4.7,(3),,,,,Tourist Information,,,https://lh3.googleusercontent.com/gps-cs-s/APNQkAFibR-pyFTFlZ4eL2YPqkmTChR7hH6WHnpRxm1VDbeAz4keH2oDswwKV7yfBpiz5V6m5OMdnWFpAv0-7QMCJrl3dYgYTqZxcQiNQy80fV0Oo9wjK1Fc5CbYsYu1S3h-9bTtwwzbhELqc1GA=w1600-h1200-k-no,,,11.9955457,120.2057491,https://www.google.com/maps/place/Herbert%E2%80%99s+Private+Land+%26+Boat+Tours/data=!4m7!3m6!1s0x33ba1dfe462fb18d:0xddb32473dc528888!8m2!3d11.9955457!4d120.2057491!16s%2Fg%2F11svcs9r2m!19sChIJjbEvRv4dujMRiIhS3HMks90?authuser=0&hl=en&rclk=1,"tourist information in Coron Busuanga, Palawan, Philippines",Coron Busuanga
Calamianes Expeditions & Ecotours,4.1,(117),,,,,Tourist Information,11 San Agustin St,,https://lh3.googleusercontent.com/gps-cs-s/APNQkAHmqswjr9FGxyVeij0pxzfX5vY1piRVZrb00cmZHDQcTRFQPZim6RWHIbz7PkxS2fpC18J6cx1KoQyOwjrD284YO29t2BwOr4oSWS3cYob1jXwBY6aqvKnUXr_J8sv2RTBUxsE=w1600-h1200-k-no,,,11.9983431,120.2037076,https://www.google.com/maps/place/Calamianes+Expeditions+%26+Ecotours/data=!4m7!3m6!1s0x33ba1dd35e0b2927:0xae7e675df502c65c!8m2!3d11.9983431!4d120.2037076!16s%2Fg%2F1tfggbrz!19sChIJJykLXtMdujMRXMYC9V1nfq4?authuser=0&hl=en&rclk=1,"tourist information in Coron Busuanga, Palawan, Philippines",Coron Busuanga
Asriel Roan Travel & Tours Coron,4.6,(189),,,,,Tourist Information,,,https://lh3.googleusercontent.com/gps-cs-s/APNQkAHJE_OfrHzSZC62mJ0vrnXCRwi4BLdKQNl5lU19xWLOWKx_0mnN2U6qPVzdFM53Qrk7Vp3ZVjATmP0Iz3_txkfSy_sWr5oy-JYEUCObXS6f8pblLbphQCBjmb49s85es-jncT71=w1600-h1200-k-no,,,11.9988413,120.2029969,https://www.google.com/maps/place/Asriel+Roan+Travel+%26+Tours+Coron/data=!4m7!3m6!1s0x33ba1d087b3ffc67:0xdbc31f1a53702b4e!8m2!3d11.9988413!4d120.2029969!16s%2Fg%2F11g_x69cmg!19sChIJZ_w_ewgdujMRTitwUxofw9s?authuser=0&hl=en&rclk=1,"tourist information in Coron Busuanga, Palawan, Philippines",Coron Busuanga
Pukaway Cave Underground Lake,4.9,(97),,,,,Tourist Information,600 pesos,,https://lh3.googleusercontent.com/gps-cs-s/APNQkAFNtGqvrVtEs70SsIZoSQURuR4JPczw5089UtNz4MvxcY1erFtmrdCHUAiRXvHoDVq1uA5bcSQJB3bhY7-5BlK4rQgDVUdVjNiaq62gDNDIBoHi4RbMU-g5m6AD44GxVTmINJx6Lmz_aTvY=w1600-h1200-k-no,,,11.9629369,120.2299412,https://www.google.com/maps/place/Pukaway+Cave+Underground+Lake/data=!4m7!3m6!1s0x33ba1dde004c6e57:0xc4204f5efce8606e!8m2!3d11.9629369!4d120.2299412!16s%2Fg%2F11ss6t3fy0!19sChIJV25MAN4dujMRbmDo_F5PIMQ?authuser=0&hl=en&rclk=1,"tourist information in Coron Busuanga, Palawan, Philippines",Coron Busuanga
Coron Island Loop Boat Rental,4.4,(40),,,,,Tourist Information,,,https://lh3.googleusercontent.com/gps-cs-s/APNQkAGOK1hHazjeW74sHceoTKfavavzRVJ7w0FPSNgJSZwDb0OExplMu8UwsXrYlN6aP9bri1QsjwCY4VHdTjY5N9bG6v8p2ZW5uZyI5Z2509BzUqPkyuxcH4DVn9LQoNJIEjfxtgIw=w1600-h1200-k-no,,,11.996699,120.204636,https://www.google.com/maps/place/Coron+Island+Loop+Boat+Rental/data=!4m7!3m6!1s0x33ba1dd331b92cdb:0x6ef5db7c7cb32295!8m2!3d11.996699!4d120.204636!16s%2Fg%2F11b6mms3ng!19sChIJ2yy5MdMdujMRlSKzfHzb9W4?authuser=0&hl=en&rclk=1,"tourist information in Coron Busuanga, Palawan, Philippines",Coron Busuanga
Siete Pecados Marine Park,4.7,"(1,016)",,,,,Tourist Information,2 hours,,https://lh3.googleusercontent.com/gps-cs-s/APNQkAG35lpKBuj3iKwZSL7j9z8zraX9piXRTKnffye9JIY24R7PE-XWs8EzZ5OJdDyaCzLip3jGouDFGqlSzZKecf9J6im22fF3HzV1o-vL9c7obNU1_tcV9mDDtrGHUURNkUKwZdKA=w1600-h1200-k-no,,,11.9831304,120.2306276,https://www.google.com/maps/place/Siete+Pecados+Marine+Park/data=!4m7!3m6!1s0x33ba1c169fdb7339:0x7a4364fdf40171fd!8m2!3d11.9831304!4d120.2306276!16s%2Fg%2F11cfdmgr8!19sChIJOXPbnxYcujMR_XEB9P1kQ3o?authuser=0&hl=en&rclk=1,"tourist information in Coron Busuanga, Palawan, Philippines",Coron Busuanga
Kajy Travel and Tours Booking Office,4.9,(11),,,,,Tourist Information,,,https://lh3.googleusercontent.com/gps-cs-s/APNQkAFlXXJzy1AZ4jiiQtzdS67SB5qn8iHonsQJ-l62O28PDbDIzKUKTg9yTflHIlHOFnhJpEFjY-v3RL65igEsO82AxPxM5krjUsifGWjqtoe9g-4aruz8xgOP8OoTdJvTTWCAq3yR=w1600-h1200-k-no,,,11.9969146,120.2062809,https://www.google.com/maps/place/Kajy+Travel+and+Tours+Booking+Office/data=!4m7!3m6!1s0x33ba1dd49d169593:0xf0b2c3bc99366d8e!8m2!3d11.9969146!4d120.2062809!16s%2Fg%2F12q4smlb7!19sChIJk5UWndQdujMRjm02mbzDsvA?authuser=0&hl=en&rclk=1,"tourist information in Coron Busuanga, Palawan, Philippines",Coron Busuanga
Discover Coron,5.0,(1),,,,,Tourist Information,,,https://lh3.googleusercontent.com/gps-cs-s/APNQkAF32rjD3RdjgII8NGrujMi_52neA0LHtLXV0mJr-m9ldvo5WsNnZjhMfnHXq0wGhmHVKpgLD7H1lr0q7sjYHXbmzJiSJrJiaZfG6o5OqGnkXniq-dFzQ1lbI2gPFpOA94QziDQ=w1600-h1200-k-no,,,11.9988744,120.2051448,https://www.google.com/maps/place/Discover+Coron/data=!4m7!3m6!1s0x33ba1db12e60abf7:0x8485e2b100f260c0!8m2!3d11.9988744!4d120.2051448!16s%2Fg%2F11rtnvltbx!19sChIJ96tgLrEdujMRwGDyALHihYQ?authuser=0&hl=en&rclk=1,"tourist information in Coron Busuanga, Palawan, Philippines",Coron Busuanga
JY Travel and Tours,3.9,(216),,,,,Tourist Information,19 Real St,,https://lh3.googleusercontent.com/gps-cs-s/APNQkAHenORi-OOgHnxvOHNAv_snPvhvDAmeA5g7LfwRqi2D0iW6yJKmKkn_btCVP2ixc6JKb2Qf0xSJQktSQD-3t8yW9poC33TTnB-z41GlIQ-M6_x_TJTqkj0Me-k0A-moYGHk4WWN5Q=w1600-h1200-k-no,,,11.9981802,120.2036842,https://www.google.com/maps/place/JY+Travel+and+Tours/data=!4m7!3m6!1s0x33ba1dd36650842b:0x2a338169ed4361c8!8m2!3d11.9981802!4d120.2036842!16s%2Fg%2F11ddx6m1bn!19sChIJK4RQZtMdujMRyGFD7WmBMyo?authuser=0&hl=en&rclk=1,"tourist information in Coron Busuanga, Palawan, Philippines",Coron Busuanga
ABE TRAVEL AND TOURS AND SERVICES,4.4,(77),,,,,Tourist Information,,,https://lh3.googleusercontent.com/gps-cs-s/APNQkAGwEsZcumQyv_z_nBlaQHM_sotYXkZOoltfCg4M6DVtBG-P-gT0_2Nwgi-8vpFvLoewOEz32HQ19wf6QluhZWjHGfNusl60M469N6Eu4V1Ypwe0Zfrd7vfZy6eBIUqdxmR9CspWjdEUqVc=w1600-h1200-k-no,,,12.048918,120.151901,https://www.google.com/maps/place/ABE+TRAVEL+AND+TOURS+AND+SERVICES/data=!4m7!3m6!1s0x33ba1d406efc042b:0x40360973c44f414a!8m2!3d12.048918!4d120.151901!16s%2Fg%2F11sf80r3kv!19sChIJKwT8bkAdujMRSkFPxHMJNkA?authuser=0&hl=en&rclk=1,"tourist information in Coron Busuanga, Palawan, Philippines",Coron Busuanga
JAMP Travel and Tours,5.0,(16),,,,,Tourist Information,5 Coron,,https://lh3.googleusercontent.com/gps-cs-s/APNQkAErxG818WtuLr5JXFTB-lcL0Lgzp-dLR5T4ncQBoIvaFzraBSnnNb9MqFtxVSmhaaJF_5a7aFVdSzPWKz0L1g__D90_JJqR9CO2dPGU_5j5C6KtQm9BOKgMv_iVSBR3FFTxlQUgB0i9NH6_=w1600-h1200-k-no,,,12.0013771,120.200347,https://www.google.com/maps/place/JAMP+Travel+and+Tours/data=!4m7!3m6!1s0x33ba1d00281fae39:0xf89dccbedf88136e!8m2!3d12.0013771!4d120.200347!16s%2Fg%2F11m5k2d5c4!19sChIJOa4fKAAdujMRbhOI377Mnfg?authuser=0&hl=en&rclk=1,"tourist information in Coron Busuanga, Palawan, Philippines",Coron Busuanga
Tourguides Travel and Tours,4.0,(1),,,,,Tourist Information,5 Coron,,https://lh3.googleusercontent.com/gps-cs-s/APNQkAHu-FrcjVjv8hRVig_j8xe3sHhO4cHKEOdc53PGPjC4Wtko3OlPAf-BsXsRw90voLwtdKJApoHSyC5Vn0tl_il599jlccdrc7jB162yK0lMyKq6WGIkhyWbJJe6yvfzqs0rOkw9UQ=w1600-h1200-k-no,,,11.9995144,120.2019996,https://www.google.com/maps/place/Tourguides+Travel+and+Tours/data=!4m7!3m6!1s0x33ba1d004170d1a1:0x9a8b1d8a509d10ad!8m2!3d11.9995144!4d120.2019996!16s%2Fg%2F11wbfmmgbn!19sChIJodFwQQAdujMRrRCdUIodi5o?authuser=0&hl=en&rclk=1,"tourist information in Coron Busuanga, Palawan, Philippines",Coron Busuanga
Coron Town,3.5,(15),,,,,Tourist Information,,,https://lh3.googleusercontent.com/gps-cs-s/APNQkAFH5uD_PTGCUuvALf2oDrJl3h9Ir_9upPuMRf8HC7CrbC8ytF_pXyRQja7fCQpsdhBRsiFiXKjUFaDh-meS4ypttXPqr5s27kMPvMM7JRdWLRsKVj2OKIuQVY52EG_NreA86Q8K=w1600-h1200-k-no,,,11.9987229,120.2029194,https://www.google.com/maps/place/Coron+Town/data=!4m7!3m6!1s0x33ba1db90b6f3e3d:0x1e10f32127138b2a!8m2!3d11.9987229!4d120.2029194!16s%2Fg%2F11gr2wbszx!19sChIJPT5vC7kdujMRKosTJyHzEB4?authuser=0&hl=en&rclk=1,"tourist information in Coron Busuanga, Palawan, Philippines",Coron Busuanga
Bathala Travel and Tours,4.8,(14),,,,,Tourist Information,,,https://lh3.googleusercontent.com/gps-cs-s/APNQkAGUBypC1saTu2KpYYBGDLmN1zqn0c8Tq909Te1yHU6ZGwvklQCE79p1JiJgm594BxxZALuVsjVKNaRVBElcq6swh2ADVWnqSCH_mQOGbg-EZBzB3FDwxEGvOpUAmy9_MScJk9On=w1600-h1200-k-no,,,12.0190289,120.1869361,https://www.google.com/maps/place/Bathala+Travel+and+Tours/data=!4m7!3m6!1s0x33ba1f565abe74c1:0xed37b03e3f77a594!8m2!3d12.0190289!4d120.1869361!16s%2Fg%2F11st_6_5d_!19sChIJwXS-WlYfujMRlKV3Pz6wN-0?authuser=0&hl=en&rclk=1,"tourist information in Coron Busuanga, Palawan, Philippines",Coron Busuanga
Marlon Coron Reel Fishing,5.0,(1),,,,,Tourist Information,,,https://lh3.googleusercontent.com/gps-cs-s/APNQkAFQHw-wify391bY2puV_Wjf40imr-UmaVe3iCeHusZScLu24x6xri2BCOG_9YYyId_TbRWbzX1kyg8agoIZE3V5JyxvHBTDmpMPZrBz5gAXJZcOaxuNXqmVwpiUve4Da77WIabXr5iQDNkg=w1600-h1200-k-no,,,11.9917364,120.21611,https://www.google.com/maps/place/Marlon+Coron+Reel+Fishing/data=!4m7!3m6!1s0x33ba1d0213c11f43:0x99f483b6ac74dcaa!8m2!3d11.9917364!4d120.21611!16s%2Fg%2F11n9b79stj!19sChIJQx_BEwIdujMRqtx0rLaD9Jk?authuser=0&hl=en&rclk=1,"tourist information in Coron Busuanga, Palawan, Philippines",Coron Busuanga
Laughtrip Travel and tours,3.8,(78),,,,,Tourist Information,,,https://lh3.googleusercontent.com/gps-cs-s/APNQkAFCTarydcmtgDKeMCuCVVKbxT95TeWUd_wVAHPwMz57bj8lXtTEjK-hrAc5xVd-50pvt9pwcR4BEWF8JSIzeYauf4VH5HCWsXJ3rhV5GfO3cwF6oGLOfowKv64U7rTsWLSmK7cS-L08hMPP=w1600-h1200-k-no,,,12.0003108,120.2013085,https://www.google.com/maps/place/Laughtrip+Travel+and+tours/data=!4m7!3m6!1s0x33ba1c2936805fab:0x139a306e474b1cb8!8m2!3d12.0003108!4d120.2013085!16s%2Fg%2F11f4_2q4ry!19sChIJq1-ANikcujMRuBxLR24wmhM?authuser=0&hl=en&rclk=1,"tourist information in Coron Busuanga, Palawan, Philippines",Coron Busuanga
Eclipse Travel & Tours,4.3,(32),,,,,Tourist Information,,,https://lh3.googleusercontent.com/gps-cs-s/APNQkAGijCMT3H996HKVj9cSh7d3piwi18jb18d1WVXO2Bqkv91jeyZZgi9KjFf7OpH92vK0JGRFtcthjDxrddTHYD48-gFOiQvFSDa6IZbRWk9EbOajY0M-j-X-LElZ2BH1nuS8d8xQ=w1600-h1200-k-no,,,11.9991541,120.2018449,https://www.google.com/maps/place/Eclipse+Travel+%26+Tours/data=!4m7!3m6!1s0x33ba1d30695af9f1:0xeb39a3ee12eb77be!8m2!3d11.9991541!4d120.2018449!16s%2Fg%2F11khb4mh8h!19sChIJ8flaaTAdujMRvnfrEu6jOes?authuser=0&hl=en&rclk=1,"tourist information in Coron Busuanga, Palawan, Philippines",Coron Busuanga
Smith Coral Garden,4.7,(214),,,,,Tourist Information,,,https://lh3.googleusercontent.com/gps-cs-s/APNQkAEG4yil-AFoJwyrVgDfR0r3xRqZoxpZh31g2243SMRoiWu1fq7ptrYFvZUoAgTQ-gFw73Nk15bEzP8qF4ojwE1xfOLlrRdozXw47xc3mFOhzspJhzKlk8Yj6Ulb-3QXZODH-eVN=w1600-h1200-k-no,,,11.9537528,120.1931538,https://www.google.com/maps/place/Smith+Coral+Garden/data=!4m7!3m6!1s0x33ba1d1a913eac57:0x444d2d06e2ecf556!8m2!3d11.9537528!4d120.1931538!16s%2Fg%2F11c54hcj06!19sChIJV6w-kRodujMRVvXs4gYtTUQ?authuser=0&hl=en&rclk=1,"tourist information in Coron Busuanga, Palawan, Philippines",Coron Busuanga
Tao Philippines - Coron,4.7,(146),,,,,Tourist Information,,,https://lh3.googleusercontent.com/gps-cs-s/APNQkAHEPJxMgChss-ci0Bkzd4YcixaK9-xF_U1KW5Z0dfv3LaGcHxPnjKfzxQqkxY2gAVTWLpFKaciMYQZwLR3HrgrKt4nCEyA9QZqnSOuu6h8zOKoHWQJJx4T5yWbvlKQY5M88FDYSag=w1600-h1200-k-no,,,11.9983934,120.2027153,https://www.google.com/maps/place/Tao+Philippines+-+Coron/data=!4m7!3m6!1s0x33ba1dd34d98d257:0x466f02462f10dac4!8m2!3d11.9983934!4d120.2027153!16s%2Fg%2F11c5rn5z1s!19sChIJV9KYTdMdujMRxNoQL0YCb0Y?authuser=0&hl=en&rclk=1,"tourist information in Coron Busuanga, Palawan, Philippines",Coron Busuanga
Malwawey Coral Garden,4.6,(271),,,,,Tourist Information,,,https://lh3.googleusercontent.com/gps-cs-s/APNQkAEnS4mQmS0WbgUlO-__zQPVUOBo8gqWVgsAfQMMTK60Y-_OcVZ9FP11YPMfE8UNfUYEWGxk_J0N4zozb8lb_NFw3WCW4CDSXsKXLxuLLBmlzHiZVbErLOr4nIZNnPO_KAu9rfne=w1600-h1200-k-no,,,11.9397912,120.1912431,https://www.google.com/maps/place/Malwawey+Coral+Garden/data=!4m7!3m6!1s0x33ba1d3c8f8ddf2d:0xb84b44437b242a7e!8m2!3d11.9397912!4d120.1912431!16s%2Fg%2F11c6dw4656!19sChIJLd-NjzwdujMRfioke0NES7g?authuser=0&hl=en&rclk=1,"tourist information in Coron Busuanga, Palawan, Philippines",Coron Busuanga
kayakasia Palawan,5.0,(15),,,,,Tourist Information,,,https://lh3.googleusercontent.com/gps-cs-s/APNQkAFEcswBNJPN0g8jsGnjraCYWaV4rOC-hOaHLzQ8xflHfDxXsm5BhRqB_XqDV1Z2P6AOGK9rYhQIfSsBpFJ08hSN3kpWBIa1tLeGGL0UVxLqwLIIm9nOjg1VguSAA1rlvYMTBD4=w1600-h1200-k-no,,,11.9949375,120.2326875,https://www.google.com/maps/place/kayakasia+Palawan/data=!4m7!3m6!1s0x33ba1d74f05ee1b9:0x5cde9cecd7b75611!8m2!3d11.9949375!4d120.2326875!16s%2Fg%2F11kk6xcvb4!19sChIJueFe8HQdujMREVa31-yc3lw?authuser=0&hl=en&rclk=1,"tourist information in Coron Busuanga, Palawan, Philippines",Coron Busuanga
Beach 91,4.5,(233),,,,,Tourist Information,91  4,,https://lh3.googleusercontent.com/gps-cs-s/APNQkAGoIhkSlHAyQa5GcB8M9SKOZ37vnsPzFUoAYYXGj80v2kWS52HGeirO2lWT51-HUizpRbhMeTei92ppIRKI0WqD_-gVee6pF-xkpeum3iYjD3f_y-tJPhUALVc1wcC8tYfgITsB=w1600-h1200-k-no,,,11.944724,120.19347,https://www.google.com/maps/place/Beach+91/data=!4m7!3m6!1s0x33ba1d17f7b50ced:0x9a6e5172e3dedb3c!8m2!3d11.944724!4d120.19347!16s%2Fg%2F11c321kjsq!19sChIJ7Qy19xcdujMRPNve43JRbpo?authuser=0&hl=en&rclk=1,"tourist information in Coron Busuanga, Palawan, Philippines",Coron Busuanga
Mathias Travel and Tours,3.7,(51),,,,,Tourist Information,,,https://lh3.googleusercontent.com/gps-cs-s/APNQkAFD2Gdh80GOxxDrBlBYQ0D0wn6yVOTJLab1CLGXlR_L-uxRrWUpIF1rwzg6ggAZzycW_JYjyFfvVnmTD7l2ut5pMpW9Cf6UcruD6cBkPNz7fzdzpi_fj3ZPmdXMo-4vy8dShD7ejw=w1600-h1200-k-no,,,11.9987455,120.2027093,https://www.google.com/maps/place/Mathias+Travel+and+Tours/data=!4m7!3m6!1s0x33ba1d91e0472329:0x673e1a8a6fd43507!8m2!3d11.9987455!4d120.2027093!16s%2Fg%2F11txhstypn!19sChIJKSNH4JEdujMRBzXUb4oaPmc?authuser=0&hl=en&rclk=1,"tourist information in Coron Busuanga, Palawan, Philippines",Coron Busuanga
CYC Beach,4.3,(371),,,,,Tourist Information,,,https://lh3.googleusercontent.com/gps-cs-s/APNQkAGMJkeehbGrmR_pePTgHafeeHcuqwuyJzFKtAsXI1_EWswEGz4n8LG1SHnI7IGOB3ZTIK_I3YEHJze9AKkEWVrH4bZ7GquzG7w0BKtXBnEiuoSDTf09EjW3ZVLGVStsRg3zvgc=w1600-h1200-k-no,,,11.9637109,120.1806533,https://www.google.com/maps/place/CYC+Beach/data=!4m7!3m6!1s0x33ba1d75228a7209:0xc32cc6578d8ebe34!8m2!3d11.9637109!4d120.1806533!16s%2Fg%2F11c5gc3qpp!19sChIJCXKKInUdujMRNL6OjVfGLMM?authuser=0&hl=en&rclk=1,"tourist information in Coron Busuanga, Palawan, Philippines",Coron Busuanga
Natures Way Travel and Tours,5.0,(9),,,,,Tourist Information,3 coron palawan Lualhati park near Island Boy Resto,,https://lh3.googleusercontent.com/gps-cs-s/APNQkAETZD-GYnvjHfxf8y8vS5D_W9lyVUr3eeW4VQ_KasdpqflywSz2BMfxxBuyOqmBI5dWW0HHnKbMMxlcNx4GwxLNM13M_tdWcpxQ1ibICnIiyeVY9FgECr01_xmgNIc4lfP-FRPogA=w1600-h1200-k-no,,,11.9962496,120.2016163,https://www.google.com/maps/place/Natures+Way+Travel+and+Tours/data=!4m7!3m6!1s0x33ba1dd3a77d8117:0xce5e03a56df75d5a!8m2!3d11.9962496!4d120.2016163!16s%2Fg%2F11hbk4hqvh!19sChIJF4F9p9MdujMRWl33baUDXs4?authuser=0&hl=en&rclk=1,"tourist information in Coron Busuanga, Palawan, Philippines",Coron Busuanga
Sunset Beach,4.4,(48),,,,,Tourist Information,,,https://lh3.googleusercontent.com/gps-cs-s/APNQkAF9ufTsnZv0pJz9jeBdsujsRAAOHCRY9615jWbgfhXkgL7vS0j2q1b9hpN1ktMQy9JTewuwFatE37OkLa0BSISOM0t3W-zPm8VwqQopSGwH_VAkzJwaD-UdApTmPEkgErCW1HW3Og=w1600-h1200-k-no,,,11.9420582,120.1937248,https://www.google.com/maps/place/Sunset+Beach/data=!4m7!3m6!1s0x33ba1d22cd76b57f:0x73153024e6fa91da!8m2!3d11.9420582!4d120.1937248!16s%2Fg%2F11ddyk4yrp!19sChIJf7V2zSIdujMR2pH65iQwFXM?authuser=0&hl=en&rclk=1,"tourist information in Coron Busuanga, Palawan, Philippines",Coron Busuanga
Neptune Dive Center,4.5,(144),,,,,Tourist Information,2 wrecks,,https://lh3.googleusercontent.com/gps-cs-s/APNQkAFjEcpAvyzxh_bzsHxllsUxAcLnSppAyzL_Kj898iobfIzQq5fxjr9mpFKicSZxWe2ils7muNmvnSjEi6XjlEOxv409eq-oywYDG6CezfwnPOYoPM4lVsvu66NzVjCOzloaaE8M=w1600-h1200-k-no,,,11.999012,120.204235,https://www.google.com/maps/place/Neptune+Dive+Center/data=!4m7!3m6!1s0x33ba1dd4a5d34b49:0x73da947ff62a7964!8m2!3d11.999012!4d120.204235!16s%2Fg%2F1hc3kx92z!19sChIJSUvTpdQdujMRZHkq9n-U2nM?authuser=0&hl=en&rclk=1,"tourist information in Coron Busuanga, Palawan, Philippines",Coron Busuanga
Sea Farers Tours,5.0,(7),,,,,Tourist Information,,,https://lh3.googleusercontent.com/gps-cs-s/APNQkAEi9EitWd_2QNplorfeM701PryIkAmBHHZNsCar70g3UOmzOOdUPPm9QSe5WZjQWVLtxzvJOg_tkO3Lg_rPcNQWkOfX0TMYaJiiKLEsudqqhkWXZhH06ZF68w-Gy2nLDJvIe6N98VdRDC8-=w1600-h1200-k-no,,,12.0016636,120.1998962,https://www.google.com/maps/place/Sea+Farers+Tours/data=!4m7!3m6!1s0x33ba1d09a3da08bf:0x4a6eb8ee7b8272bb!8m2!3d12.0016636!4d120.1998962!16s%2Fg%2F11yb_5fljg!19sChIJvwjaowkdujMRu3KCe-64bko?authuser=0&hl=en&rclk=1,"tourist information in Coron Busuanga, Palawan, Philippines",Coron Busuanga
Tribal Adventures Tours,5.0,(10),,,,,Tourist Information,,,https://lh3.googleusercontent.com/gps-cs-s/APNQkAHLHk_SyfzDP9XzcEfsdJcXzwVXQQWrH_bcqv7rbLUIGGl1cLHEJmd8NUifLUAw-5cVDMKcAVcVrBo0lCNFlCJ_OwrPkXLGthmajlZec5EyDK1Xy0tSp3fxGCw3GJYF-79fmgY=w1600-h1200-k-no,,,12.0011147,120.2068207,https://www.google.com/maps/place/Tribal+Adventures+Tours/data=!4m7!3m6!1s0x33ba1db8fa26baad:0x16be55c79b77c8f0!8m2!3d12.0011147!4d120.2068207!16s%2Fg%2F11k4rw233g!19sChIJrbom-rgdujMR8Mh3m8dVvhY?authuser=0&hl=en&rclk=1,"tourist information in Coron Busuanga, Palawan, Philippines",Coron Busuanga
Obra Natural Bar & Tourist Information,4.4,(9),,,,,Tourist Information,Dine,,https://lh3.googleusercontent.com/gps-cs-s/APNQkAHBRTMu5-YfkAkJguLUPnhmFRrBLjUzQ3QeYIs_nXj6VOeADJhmEWnSV8TggQb0qARmAWPoiD8_H9r44kyY21yDHlRXSmLy4tNJO-lnsfYvsJ-tLLIbISw3lZXLXbdVJ3Z0EyQi3A=w1600-h1200-k-no,,,11.9985516,120.2123483,https://www.google.com/maps/place/Obra+Natural+Bar+%26+Tourist+Information/data=!4m7!3m6!1s0x33ba1c29475ba4a7:0xdaa0a8ad998ba4ef!8m2!3d11.9985516!4d120.2123483!16s%2Fg%2F11cspnxj0j!19sChIJp6RbRykcujMR76SLma2ooNo?authuser=0&hl=en&rclk=1,"tourist information in Coron Busuanga, Palawan, Philippines",Coron Busuanga
Lualhati Park,4.1,(355),,,,,Tourist Information,,,https://lh3.googleusercontent.com/gps-cs-s/APNQkAG-e_shvKWPMbYNQ1Sfqk19LV25WVlOTsmGaJX2PPqivP_ZQOqscG8_XckZe0ICipFCpD883kKzloAD_rgxcFleBH56la3yPtEeLaKC3-QszQ2CwCVCPapaV-smdWHjJaE3i6yq=w1600-h1200-k-no,,,11.995936,120.2017667,https://www.google.com/maps/place/Lualhati+Park/data=!4m7!3m6!1s0x33ba1c2cffffffff:0xc7863c7225fc75a0!8m2!3d11.995936!4d120.2017667!16s%2Fg%2F11cs39164n!19sChIJ_____ywcujMRoHX8JXI8hsc?authuser=0&hl=en&rclk=1,"tourist information in Coron Busuanga, Palawan, Philippines",Coron Busuanga
Coral Eden,4.9,(10),,,,,Tourist Information,,,https://lh3.googleusercontent.com/gps-cs-s/APNQkAFTgLw8P1oKF1qgEcD1Inm5oD341GYSBc8H4wyEHbi9RHNx0UZW4YzbWbYpV-JcLP2Eb_DCHdHh8gpTpZO95zuIESCtbN9GavkpG3MFWE-bU1whihERB6QEzplSTREzT40Ha4Q8=w1600-h1200-k-no,,,11.9677288,120.229485,https://www.google.com/maps/place/Coral+Eden/data=!4m7!3m6!1s0x33ba1d89e3a231bd:0xd8923541ff1d5d81!8m2!3d11.9677288!4d120.229485!16s%2Fg%2F11gxg7j3pn!19sChIJvTGi44kdujMRgV0d_0E1ktg?authuser=0&hl=en&rclk=1,"tourist information in Coron Busuanga, Palawan, Philippines",Coron Busuanga
Gabriella Travel and Tours,5.0,(1),,,,,Tourist Information,,,https://lh3.googleusercontent.com/gps-cs-s/APNQkAFwl0HjX29xg7Y3Qc24-Ad02oDHV9-nCC7Gm3UzZezrxdR2LHQvdCGtaJvzIYYAkUsXpQ1YSUHmBitARb89c8hA8wjveb5fSOmtdUrffzUen2x5J_sg77-0GTDIMNxo43doZ9Cc3t-yg6uA=w1600-h1200-k-no,,,12.0430421,120.1347438,https://www.google.com/maps/place/Gabriella+Travel+and+Tours/data=!4m7!3m6!1s0x33ba1df0cae44875:0x73d456574ad31b19!8m2!3d12.0430421!4d120.1347438!16s%2Fg%2F11tnbm2hcp!19sChIJdUjkyvAdujMRGRvTSldW1HM?authuser=0&hl=en&rclk=1,"tourist information in Coron Busuanga, Palawan, Philippines",Coron Busuanga
Hannah explorer travel and tours,4.2,(60),,,,,Tourist Information,,,https://lh3.googleusercontent.com/gps-cs-s/APNQkAEAuv7VUqoZ9TlIR30FxawVodSiAMSxHNaqKxywnXI5MvNu9ujA-2uPvHkz6QMfN0pBR3TIvLOwYWixILq9rtpAOtA0BStHLnFfqtAFt_z5fPFCWLHnNtF4_cVnq49cschW0Vmysf-eKXpE=w1600-h1200-k-no,,,11.9971553,120.2025357,https://www.google.com/maps/place/Hannah+explorer+travel+and+tours/data=!4m7!3m6!1s0x33ba1d972da48efd:0x7878fc1f5b9a1e9d!8m2!3d11.9971553!4d120.2025357!16s%2Fg%2F11k3wqd5n0!19sChIJ_Y6kLZcdujMRnR6aWx_8eHg?authuser=0&hl=en&rclk=1,"tourist information in Coron Busuanga, Palawan, Philippines",Coron Busuanga
Aquahabitat Divesafari & Tour Coron,5.0,(172),,,,,Tourist Information,,,https://lh3.googleusercontent.com/gps-cs-s/APNQkAHNQ0x_0HMP3N5mSz8WfgpA6u4OSbnTFw6_b9qln_PCTytgbFrOdAbd5UuGaOHe8kpAwkYv7thkcpgzqSsuNTODE3hHxQiiTQ9Gwehzo_r0AWbJFTEqNgDgstyqP8fZxXQcZSra=w1600-h1200-k-no,,,11.9999688,120.2000427,https://www.google.com/maps/place/Aquahabitat+Divesafari+%26+Tour+Coron/data=!4m7!3m6!1s0x33ba1dd2789dec85:0x4021d95eccebd70e!8m2!3d11.9999688!4d120.2000427!16s%2Fg%2F11glwny5x6!19sChIJheydeNIdujMRDtfrzF7ZIUA?authuser=0&hl=en&rclk=1,"tourist information in Coron Busuanga, Palawan, Philippines",Coron Busuanga
Royal Island Watersports Coron Palawan,4.5,(45),,,,,Tourist Information,,,https://lh3.googleusercontent.com/gps-cs-s/APNQkAGJm7Inb9HxNy0cetXRE9LyoTDo1PvDYLsQ4gp_m2u7cehw5CIqpDgrhO5q3unYpw1h_kmkphyaHZgjVj3x-47I88pEp7c-sxI2_tUXDIuWq2E40UCq8ses8s9ug2M94yDS=w1600-h1200-k-no,,,11.9874731,120.1518942,https://www.google.com/maps/place/Royal+Island+Watersports+Coron+Palawan/data=!4m7!3m6!1s0x33b9f7f520545329:0x8ad2e26c03234e86!8m2!3d11.9874731!4d120.1518942!16s%2Fg%2F11fl91w9q7!19sChIJKVNUIPX3uTMRhk4jA2zi0oo?authuser=0&hl=en&rclk=1,"tourist information in Coron Busuanga, Palawan, Philippines",Coron Busuanga
Arlyn Expeditions Travel and Tours,4.5,(797),,,,,Tourist Information,,,https://lh3.googleusercontent.com/gps-cs-s/APNQkAESMPRb_a1KT1HbRMTzx2lfDDXE6zZwizsmUZZpjBrmW_-UdYn8Z6le_vewjPutVHvHjXUwgfPFZBY455PfyQHgcrKT7pQYww7I9WONwtZyHUSPfvmAMkvT7guRPnmXTUCHZRU=w1600-h1200-k-no,,,11.9989488,120.202212,https://www.google.com/maps/place/Arlyn+Expeditions+Travel+and+Tours/data=!4m7!3m6!1s0x33ba1d69eac57ea3:0x2a8c50e64f409746!8m2!3d11.9989488!4d120.202212!16s%2Fg%2F11flb3cqgj!19sChIJo37F6mkdujMRRpdAT-ZQjCo?authuser=0&hl=en&rclk=1,"tourist information in Coron Busuanga, Palawan, Philippines",Coron Busuanga
"SunValley Tourist Inn, Coron",4.3,(165),,,,,Tourist Information,,,https://lh3.googleusercontent.com/gps-cs-s/APNQkAE_JyboitbAq9qDgvMJfNNw9zrCZUzwwZJanXW8kzJ5L6b2PyA5ErANsszovO6jwuB0zrpDoc5KLevV5AekBs6DAny8EzyRmDA3zcKpYzVdR1pkqi4Xso-VbuVPm19KlQWNRM4=w1600-h1200-k-no,,,12.0026744,120.1992827,"https://www.google.com/maps/place/SunValley+Tourist+Inn,+Coron/data=!4m11!3m10!1s0x33ba1dd5d7f18d61:0x23a69faf86cc83ea!5m3!1s2026-10-31!4m1!1i2!8m2!3d12.0026744!4d120.1992827!16s%2Fg%2F11cst22_q9!19sChIJYY3x19UdujMR6oPMhq-fpiM?authuser=0&hl=en&rclk=1","tourist information in Coron Busuanga, Palawan, Philippines",Coron Busuanga
Coron Holiday,5.0,(3),,,,,Tourist Information,,,https://lh3.googleusercontent.com/gps-cs-s/APNQkAF23kjLFBnRdlxZdFBZl5V73WXPcVhC1_47wuF2n0kODZbU_y7p4wjIEyJka6oEPOM2TkJrkplgBEQvTrKoDiXQqXS2cS1V1BnHuiuyG8l4SWJJrR4tFScopGfoWVpi4Mn8HK8Qfg=w1600-h1200-k-no,,,11.9941903,120.2112877,https://www.google.com/maps/place/Coron+Holiday/data=!4m7!3m6!1s0x33ba1df49f13d393:0x37dfbf8fca3cfbc4!8m2!3d11.9941903!4d120.2112877!16s%2Fg%2F11j7hzk98z!19sChIJk9MTn_QdujMRxPs8yo-_3zc?authuser=0&hl=en&rclk=1,"tourist information in Coron Busuanga, Palawan, Philippines",Coron Busuanga
Amazing-Dream Travel and Tours,4.6,(106),,,,,Tourist Information,4 Burgos St,,https://lh3.googleusercontent.com/gps-cs-s/APNQkAHaUpaW1gLl73tCDerEYjgXwOQoiGwO2FU7cR_r_gNgwg_kckNH2NLo2W2DxpxpFEB6XXj9Hzj9gjlmeDQ-MQSaN4AGm_EBhEKt03QEIm76o1r3IKQfTKw9-Z-rBnmhWwxp7cLL=w1600-h1200-k-no,,,11.9993257,120.2046629,https://www.google.com/maps/place/Amazing-Dream+Travel+and+Tours/data=!4m7!3m6!1s0x33ba1d641fa5d707:0xd08451f64177e6cd!8m2!3d11.9993257!4d120.2046629!16s%2Fg%2F11sbdgqssv!19sChIJB9elH2QdujMRzeZ3QfZRhNA?authuser=0&hl=en&rclk=1,"tourist information in Coron Busuanga, Palawan, Philippines",Coron Busuanga
3 kings-travel and agency,5.0,(4),,,,,Tourist Information,3 kings,,https://streetviewpixels-pa.googleapis.com/v1/thumbnail?panoid=-JCT69NPO7oY7jCmXwyDow&cb_client=search.gws-prod.gps&w=80&h=92&yaw=238.05043&pitch=0&thumbfov=100,,,11.9978641,120.2126946,https://www.google.com/maps/place/3+kings-travel+and+agency/data=!4m7!3m6!1s0x33ba1d00226576fd:0x595a20596ea1b9e6!8m2!3d11.9978641!4d120.2126946!16s%2Fg%2F11xs1ypb83!19sChIJ_XZlIgAdujMR5rmhblkgWlk?authuser=0&hl=en&rclk=1,"tourist information in Coron Busuanga, Palawan, Philippines",Coron Busuanga
Meljude private tour,5.0,(169),,,,,Tourist Information,689 10km,,https://lh3.googleusercontent.com/gps-cs-s/APNQkAF0XrdPiZQYQ3Z3KMpSA0BdS7Gp59eHCbxUZpmL23QTE4grjWfRwenxyIsOvSwUhA5ylI3jtHZHpm457Qzd6OK9lqHFalPlEUPt3zuxYe1dzZO2DwJFOW2QclHYPRBpkbacCvUo=w1600-h1200-k-no,,,11.9954542,120.2023984,https://www.google.com/maps/place/Meljude+private+tour/data=!4m7!3m6!1s0x33ba1d301ce250e9:0xd886602d1b9ce3dc!8m2!3d11.9954542!4d120.2023984!16s%2Fg%2F11tsfb2933!19sChIJ6VDiHDAdujMR3OOcGy1ghtg?authuser=0&hl=en&rclk=1,"tourist information in Coron Busuanga, Palawan, Philippines",Coron Busuanga
Jiezer Travel and Tours,4.6,(5),,,,,Tourist Information,,,https://lh3.googleusercontent.com/gps-cs-s/APNQkAH-dTC7g_Q_TjJkipbeyMndbo5Kok_VZGniLK5GDYtCWgjcWOVz3IXGE3ZIpcoZnzb-BCXXg0YdE0MAHC6rCO_P398Um0hCNeQH8-BXQHgNBCGMw2LlTPah-o-GYzE4AnnVGXbnig=w1600-h1200-k-no,,,12.0002128,120.2011112,https://www.google.com/maps/place/Jiezer+Travel+and+Tours/data=!4m7!3m6!1s0x33ba1d8d050145e5:0xd43d5d8315fa4663!8m2!3d12.0002128!4d120.2011112!16s%2Fg%2F11tx_sznfl!19sChIJ5UUBBY0dujMRY0b6FYNdPdQ?authuser=0&hl=en&rclk=1,"tourist information in Coron Busuanga, Palawan, Philippines",Coron Busuanga
Tiffany tour,5.0,(1),,,,,Tourist Information,5 Coron,,https://lh3.googleusercontent.com/gps-cs-s/APNQkAH6YhvcbrI7Gbw9k6tuRRB2uAEppVdC_XwSapQ5KWuC_qOaRe1Q_sXVYLIF08p713rATOR9_PNx-bCBGE-q3TZ0NjbMq1I2RPmhNSbGIQ2ThgHmqGBt0isWW48OwGWnPixs8a61IQ=w1600-h1200-k-no,,,12.0000954,120.2012362,https://www.google.com/maps/place/Tiffany+tour/data=!4m7!3m6!1s0x33ba1d6796236091:0xe9160ab5a58c6f6e!8m2!3d12.0000954!4d120.2012362!16s%2Fg%2F11j0b0wcgl!19sChIJkWAjlmcdujMRbm-MpbUKFuk?authuser=0&hl=en&rclk=1,"tourist information in Coron Busuanga, Palawan, Philippines",Coron Busuanga
Darlyn Tours,5.0,(68),,,,,Tourist Information,,,https://lh3.googleusercontent.com/gps-cs-s/APNQkAH--AtZclfTox_37RBJrMHO4W0Qq1Kn3YLMEZGsU7WR82Y4SN4qFGvQSyQuF7v0UZchzuYrMxFdWiAMOoPOHR2fdoyyWR67q0J2MZp7VHECgDF8keIUCCM7lvOz55OvnwqKxNGw=w1600-h1200-k-no,,,11.9953107,120.2025962,https://www.google.com/maps/place/Darlyn+Tours/data=!4m7!3m6!1s0x33ba1d0767e47fe3:0x4fa7ccabb83c8ccf!8m2!3d11.9953107!4d120.2025962!16s%2Fg%2F11tp4h7ldv!19sChIJ43_kZwcdujMRz4w8uKvMp08?authuser=0&hl=en&rclk=1,"tourist information in Coron Busuanga, Palawan, Philippines",Coron Busuanga
Coron Plaza Fountain,4.0,(9),,,,,Tourist Information,,,https://lh3.googleusercontent.com/gps-cs-s/APNQkAGE2c9jsp8mJMBf4F__5-OfVQrqMygCjwPCLGYeUNIre7t357m3PAGWxm2catzo0rj8kk8PxCqXG36gPabxNdQMkpZTcgdv-i4sSR8IkVOvVMsasN5kiMv4-DI2nspjyB2OhPdz=w1600-h1200-k-no,,,11.9976709,120.2028661,https://www.google.com/maps/place/Coron+Plaza+Fountain/data=!4m7!3m6!1s0x33ba1d785a527445:0xa94007e1a46d62b9!8m2!3d11.9976709!4d120.2028661!16s%2Fg%2F11h_cnvbvy!19sChIJRXRSWngdujMRuWJtpOEHQKk?authuser=0&hl=en&rclk=1,"tourist information in Coron Busuanga, Palawan, Philippines",Coron Busuanga
Coron Sea Tours,5.0,(5),,,,,Tourist Information,,,https://lh3.googleusercontent.com/gps-cs-s/APNQkAFHWEVJ65hewwH6CdLnqMWdcCjf1b_cmUAlf97wupkSJvKz5akZVUZHAJRyiIGNR0aJ-AQhqUQIP11imxT2Ehg8Ye3Dg37JedrpKZuaw14EpXH9Lz7ghGn7PuUR2CjU2SAzx9vEna48eqzd=w1600-h1200-k-no,,,12.0004507,120.2027672,https://www.google.com/maps/place/Coron+Sea+Tours/data=!4m7!3m6!1s0xa4e430919367b3f7:0xc8c8e543abf30c7e!8m2!3d12.0004507!4d120.2027672!16s%2Fg%2F11yqy5270r!19sChIJ97Nnk5Ew5KQRfgzzq0PlyMg?authuser=0&hl=en&rclk=1,"tourist information in Coron Busuanga, Palawan, Philippines",Coron Busuanga
Bruno Vlogs Travel,5.0,(1),,,,,Tourist Information,,,https://streetviewpixels-pa.googleapis.com/v1/thumbnail?panoid=UOByZ1kpCMxuX3H9P2_Uow&cb_client=search.gws-prod.gps&w=80&h=92&yaw=240.57628&pitch=0&thumbfov=100,,,12.0489179,120.1519011,https://www.google.com/maps/place/Bruno+Vlogs+Travel/data=!4m7!3m6!1s0x33b9f58edd67b683:0xee48ec6d4de837bd!8m2!3d12.0489179!4d120.1519011!16s%2Fg%2F11rzbz44s5!19sChIJg7Zn3Y71uTMRvTfoTW3sSO4?authuser=0&hl=en&rclk=1,"tourist information in Coron Busuanga, Palawan, Philippines",Coron Busuanga
FernCenter Coron Palawan Philippines,5.0,(1),995 015 2931,https://wa.me/9950152931,,,Medical Clinic,,,,,,11.9975622,120.2035417,https://www.google.com/maps/place/FernCenter+Coron+Palawan+Philippines/data=!4m7!3m6!1s0x33ba1dd3618dae7f:0x1b64aa7ccd799777!8m2!3d11.9975622!4d120.2035417!16s%2Fg%2F11hcpktlb0!19sChIJf66NYdMdujMRd5d5zXyqZBs?authuser=0&hl=en&rclk=1,"medical clinic in Coron Island, Palawan, Philippines",Coron Island
Coron Freediving Center,5.0,(24),,,,,Medical Clinic,,,,,,11.9851976,120.2270611,https://www.google.com/maps/place/Coron+Freediving+Center/data=!4m7!3m6!1s0x33ba1dbe56c3568f:0x42d0831364b0699d!8m2!3d11.9851976!4d120.2270611!16s%2Fg%2F11tgh9xmq2!19sChIJj1bDVr4dujMRnWmwZBOD0EI?authuser=0&hl=en&rclk=1,"medical clinic in Coron Island, Palawan, Philippines",Coron Island
Evara Coron Palawan,4.7,(60),917 166 0994,https://wa.me/9171660994,,,Medical Clinic,5 Bancuang National Highway,,,,,11.9997333,120.2014703,https://www.google.com/maps/place/Evara+Coron+Palawan/data=!4m7!3m6!1s0x33ba1d72415b6e23:0x1f2d5a4c65041ba8!8m2!3d11.9997333!4d120.2014703!16s%2Fg%2F11y2jg660j!19sChIJI25bQXIdujMRqBsEZUxaLR8?authuser=0&hl=en&rclk=1,"medical clinic in Coron Island, Palawan, Philippines",Coron Island
"Skylodge Dive Shop , Coron Town Office",4.7,(73),,,,,Medical Clinic,4 National Highway,,,,,11.9987912,120.2030669,"https://www.google.com/maps/place/Skylodge+Dive+Shop+,+Coron+Town+Office/data=!4m7!3m6!1s0x33ba1d84563b8691:0x1cc20d1b925d93f0!8m2!3d11.9987912!4d120.2030669!16s%2Fg%2F11txy1j9wq!19sChIJkYY7VoQdujMR8JNdkhsNwhw?authuser=0&hl=en&rclk=1","medical clinic in Coron Island, Palawan, Philippines",Coron Island
Coron Town Plaza,4.3,(24),,,,,Medical Clinic,,,,,,11.9981875,120.2053802,https://www.google.com/maps/place/Coron+Town+Plaza/data=!4m7!3m6!1s0x33ba1c2cabc00001:0x8a72ba6eed50d650!8m2!3d11.9981875!4d120.2053802!16s%2Fg%2F11txv23bwj!19sChIJAQDAqywcujMRUNZQ7W66coo?authuser=0&hl=en&rclk=1,"medical clinic in Coron Island, Palawan, Philippines",Coron Island
Coron Island,4.7,(343),,,,,Medical Clinic,,,,,,11.9283293,120.2397336,https://www.google.com/maps/place/Coron+Island/data=!4m7!3m6!1s0x33ba03698ad138e3:0x6ca22b431ee94216!8m2!3d11.9283293!4d120.2397336!16zL20vMDJxenNo!19sChIJ4zjRimkDujMRFkLpHkMromw?authuser=0&hl=en&rclk=1,"medical clinic in Coron Island, Palawan, Philippines",Coron Island
Dhadz Souvenir & Pasalubong Center,4.0,(16),,,,,Medical Clinic,,,,,,12.000345,120.2038169,https://www.google.com/maps/place/Dhadz+Souvenir+%26+Pasalubong+Center/data=!4m7!3m6!1s0x33ba1da993925389:0x81697fe873afb24d!8m2!3d12.000345!4d120.2038169!16s%2Fg%2F11gv_5zzpk!19sChIJiVOSk6kdujMRTbKvc-h_aYE?authuser=0&hl=en&rclk=1,"medical clinic in Coron Island, Palawan, Philippines",Coron Island
SANHO DIVE CENTER,4.6,(91),917 701 1004,https://wa.me/9177011004,,,Medical Clinic,0917 701 1004,http://www.sanhodive.com/,,,,11.9961145,120.203439,https://www.google.com/maps/place/SANHO+DIVE+CENTER/data=!4m7!3m6!1s0x33ba1dd37fab63c5:0x478588e145476d53!8m2!3d11.9961145!4d120.203439!16s%2Fg%2F12m9g22vr!19sChIJxWOrf9MdujMRU21HReGIhUc?authuser=0&hl=en&rclk=1,"medical clinic in Coron Island, Palawan, Philippines",Coron Island
Aroma Cafe Coron,5.0,(25),,,,,Public Wi-Fi,,,https://lh3.googleusercontent.com/gps-cs-s/APNQkAGcDGI0cNfbg9wXOunRZfo0iJERRbCcLV88BXEcnQ2Mghb0ZJemsORq0PgfG143m8iGIooNtSGPfT1CsUpURwdwldUwn7DcqwK-bMYdtdXTPO_80ijXip1RBKKy0fG6i19ZnjeuObiZbVP4=w1600-h1200-k-no,,,11.9923633,120.2117653,https://www.google.com/maps/place/Aroma+Cafe+Coron/data=!4m7!3m6!1s0x33ba1d859fb736c1:0xd5da128fae88d11f!8m2!3d11.9923633!4d120.2117653!16s%2Fg%2F11ynws1gjx!19sChIJwTa3n4UdujMRH9GIro8S2tU?authuser=0&hl=en&rclk=1,"public wifi in Coron Island, Palawan, Philippines",Coron Island
BAMBAM Hostel,4.3,(98),,,,,Public Wi-Fi,,,https://lh3.googleusercontent.com/gps-cs-s/APNQkAH1HpbezwRvi_UGmxR5h5RVrrS2bLsSEFxFMChbkMN7tVpFLkGVNDDiYkSiWUsOC4-zEXjKSL6I6fHMP0ncvXr62kaGTwirefijTOBMIDFrsz9oovMGxbQKmhzuILpY0VImXCZ5iA=w1600-h1200-k-no,,,11.998214,120.2041701,https://www.google.com/maps/place/BAMBAM+Hostel/data=!4m11!3m10!1s0x33ba1dd35c336323:0x34430cf261e24d97!5m3!1s2026-10-31!4m1!1i2!8m2!3d11.998214!4d120.2041701!16s%2Fg%2F11fkm8bbx0!19sChIJI2MzXNMdujMRl03iYfIMQzQ?authuser=0&hl=en&rclk=1,"public wifi in Coron Island, Palawan, Philippines",Coron Island
Mama Café,4.4,(241),,,,,Public Wi-Fi,,,https://lh3.googleusercontent.com/gps-cs-s/APNQkAG9noNlPPn2-v6tPMaFKXg7DsASlNiN-JKiGFRghQ6R8Exe9knYmCZKlKentF3aikx7asDmHAmQburB260a6tKRaNJowE-Zm_qL-aNoqMC-gEg-NjutluB4vc82Meqtqlb21swykjtRWO4=w1600-h1200-k-no,,,11.9987012,120.2026729,https://www.google.com/maps/place/Mama+Caf%C3%A9/data=!4m7!3m6!1s0x33ba1d9212e1ba2f:0x9051b6837fd11bd9!8m2!3d11.9987012!4d120.2026729!16s%2Fg%2F11vzy9qh28!19sChIJL7rhEpIdujMR2RvRf4O2UZA?authuser=0&hl=en&rclk=1,"public wifi in Coron Island, Palawan, Philippines",Coron Island
Coron Village Café,4.5,(62),,,,,Public Wi-Fi,,,https://lh3.googleusercontent.com/gps-cs-s/APNQkAEh3DTEgXDmLbdnm7H9TLAXLiW5rRz3LslKIICzrKgVthaRucwiYGL0C2lKyJsxHYjua4C7vF4a4arongeIjFQLBKN3sc8D-DJfZ33t0Vx_DyjqfhK6rw21jnzcDs1RQdCGGpji=w1600-h1200-k-no,,,11.9995278,120.2068989,https://www.google.com/maps/place/Coron+Village+Caf%C3%A9/data=!4m7!3m6!1s0x33ba1d0846a6838f:0x23ae35938c223913!8m2!3d11.9995278!4d120.2068989!16s%2Fg%2F11vdhjyrcp!19sChIJj4OmRggdujMREzkijJM1riM?authuser=0&hl=en&rclk=1,"public wifi in Coron Island, Palawan, Philippines",Coron Island
Khadoi's,4.2,(170),,,,,Public Wi-Fi,,,https://lh3.googleusercontent.com/gps-cs-s/APNQkAE9XnzD6SiyWeTeVKDAqMP51oHZpZpIHqlaRWkfhCiLz7oQPQg5CoZFhpWraadH4TS6d2YIJZWpbRd5JkJO6IIJ-MG4CBOfKKl6B8UHxvABfPwT8es7ieU8xJYKRC5QwllFVZ7eBw=w1600-h1200-k-no,,,11.9982392,120.2041415,https://www.google.com/maps/place/Khadoi%27s/data=!4m7!3m6!1s0x33ba1de790b12fa9:0xbad9e509e4e9e48e!8m2!3d11.9982392!4d120.2041415!16s%2Fg%2F11sjtjq73x!19sChIJqS-xkOcdujMRjuTp5Anl2bo?authuser=0&hl=en&rclk=1,"public wifi in Coron Island, Palawan, Philippines",Coron Island
BAIA-SERENA RESORT,4.5,(180),,,,,Public Wi-Fi,,,https://lh3.googleusercontent.com/gps-cs-s/APNQkAFcLf1LE3J60P76tmfxf8FeGxrxU_mBbK_iCKbRBXkJZTUhHcBmoFqBoNt6Br5DxBWjBXTuL9QMeLsmpz0nVgrk9ZTt2BIrlwXfzNnSm1GHaSo1p1vIW4GeB4hSSol6YdPYxuNJ=w1600-h1200-k-no,,,11.9685268,120.196836,https://www.google.com/maps/place/BAIA-SERENA+RESORT/data=!4m11!3m10!1s0x33ba1d56ce04f837:0xe79089abfd3a6d16!5m3!1s2026-10-31!4m1!1i2!8m2!3d11.9685268!4d120.196836!16s%2Fg%2F11kpqg3sgx!19sChIJN_gEzlYdujMRFm06_auJkOc?authuser=0&hl=en&rclk=1,"public wifi in Coron Island, Palawan, Philippines",Coron Island
Island Brasserrie Hostel,4.9,(7),,,,,Public Wi-Fi,,,https://lh3.googleusercontent.com/gps-cs-s/APNQkAEVTGanjVXk_o8uQjuS1WMulghn_TUtM55qhp_EoiU5ZCtiDViOT0hBZQjTTrwJUYrRZNRkbvTevCXP1u1xX7cFyKo3iu8Puyw6R_lqcKew6Bi8gyECiTM3WqCiGCcHURhT1oOfwF_RbBnP=w1600-h1200-k-no,,,11.9997825,120.2093377,https://www.google.com/maps/place/Island+Brasserrie+Hostel/data=!4m11!3m10!1s0x33ba1d007c7ec569:0x767e21db6dbad4f6!5m3!1s2026-10-31!4m1!1i2!8m2!3d11.9997825!4d120.2093377!16s%2Fg%2F11x7h_t411!19sChIJacV-fAAdujMR9tS6bdshfnY?authuser=0&hl=en&rclk=1,"public wifi in Coron Island, Palawan, Philippines",Coron Island
Mayad House Coron,4.9,(18),,,,,Public Wi-Fi,35 San Agustin St,,https://lh3.googleusercontent.com/gps-cs-s/APNQkAENJxjcNAaDCvH2DaOVK1JSjzEsB4E9Dw8IDtNRe9unnsbRqQ9geG3SzMoptwivNZacIAkGtJAw2024YUwiu_o0EbMXXsnDJyUI-YlhWmVrB3LsVUJFeCodnSBj6qHXgmdJsNED=w1600-h1200-k-no,,,11.9993538,120.203549,https://www.google.com/maps/place/Mayad+House+Coron/data=!4m7!3m6!1s0x33ba1d00080836c7:0xa825edf8257a81f4!8m2!3d11.9993538!4d120.203549!16s%2Fg%2F11wfr56j1f!19sChIJxzYICAAdujMR9IF6JfjtJag?authuser=0&hl=en&rclk=1,"public wifi in Coron Island, Palawan, Philippines",Coron Island
Green Gecko Hostel and Expedition,3.7,(43),,,,,Public Wi-Fi,,,https://lh3.googleusercontent.com/gps-cs-s/APNQkAGo99YZUw-SNL438guhE_mT1KrHOJ1H1acY6HYqmB1XRQdJkkw484rXJ2JUw9OejdXTU1NI7UDrX4y8BHY5lvTFxFGQfPmC1QHNlRMNGVmWwMKnoTqqeUJ6B7OiMRBe25FTQk_MUi4mYB_y=w1600-h1200-k-no,,,11.999489,120.2027767,https://www.google.com/maps/place/Green+Gecko+Hostel+and+Expedition/data=!4m11!3m10!1s0x33ba1d58a5cb0841:0x811fde3ff87b2cb2!5m3!1s2026-10-31!4m1!1i2!8m2!3d11.999489!4d120.2027767!16s%2Fg%2F11szdjkql5!19sChIJQQjLpVgdujMRsix7-D_eH4E?authuser=0&hl=en&rclk=1,"public wifi in Coron Island, Palawan, Philippines",Coron Island
Islands View Inn,3.8,(61),,,,,Public Wi-Fi,,,https://lh3.googleusercontent.com/gps-proxy/ALd4DhHXCDmWXaNuKwcRXBdSWIeSkGKmm76PaUOXgU81WeesdrBSwHw8gzc3L2XeTe05BJyU1Hc-u4hQje19qjWC20QEpfohTjk4uEPHV6Trnv_6gNercXurhiSrWtRkHBzs05ZtWx-sV_HV13dO3ijkc861rN293-6krEntOJzNfqSTOEcxOo5flZLi=w1600-h1200-k-no,,,11.9977522,120.20443,https://www.google.com/maps/place/Islands+View+Inn/data=!4m11!3m10!1s0x33ba1c2b61646643:0xac6fa5b9ac647ef9!5m3!1s2026-10-31!4m1!1i2!8m2!3d11.9977522!4d120.20443!16s%2Fg%2F12qfmyv7b!19sChIJQ2ZkYSscujMR-X5krLmlb6w?authuser=0&hl=en&rclk=1,"public wifi in Coron Island, Palawan, Philippines",Coron Island
Baydreams Inn,4.6,(31),,,,,Public Wi-Fi,,,https://lh3.googleusercontent.com/gps-cs-s/APNQkAFTPPI2OdUs4FGXvE3OPj4jk08jUSmQQADqduu6sxrqWa1OM7-NG56v_WuXKo-vwRqUtD9X_XkB7rRj_idYJtijQMSlyr36Ytz4FezV4NHq6UR3S9jjkMv-tpwFkITzwl5dPbNr1Q=w1600-h1200-k-no,,,11.998426,120.2099881,https://www.google.com/maps/place/Baydreams+Inn/data=!4m11!3m10!1s0x33ba1dc9beda2d41:0x4e99eb92cbe1e16!5m3!1s2026-10-31!4m1!1i2!8m2!3d11.998426!4d120.2099881!16s%2Fg%2F11q9s67960!19sChIJQS3avskdujMRFh6-LLme6QQ?authuser=0&hl=en&rclk=1,"public wifi in Coron Island, Palawan, Philippines",Coron Island
Seascape Lodging House Coron,4.4,(28),,,,,Public Wi-Fi,,,https://lh3.googleusercontent.com/gps-cs-s/APNQkAHqT9IbOAf1TBVp7pB903f0jh4PwbTYK-nGZQMfirxZ5ta_QyKTHWUNyC3w1JjEiM7HsZVph6RXxpGIlnQPFy3XlMHaM-aOprZV4l6osmtJLtbjwBv-zR7R_v4v1tflZ2IVMBE=w1600-h1200-k-no,,,11.997825,120.2043959,https://www.google.com/maps/place/Seascape+Lodging+House+Coron/data=!4m11!3m10!1s0x33ba1dd34fa0b8a3:0x902f794f115cc187!5m3!1s2026-10-31!4m1!1i2!8m2!3d11.997825!4d120.2043959!16s%2Fg%2F11gghdtqp0!19sChIJo7igT9MdujMRh8FcEU95L5A?authuser=0&hl=en&rclk=1,"public wifi in Coron Island, Palawan, Philippines",Coron Island
BAIA-SERENA RESORT,4.3,(127),,,,,Public Wi-Fi,,,https://lh3.googleusercontent.com/gps-cs-s/APNQkAEtF0E5q9wj3WUZR2vPtmhKogytIOHdXvKsjqnAlJNDg6gdbAHxnMvgeaU6WD-Qq0TkJVrA71Cpby1j6HSgg-y5U7A4J65yXHQiEUOQoaQQjr95jWB2odEvEfrY6p3eSgJT4v_Pdg=w1600-h1200-k-no,,,11.9688335,120.1971806,https://www.google.com/maps/place/BAIA-SERENA+RESORT/data=!4m11!3m10!1s0x33ba1d8ed72460f1:0x7b7441bc504eae3f!5m3!1s2026-10-31!4m1!1i2!8m2!3d11.9688335!4d120.1971806!16s%2Fg%2F1hc4341fv!19sChIJ8WAk144dujMRP65OULxBdHs?authuser=0&hl=en&rclk=1,"public wifi in Coron Island, Palawan, Philippines",Coron Island
Big Kahuna Bar & Smokery,4.1,(275),,,,,Public Wi-Fi,,,https://lh3.googleusercontent.com/gps-cs-s/APNQkAGuCKvbelvAqprysCv5tvTJE1jP9PU7rgnXdDqbxnkrlYdzC_wPjEgL0BZO7F-wo-qsRL5V6llehR6cnjqSmWynY6UIfm9XItqhjIzOEeFqThjipk7y0v_miTzbIwPA-aecFKTi=w1600-h1200-k-no,,,11.9987164,120.2037049,https://www.google.com/maps/place/Big+Kahuna+Bar+%26+Smokery/data=!4m7!3m6!1s0x33ba1d8cf02cf8ab:0x22ddfdf4773d14e4!8m2!3d11.9987164!4d120.2037049!16s%2Fg%2F11h914g2gz!19sChIJq_gs8IwdujMR5BQ9d_T93SI?authuser=0&hl=en&rclk=1,"public wifi in Coron Island, Palawan, Philippines",Coron Island
CORON INK PARADISE TATTOO (iris inkcyclopedia),5.0,(231),,,,,Public Wi-Fi,3 national highway,,,,,11.9971542,120.2026527,https://www.google.com/maps/place/CORON+INK+PARADISE+TATTOO+%28iris+inkcyclopedia%29/data=!4m7!3m6!1s0x33ba1dbaace9e8a1:0x2b1360b79c0686b4!8m2!3d11.9971542!4d120.2026527!16s%2Fg%2F11y479x9d1!19sChIJoejprLodujMRtIYGnLdgEys?authuser=0&hl=en&rclk=1,"public wifi in Coron Island, Palawan, Philippines",Coron Island
Alec Lodge,4.7,(95),,,,,Public Wi-Fi,,,,,,11.9996948,120.2082218,https://www.google.com/maps/place/Alec+Lodge/data=!4m11!3m10!1s0x33ba1d38ecf868f9:0x2d68f420292ccdd!5m3!1s2026-10-31!4m1!1i2!8m2!3d11.9996948!4d120.2082218!16s%2Fg%2F11hf83c8v2!19sChIJ-Wj47DgdujMR3cySAkKP1gI?authuser=0&hl=en&rclk=1,"public wifi in Coron Island, Palawan, Philippines",Coron Island
Sea Coral Lodge,4.1,(66),,,,,Public Wi-Fi,,,,,,11.9991286,120.202051,https://www.google.com/maps/place/Sea+Coral+Lodge/data=!4m7!3m6!1s0x33ba1dd37e4960a5:0xc35bbfc2033c9d19!8m2!3d11.9991286!4d120.202051!16s%2Fg%2F1hg4y2b50!19sChIJpWBJftMdujMRGZ08A8K_W8M?authuser=0&hl=en&rclk=1,"public wifi in Coron Island, Palawan, Philippines",Coron Island
.,4.0,(1),,,,,Sim Card,,,https://lh3.googleusercontent.com/gps-cs-s/APNQkAHSjuBRc92-RWJIjTBN1QuGLTBf5uyRcUE50tbPI19b7waqxJQYmHU3vYNRTbsNtXlyN9krzjiO5sgtHT-AxvmSVl2xtWZyxzNqKKuHpIUVA2EbDmjkpj7xuBCVJYmMcqal1ytV=w1600-h1200-k-no,,,11.9982297,120.2038553,https://www.google.com/maps/place/data=!4m7!3m6!1s0x33ba1dc598d4df47:0xe8422ea16307cc8f!8m2!3d11.9982297!4d120.2038553!16s%2Fg%2F11j95rfwsy!19sChIJR9_UmMUdujMRj8wHY6EuQug?authuser=0&hl=en&rclk=1,"sim card in Coron Island, Palawan, Philippines",Coron Island
manaog sarisari store,3.8,(6),,,,,Convenience Store,,,https://lh3.googleusercontent.com/gps-cs-s/APNQkAF_lJ6viuwXJnwnSNu_mfwu1SDvnvSzsY_n3UxikHDTCwwMudtZztxldDc3g4-b0dHeJ_kPhfkgTFHurZb2IW4XFQRMAf3YXU7R115hZGZuY8EhAOy4plbsCJHnsMXACiKNGvTw0Q=w1600-h1200-k-no,,,11.9982355,120.2032204,https://www.google.com/maps/place/manaog+sarisari+store/data=!4m7!3m6!1s0x33ba1dcd0348709d:0x72c80dd19252a3c5!8m2!3d11.9982355!4d120.2032204!16s%2Fg%2F11kj_lrs8q!19sChIJnXBIA80dujMRxaNSktENyHI?authuser=0&hl=en&rclk=1,"convenience store in Coron Island, Palawan, Philippines",Coron Island
Calle dos Café,4.6,(33),927 851 9687,https://wa.me/9278519687,,,Convenience Store,0927 851 9687,,https://lh3.googleusercontent.com/gps-cs-s/APNQkAHaK_uFIRnVtQgEcFT7NfylCDy8HgLwr3trpLPtOSKoBCsoJbJFCDNuccb9e47rVYIyJ912TMwrD38yLkxWy2NSV3557sNdZKYrioptyz156dPm1KiN-vC4YRMOiEVjzzJbYStThgMZAdK9=w1600-h1200-k-no,,,11.9972787,120.204204,https://www.google.com/maps/place/Calle+dos+Caf%C3%A9/data=!4m7!3m6!1s0x33ba1d83b07f42cf:0x94a4a236f266e655!8m2!3d11.9972787!4d120.204204!16s%2Fg%2F11ywwbcxv4!19sChIJz0J_sIMdujMRVeZm8jaipJQ?authuser=0&hl=en&rclk=1,"convenience store in Coron Island, Palawan, Philippines",Coron Island
S&N souvenir shop,5.0,(2),956 746 4244,https://wa.me/9567464244,,,Convenience Store,0956 746 4244,,https://lh3.googleusercontent.com/gps-cs-s/APNQkAE4CTy8zrY5_2AnEU7bEAxtqyZRfwtDV86EuNHt7MpB2VPPx0AJE8O3HHkchQLR3aCJlq4S9iCS2n51eUw4kB-sBMtLEXiIigg5hnH5mW_Q0afSiFNRqCRQ_P94KOuj4gtpLAa4yW3zaCw=w1600-h1200-k-no,,,11.9974874,120.2030641,https://www.google.com/maps/place/S%26N+souvenir+shop/data=!4m7!3m6!1s0x33b9f50011169607:0x3a42c72189bb5507!8m2!3d11.9974874!4d120.2030641!16s%2Fg%2F11xclp0d_y!19sChIJB5YWEQD1uTMRB1W7iSHHQjo?authuser=0&hl=en&rclk=1,"convenience store in Coron Island, Palawan, Philippines",Coron Island
Coron Town 888 consumer goods trading,4.6,(5),,,,,Convenience Store,888 consumer goods trading  4,,https://lh3.googleusercontent.com/gps-cs-s/APNQkAGNKVR-wN46Xh10gtInqagX2SFQWmaP4O1o8CFuINm4AirsZe8_S4XprXXoBoM4xOd5uByAXulNOp0ksOhHWquidyd5C6WE12GBlYP8PgkoLCDNN6L0xaEn92XqWtYSdHErmdeNxTEsuLN1=w1600-h1200-k-no,,,11.9999098,120.2085842,https://www.google.com/maps/place/Coron+Town+888+consumer+goods+trading/data=!4m7!3m6!1s0x33ba1d0078e0bd05:0xd8d917c7a602eed4!8m2!3d11.9999098!4d120.2085842!16s%2Fg%2F11xmbr415y!19sChIJBb3geAAdujMR1O4CpscX2dg?authuser=0&hl=en&rclk=1,"convenience store in Coron Island, Palawan, Philippines",Coron Island
Itadhana Café,4.7,(217),954 112 9114,https://wa.me/9541129114,,,Convenience Store,0954 112 9114,,https://lh3.googleusercontent.com/gps-cs-s/APNQkAHJMfLyGYcMe0eGKgxeTH2Gd24SCBZ8auuIap24NxJcdCT2nkPp2lyzOs7-RcCTwChXdl1AIFQuPgYNxvoN_mZSAqm4b0Xub-n8SOWt9V8Q_KprFntkxg75_jY92mdAJyobvKiGj_uXH4rh=w1600-h1200-k-no,,,11.9987028,120.2035082,https://www.google.com/maps/place/Itadhana+Caf%C3%A9/data=!4m7!3m6!1s0x33ba1d2ed1fa884d:0x57e8c414e43a8c1d!8m2!3d11.9987028!4d120.2035082!16s%2Fg%2F11x_6qkbp4!19sChIJTYj60S4dujMRHYw65BTE6Fc?authuser=0&hl=en&rclk=1,"convenience store in Coron Island, Palawan, Philippines",Coron Island
Island Souvenirs,5.0,(3),,,,,Convenience Store,16 Don Pedro St,,https://lh3.googleusercontent.com/gps-cs-s/APNQkAGvvIrAXx6tt-6bUHKfixkmfC8I_Vwcg7_Zb7yCHZazHgek7bugADlno6dSB2dA8kHzCbvlu91R-aOiW1ouJgtlkwqy4a-EnljWqijyBVxmTD2MyFkpUYeXSrYnEvGk89L9BSFbxKZZ0t80=w1600-h1200-k-no,,,11.9986075,120.2025751,https://www.google.com/maps/place/Island+Souvenirs/data=!4m7!3m6!1s0x33ba1d000eacf465:0x8d4e6501977e0338!8m2!3d11.9986075!4d120.2025751!16s%2Fg%2F11wxcmzqs6!19sChIJZfSsDgAdujMROAN-lwFlTo0?authuser=0&hl=en&rclk=1,"convenience store in Coron Island, Palawan, Philippines",Coron Island
Dessert Island,5.0,(3),,,,,Convenience Store,,,https://lh3.googleusercontent.com/gps-cs-s/APNQkAGGTWWOxv6QlU6eXhTL3Di7h3UzEnWNDZrqGbGIapXVj2mX_rFDsYPH_jH_2r9xuv0lEg3sDexGPJh6dDyR_zYE9Knp70skCPFZf9z9rmFabEmswAGXc9HkYufReDOW6VHOpfZ72awweSbZ=w1600-h1200-k-no,,,11.9986865,120.2032362,https://www.google.com/maps/place/Dessert+Island/data=!4m7!3m6!1s0x33ba1d005c94accb:0xed6abeffac295759!8m2!3d11.9986865!4d120.2032362!16s%2Fg%2F11yt0h4nlp!19sChIJy6yUXAAdujMRWVcprP--au0?authuser=0&hl=en&rclk=1,"convenience store in Coron Island, Palawan, Philippines",Coron Island
Soft Drinks Store (Enjoy Branch),5.0,(1),995 649 1891,https://wa.me/9956491891,,,Convenience Store,0995 649 1891,,https://streetviewpixels-pa.googleapis.com/v1/thumbnail?panoid=qYJ7u72FuY7abvl6bJlo9g&cb_client=search.gws-prod.gps&w=80&h=92&yaw=308.7215&pitch=0&thumbfov=100,,,11.9985416,120.2072296,https://www.google.com/maps/place/Soft+Drinks+Store+%28Enjoy+Branch%29/data=!4m7!3m6!1s0x33ba1d0824f1c4f5:0xb4f706e7c2b9d279!8m2!3d11.9985416!4d120.2072296!16s%2Fg%2F11tn07txxh!19sChIJ9cTxJAgdujMRedK5wucG97Q?authuser=0&hl=en&rclk=1,"convenience store in Coron Island, Palawan, Philippines",Coron Island
Kargoe Cafe and Bar,4.0,(4),917 168 4737,https://wa.me/9171684737,,,Convenience Store,0917 168 4737,,https://lh3.googleusercontent.com/gps-cs-s/APNQkAHUJ23OFglZRy-8HCi5pUIkjxsgCMHN_VsEcMqKOAuddzwiZK43I4ULghnlKP_Fde4qNqKzFFJLixwp9qR0Cg7LwP-pc54koAFJkzeGPRSLcVVRIM2L1zmSzPCN8aTxRIssiOv3assYilIK=w1600-h1200-k-no,,,11.9924262,120.2116334,https://www.google.com/maps/place/Kargoe+Cafe+and+Bar/data=!4m7!3m6!1s0x33ba1d56d6b4c8a5:0x8492fa37faaba4e!8m2!3d11.9924262!4d120.2116334!16s%2Fg%2F11z9sxly7y!19sChIJpci01lYdujMRTrqqf6MvSQg?authuser=0&hl=en&rclk=1,"convenience store in Coron Island, Palawan, Philippines",Coron Island
Eden Cafe,5.0,(36),962 202 1061,https://wa.me/9622021061,,,Convenience Store,0962 202 1061,,,,,11.9992785,120.203681,https://www.google.com/maps/place/Eden+Cafe/data=!4m7!3m6!1s0x33ba1da393c9f511:0x65ad62174b83e6c0!8m2!3d11.9992785!4d120.203681!16s%2Fg%2F11y3qb38lm!19sChIJEfXJk6MdujMRwOaDSxdirWU?authuser=0&hl=en&rclk=1,"convenience store in Coron Island, Palawan, Philippines",Coron Island
CHOWLINE,4.8,(231),966 839 3812,https://wa.me/9668393812,,,Convenience Store,12 Real StTemporarily closed,,,,,11.9980711,120.2043619,https://www.google.com/maps/place/CHOWLINE/data=!4m7!3m6!1s0x33ba1de08a21879d:0xed945d029a437c34!8m2!3d11.9980711!4d120.2043619!16s%2Fg%2F11szc0mvmt!19sChIJnYchiuAdujMRNHxDmgJdlO0?authuser=0&hl=en&rclk=1,"convenience store in Coron Island, Palawan, Philippines",Coron Island
(Rolly)Coron private boat island hopping tour services,5.0,(200),935 223 9953,https://wa.me/9352239953,,,Transportation,0935 223 9953,https://wanderlog.com/place/details/8404658/rollycoron-private-boat-island-hopping-tour-services,,,,11.9955233,120.202265,https://www.google.com/maps/place/%28Rolly%29Coron+private+boat+island+hopping+tour+services/data=!4m7!3m6!1s0x33ba1d2e9d76cabf:0x1b2793d18feb9dd3!8m2!3d11.9955233!4d120.202265!16s%2Fg%2F11v6lxl_9x!19sChIJv8p2nS4dujMR053rj9GTJxs?authuser=0&hl=en&rclk=1,"transportation in Coron Island, Palawan, Philippines",Coron Island
Kayangan Jetty and Boardwalk,4.6,(10),,,,,Transportation,,,,,,11.9608862,120.2267686,https://www.google.com/maps/place/Kayangan+Jetty+and+Boardwalk/data=!4m7!3m6!1s0x33ba1d005438cb21:0x8d528a0967f3cbb4!8m2!3d11.9608862!4d120.2267686!16s%2Fg%2F11wfy45_ck!19sChIJIcs4VAAdujMRtMvzZwmKUo0?authuser=0&hl=en&rclk=1,"transportation in Coron Island, Palawan, Philippines",Coron Island
JUNRY BOAT RENTAL Coron,3.7,(3),935 666 4385,https://wa.me/9356664385,,,Transportation,0935 666 4385,,,,,11.9959143,120.201773,https://www.google.com/maps/place/JUNRY+BOAT+RENTAL+Coron/data=!4m7!3m6!1s0x33ba1df093600a3b:0x6364fbe651b8e49f!8m2!3d11.9959143!4d120.201773!16s%2Fg%2F11sv1l_tdb!19sChIJOwpgk_AdujMRn-S4Ueb7ZGM?authuser=0&hl=en&rclk=1,"transportation in Coron Island, Palawan, Philippines",Coron Island
J&T Express F-TAGUMPAY-1,5.0,(1),,,,,Transportation,1  5,,,,,11.9984566,120.2083898,https://www.google.com/maps/place/J%26T+Express+F-TAGUMPAY-1/data=!4m7!3m6!1s0x33ba1d007e608423:0x3f3fb6f89c4158b3!8m2!3d11.9984566!4d120.2083898!16s%2Fg%2F11xmc2c5kb!19sChIJI4RgfgAdujMRs1hBnPi2Pz8?authuser=0&hl=en&rclk=1,"transportation in Coron Island, Palawan, Philippines",Coron Island
Ocean Pearl Travel and Tour,4.6,(100),995 804 7775,https://wa.me/9958047775,,,Transportation,0995 804 7775,https://oceanpearltravelandtours.com/,,,,12.0018365,120.1997363,https://www.google.com/maps/place/Ocean+Pearl+Travel+and+Tour/data=!4m7!3m6!1s0x33b9f50055dca55b:0x2b4349283ed790a0!8m2!3d12.0018365!4d120.1997363!16s%2Fg%2F11vk7lkrxl!19sChIJW6XcVQD1uTMRoJDXPihJQys?authuser=0&hl=en&rclk=1,"transportation in Coron Island, Palawan, Philippines",Coron Island
Municipality of Coron,4.7,(19),(048) 829 7967,https://wa.me/0488297967,,,Embassy,629 Municipal Hall,,,,,11.9980437,120.205097,https://www.google.com/maps/place/Municipality+of+Coron/data=!4m7!3m6!1s0x33ba1dd353347c07:0xdc40072ae5edc8c1!8m2!3d11.9980437!4d120.205097!16s%2Fg%2F11bzvw2rbr!19sChIJB3w0U9MdujMRwcjt5SoHQNw?authuser=0&hl=en&rclk=1,"embassy in Coron Island, Palawan, Philippines",Coron Island
San Agustin Parish Church,4.7,(107),,,,,Embassy,,,,,,11.9992833,120.2056583,https://www.google.com/maps/place/San+Agustin+Parish+Church/data=!4m7!3m6!1s0x33ba1c2b4f2da1ad:0xdf410c522c75e49c!8m2!3d11.9992833!4d120.2056583!16s%2Fg%2F11g8chbtrf!19sChIJraEtTyscujMRnOR1LFIMQd8?authuser=0&hl=en&rclk=1,"embassy in Coron Island, Palawan, Philippines",Coron Island
Coron Life,5.0,(1),967 033 9471,https://wa.me/9670339471,,,Embassy,0967 033 9471,https://coronlife.com/,,,,11.9955035,120.2027475,https://www.google.com/maps/place/Coron+Life/data=!4m7!3m6!1s0x33ba1d6d9f435caf:0xb307780be8d878e7!8m2!3d11.9955035!4d120.2027475!16s%2Fg%2F11j7plz4pr!19sChIJr1xDn20dujMR53jY6At4B7M?authuser=0&hl=en&rclk=1,"embassy in Coron Island, Palawan, Philippines",Coron Island
Coron Activity Floating Port,4.5,(17),,,,,Tourist Information,,,,,,11.9954034,120.2019665,https://www.google.com/maps/place/Coron+Activity+Floating+Port/data=!4m7!3m6!1s0x33ba1d939fb8d779:0x932037d56f4dfdf4!8m2!3d11.9954034!4d120.2019665!16s%2Fg%2F11v15fdr2_!19sChIJede4n5MdujMR9P1Nb9U3IJM?authuser=0&hl=en&rclk=1,"tourist information in Coron Island, Palawan, Philippines",Coron Island
Don Araneta Coron Private Tours,5.0,(37),906 195 9923,https://wa.me/9061959923,https://www.instagram.com/albertg.araneta?igsh=MWdxb2psajQ0cWluOQ==,,Tourist Information,,https://www.instagram.com/albertg.araneta?igsh=MWdxb2psajQ0cWluOQ==,,,,11.9959373,120.201579,https://www.google.com/maps/place/Don+Araneta+Coron+Private+Tours/data=!4m7!3m6!1s0x33b9f54d5f19b5eb:0xf79ad6036e8fb60a!8m2!3d11.9959373!4d120.201579!16s%2Fg%2F11ybhw7sh3!19sChIJ67UZX031uTMRCraPbgPWmvc?authuser=0&hl=en&rclk=1,"tourist information in Coron Island, Palawan, Philippines",Coron Island
Tourism centre,5.0,(2),,,,,Tourist Information,,,,,,11.9975741,120.2027008,https://www.google.com/maps/place/Tourism+centre/data=!4m7!3m6!1s0x33ba1d5eefa4c3bd:0xb19f9d8ff1a4037c!8m2!3d11.9975741!4d120.2027008!16s%2Fg%2F11kk7n_4vr!19sChIJvcOk714dujMRfAOk8Y-dn7E?authuser=0&hl=en&rclk=1,"tourist information in Coron Island, Palawan, Philippines",Coron Island
Balinsasayaw Reef,4.3,(15),,,,,Tourist Information,,,,,,11.965223,120.1971882,https://www.google.com/maps/place/Balinsasayaw+Reef/data=!4m7!3m6!1s0x33ba1d003a221e35:0x461b83a751ff8840!8m2!3d11.965223!4d120.1971882!16s%2Fg%2F11y3wxg6y1!19sChIJNR4iOgAdujMRQIj_UaeDG0Y?authuser=0&hl=en&rclk=1,"tourist information in Coron Island, Palawan, Philippines",Coron Island
Ricky tour,5.0,(3),,,,,Tourist Information,4 persons and it was amazing,,,,,11.9959619,120.201938,https://www.google.com/maps/place/Ricky+tour/data=!4m7!3m6!1s0x33ba1d002d0cd53b:0xf059873914b4c98b!8m2!3d11.9959619!4d120.201938!16s%2Fg%2F11w3792645!19sChIJO9UMLQAdujMRi8m0FDmHWfA?authuser=0&hl=en&rclk=1,"tourist information in Coron Island, Palawan, Philippines",Coron Island
Twin Peaks Coral Garden,4.5,(139),,,,,Tourist Information,,,,,,11.9606209,120.218159,https://www.google.com/maps/place/Twin+Peaks+Coral+Garden/data=!4m7!3m6!1s0x33ba1cf7c29144c9:0x5e8c007097222be8!8m2!3d11.9606209!4d120.218159!16s%2Fg%2F11cs1xq2g_!19sChIJyUSRwvccujMR6Csil3AAjF4?authuser=0&hl=en&rclk=1,"tourist information in Coron Island, Palawan, Philippines",Coron Island
HAPPYQUEST TRAVEL AND TOURS,4.9,(58),970 162 4428,https://wa.me/9701624428,,,Tourist Information,0970 162 4428,,,,,11.9993615,120.2036824,https://www.google.com/maps/place/HAPPYQUEST+TRAVEL+AND+TOURS/data=!4m7!3m6!1s0x33ba1d8f3abb87d3:0xaaebe067567ccd8c!8m2!3d11.9993615!4d120.2036824!16s%2Fg%2F11mld5ld40!19sChIJ04e7Oo8dujMRjM18Vmfg66o?authuser=0&hl=en&rclk=1,"tourist information in Coron Island, Palawan, Philippines",Coron Island
Cinco Niños Leisure Corp,5.0,(50),917 180 5155,https://wa.me/9171805155,,,Tourist Information,6 National Highway,,,,,11.9978265,120.2042707,https://www.google.com/maps/place/Cinco+Ni%C3%B1os+Leisure+Corp/data=!4m7!3m6!1s0x33b9f50d54b81abb:0xd981fc110ac72507!8m2!3d11.9978265!4d120.2042707!16s%2Fg%2F11v67s1wmt!19sChIJuxq4VA31uTMRByXHChH8gdk?authuser=0&hl=en&rclk=1,"tourist information in Coron Island, Palawan, Philippines",Coron Island
Island Trip Travel and Tours,5.0,(3),916 292 7101,https://wa.me/9162927101,,,Tourist Information,2 Corner of Comesaria Street,,,,,11.9967921,120.205954,https://www.google.com/maps/place/Island+Trip+Travel+and+Tours/data=!4m7!3m6!1s0x33ba1dfc6f84900b:0x7494d84cfd1f0ea5!8m2!3d11.9967921!4d120.205954!16s%2Fg%2F11v0hm6xyg!19sChIJC5CEb_wdujMRpQ4f_UzYlHQ?authuser=0&hl=en&rclk=1,"tourist information in Coron Island, Palawan, Philippines",Coron Island
Coron Beach Huts,4.6,(8),905 338 1314,https://wa.me/9053381314,,,Tourist Information,,,,,,11.8961428,120.2219027,https://www.google.com/maps/place/Coron+Beach+Huts/data=!4m7!3m6!1s0x33ba0380c1a6616d:0x408df792257f74fd!8m2!3d11.8961428!4d120.2219027!16s%2Fg%2F11ghq380js!19sChIJbWGmwYADujMR_XR_JZL3jUA?authuser=0&hl=en&rclk=1,"tourist information in Coron Island, Palawan, Philippines",Coron Island
ISLANDSPOT CORON TRAVEL & TOUR,5.0,(1),975 943 5178,https://wa.me/9759435178,,,Tourist Information,0975 943 5178,,,,,11.9976357,120.2030849,https://www.google.com/maps/place/ISLANDSPOT+CORON+TRAVEL+%26+TOUR/data=!4m7!3m6!1s0x33ba1db93028e0ef:0xa9e097b68e560d2!8m2!3d11.9976357!4d120.2030849!16s%2Fg%2F11g_x69gr6!19sChIJ7-AoMLkdujMR0mDlaHsJngo?authuser=0&hl=en&rclk=1,"tourist information in Coron Island, Palawan, Philippines",Coron Island
Atlantic travel adventure tour services,5.0,(21),981 073 3691,https://wa.me/9810733691,,,Tourist Information,,,,,,11.9977701,120.2126283,https://www.google.com/maps/place/Atlantic+travel+adventure+tour+services/data=!4m7!3m6!1s0x33ba1f9d3f4d0139:0x58c4c4b474921f24!8m2!3d11.9977701!4d120.2126283!16s%2Fg%2F11k3px6gkm!19sChIJOQFNP50fujMRJB-SdLTExFg?authuser=0&hl=en&rclk=1,"tourist information in Coron Island, Palawan, Philippines",Coron Island
Red Carabao Coron Expeditions,5.0,(52),995 235 0304,https://wa.me/9952350304,,,Tourist Information,0995 235 0304,https://www.redcarabao.com/,,,,11.9982653,120.2044318,https://www.google.com/maps/place/Red+Carabao+Coron+Expeditions/data=!4m7!3m6!1s0x33ba1da1a499331b:0x42a0eb4b36162c56!8m2!3d11.9982653!4d120.2044318!16s%2Fg%2F11nc4y6xml!19sChIJGzOZpKEdujMRViwWNkvroEI?authuser=0&hl=en&rclk=1,"tourist information in Coron Island, Palawan, Philippines",Coron Island
Atwayan Beach,4.6,(280),,,,,Tourist Information,,,,,,11.9363217,120.193648,https://www.google.com/maps/place/Atwayan+Beach/data=!4m7!3m6!1s0x33ba1d252aa19041:0xe31e2b53ef1d0175!8m2!3d11.9363217!4d120.193648!16s%2Fg%2F11c2mzw26h!19sChIJQZChKiUdujMRdQEd71MrHuM?authuser=0&hl=en&rclk=1,"tourist information in Coron Island, Palawan, Philippines",Coron Island
Abandoned Paradise Expedition,4.8,(25),927 761 3026,https://wa.me/9277613026,,,Tourist Information,,,,,,11.9982897,120.2077094,https://www.google.com/maps/place/Abandoned+Paradise+Expedition/data=!4m7!3m6!1s0x33ba1d694993707d:0x349bd6a1fd88e585!8m2!3d11.9982897!4d120.2077094!16s%2Fg%2F11lct5z8pf!19sChIJfXCTSWkdujMRheWI_aHWmzQ?authuser=0&hl=en&rclk=1,"tourist information in Coron Island, Palawan, Philippines",Coron Island
Pukaway Lagoon,4.7,(42),,,,,Tourist Information,,,,,,11.9632999,120.229526,https://www.google.com/maps/place/Pukaway+Lagoon/data=!4m7!3m6!1s0x33ba1d358e754fa5:0x6a27143b05581de4!8m2!3d11.9632999!4d120.229526!16s%2Fg%2F11h1r_gmvz!19sChIJpU91jjUdujMR5B1YBTsUJ2o?authuser=0&hl=en&rclk=1,"tourist information in Coron Island, Palawan, Philippines",Coron Island
Barracuda Lake,4.2,(23),,,,,Tourist Information,,https://www.barracudalake.com/,,,,11.9560374,120.2168555,https://www.google.com/maps/place/Barracuda+Lake/data=!4m7!3m6!1s0x33ba1d0025d2607d:0x34a027fc4405b97b!8m2!3d11.9560374!4d120.2168555!16s%2Fg%2F11xkx5g853!19sChIJfWDSJQAdujMRe7kFRPwnoDQ?authuser=0&hl=en&rclk=1,"tourist information in Coron Island, Palawan, Philippines",Coron Island
Segunda Expedition,3.5,(8),916 320 1383,https://wa.me/9163201383,,,Tourist Information,0916 320 1383,http://www.segundaexpedition.com/,,,,11.9996898,120.2090688,https://www.google.com/maps/place/Segunda+Expedition/data=!4m7!3m6!1s0x33ba1d85c8a4ec71:0x61baa73c7722aa48!8m2!3d11.9996898!4d120.2090688!16s%2Fg%2F11w_f256_p!19sChIJceykyIUdujMRSKoidzynumE?authuser=0&hl=en&rclk=1,"tourist information in Coron Island, Palawan, Philippines",Coron Island
All In Freediving and Tour Services,5.0,(91),960 558 9487,https://wa.me/9605589487,,,Tourist Information,0960 558 9487,https://allinfreedivingandtourservices.com/,,,,11.999321,120.2036833,https://www.google.com/maps/place/All+In+Freediving+and+Tour+Services/data=!4m7!3m6!1s0x33ba1d99f2e72bd9:0x707a9b2bf974e842!8m2!3d11.999321!4d120.2036833!16s%2Fg%2F11x83yssdq!19sChIJ2Svn8pkdujMRQuh0-SubenA?authuser=0&hl=en&rclk=1,"tourist information in Coron Island, Palawan, Philippines",Coron Island
Sun’Star Travel And Tour Agency Coron,4.0,(9),910 966 3362,https://wa.me/9109663362,,,Tourist Information,0910 966 3362,,,,,11.9977283,120.204912,https://www.google.com/maps/place/Sun%E2%80%99Star+Travel+And+Tour+Agency+Coron/data=!4m7!3m6!1s0x33ba1dc22588b1f1:0xdca4f387f251ce3b!8m2!3d11.9977283!4d120.204912!16s%2Fg%2F11kb43gd47!19sChIJ8bGIJcIdujMRO85R8ofzpNw?authuser=0&hl=en&rclk=1,"tourist information in Coron Island, Palawan, Philippines",Coron Island
CORON BOAT TOURS,5.0,(57),997 188 6717,https://wa.me/9971886717,,,Tourist Information,,https://www.coronboattours.com/,,,,11.9953372,120.2025737,https://www.google.com/maps/place/CORON+BOAT+TOURS/data=!4m7!3m6!1s0x33ba1d005bb2da2d:0xc8de29c508f38852!8m2!3d11.9953372!4d120.2025737!16s%2Fg%2F11xds4_0fz!19sChIJLdqyWwAdujMRUojzCMUp3sg?authuser=0&hl=en&rclk=1,"tourist information in Coron Island, Palawan, Philippines",Coron Island
Keelooma Expedition (Coron Office),4.5,(34),,,,,Tourist Information,,https://keelooma.com/,,,,11.997412,120.2128435,https://www.google.com/maps/place/Keelooma+Expedition+%28Coron+Office%29/data=!4m7!3m6!1s0x33ba1d4becec8777:0x59a5dee91af1d916!8m2!3d11.997412!4d120.2128435!16s%2Fg%2F11wy9q39vv!19sChIJd4fs7EsdujMRFtnxGunepVk?authuser=0&hl=en&rclk=1,"tourist information in Coron Island, Palawan, Philippines",Coron Island
BPI El Nido Branch ATM,4.5,(45),,,,,ATM,,https://www.bpi.com.ph/,,,,11.1797242,119.3876416,https://www.google.com/maps/place/BPI+El+Nido+Branch+ATM/data=!4m7!3m6!1s0x33b65516608227f5:0xbf4767d8efcd5a9e!8m2!3d11.1797242!4d119.3876416!16s%2Fg%2F11gg68fy8f!19sChIJ9SeCYBZVtjMRnlrN79hnR78?authuser=0&hl=en&rclk=1,"atm in El Nido, Palawan, Philippines",El Nido
RCBC ATM - El Nido Palawan,4.0,(2),,,,,ATM,8877 7222,https://www.rcbc.com/,,,,11.1795429,119.3903562,https://www.google.com/maps/place/RCBC+ATM+-+El+Nido+Palawan/data=!4m7!3m6!1s0x33b70126baf220d9:0xf3d9d9fb6768122f!8m2!3d11.1795429!4d119.3903562!16s%2Fg%2F11p5j8pdnl!19sChIJ2SDyuiYBtzMRLxJoZ_vZ2fM?authuser=0&hl=en&rclk=1,"atm in El Nido, Palawan, Philippines",El Nido
Ryan Money Exchange,5.0,(12),,,,,ATM,10 Serena St,,,,,11.1802849,119.3888203,https://www.google.com/maps/place/Ryan+Money+Exchange/data=!4m7!3m6!1s0x33b655006e993df7:0x84009587a1c4baf3!8m2!3d11.1802849!4d119.3888203!16s%2Fg%2F11yyf5tygg!19sChIJ9z2ZbgBVtjMR87rEoYeVAIQ?authuser=0&hl=en&rclk=1,"atm in El Nido, Palawan, Philippines",El Nido
Euronet ATM,5.0,(1),,,,,ATM,,https://www.euronetatms.ph/,,,,11.1787966,119.3897668,https://www.google.com/maps/place/Euronet+ATM/data=!4m7!3m6!1s0x33b655e7da57e795:0xbe2ca6dd9a98e3ca!8m2!3d11.1787966!4d119.3897668!16s%2Fg%2F11yjh7y06f!19sChIJledX2udVtjMRyuOYmt2mLL4?authuser=0&hl=en&rclk=1,"atm in El Nido, Palawan, Philippines",El Nido
Atm,3.8,(4),,,,,ATM,,https://www.euronetatms.ph/,,,,11.1634,119.39879,https://www.google.com/maps/place/Atm/data=!4m7!3m6!1s0x33b65500677cb2ed:0x8ba0ef2dcff2f6b3!8m2!3d11.1634!4d119.39879!16s%2Fg%2F11lw0ldxj0!19sChIJ7bJ8ZwBVtjMRs_byzy3voIs?authuser=0&hl=en&rclk=1,"atm in El Nido, Palawan, Philippines",El Nido
Euronet ATM,5.0,(1),,,,,ATM,5313 Etaws,https://www.euronetatms.ph/,,,,11.1824481,119.3923442,https://www.google.com/maps/place/Euronet+ATM/data=!4m7!3m6!1s0x33b655e814a3d26d:0xf96c59719c96ee50!8m2!3d11.1824481!4d119.3923442!16s%2Fg%2F11xvndq04v!19sChIJbdKjFOhVtjMRUO6WnHFZbPk?authuser=0&hl=en&rclk=1,"atm in El Nido, Palawan, Philippines",El Nido
BPI Seda Lio ATM,5.0,(2),,,,,ATM,,https://www.bpi.com.ph/,,,,11.211096,119.4186445,https://www.google.com/maps/place/BPI+Seda+Lio+ATM/data=!4m7!3m6!1s0x33b7ab304c3872a9:0xc3af21843276eeef!8m2!3d11.211096!4d119.4186445!16s%2Fg%2F11fmzs8s5b!19sChIJqXI4TDCrtzMR7-52MoQhr8M?authuser=0&hl=en&rclk=1,"atm in El Nido, Palawan, Philippines",El Nido
Euronet ATM,4.0,(4),,,,,ATM,,https://www.euronetatms.ph/,,,,11.2077304,119.4163995,https://www.google.com/maps/place/Euronet+ATM/data=!4m7!3m6!1s0x33b7ab6b0f737133:0xdbf64c2dcfcf30f6!8m2!3d11.2077304!4d119.4163995!16s%2Fg%2F11yjh4jkqw!19sChIJM3FzD2urtzMR9jDPzy1M9ts?authuser=0&hl=en&rclk=1,"atm in El Nido, Palawan, Philippines",El Nido
Lio Beach,4.6,"(1,717)",,,,,ATM,12 mi,http://www.lio.ph/,,,,11.2086987,119.4163346,https://www.google.com/maps/place/Lio+Beach/data=!4m7!3m6!1s0x33b7aaa86995c247:0x6ef654479d4ccef2!8m2!3d11.2086987!4d119.4163346!16s%2Fg%2F11gdt_gfjv!19sChIJR8KVaaiqtzMR8s5MnUdU9m4?authuser=0&hl=en&rclk=1,"atm in El Nido, Palawan, Philippines",El Nido
ATM,4.3,(11),,,,,ATM,,,,,,11.3352584,119.4607931,https://www.google.com/maps/place/ATM/data=!4m7!3m6!1s0x33b707005bc8034d:0x2cbc5ed2857cd89d!8m2!3d11.3352584!4d119.4607931!16s%2Fg%2F11vx4j04z4!19sChIJTQPIWwAHtzMRndh8hdJevCw?authuser=0&hl=en&rclk=1,"atm in El Nido, Palawan, Philippines",El Nido
BPI El Nido Branch,3.8,(38),917 799 5798,https://wa.me/9177995798,,,Bank,0917 799 5798,https://www.bpi.com.ph/,,,,11.1797537,119.3876526,https://www.google.com/maps/place/BPI+El+Nido+Branch/data=!4m7!3m6!1s0x33b65516883190f3:0xc8259db921c8f330!8m2!3d11.1797537!4d119.3876526!16s%2Fg%2F11c4bcsqkc!19sChIJ85AxiBZVtjMRMPPIIbmdJcg?authuser=0&hl=en&rclk=1,"bank in El Nido, Palawan, Philippines",El Nido
Ryan Money Changer,5.0,(2),,,,,Bank,,,,,,11.1802443,119.3887234,https://www.google.com/maps/place/Ryan+Money+Changer/data=!4m7!3m6!1s0x33b6550025abe925:0x11ca399da3fdb8ba!8m2!3d11.1802443!4d119.3887234!16s%2Fg%2F11yyfdkbn2!19sChIJJemrJQBVtjMRurj9o505yhE?authuser=0&hl=en&rclk=1,"bank in El Nido, Palawan, Philippines",El Nido
Palawan pawnshop,5.0,(2),,,,,Bank,,,,,,11.1619736,119.3987441,https://www.google.com/maps/place/Palawan+pawnshop/data=!4m7!3m6!1s0x33b6550003fa2943:0x200d6bb54da66d2b!8m2!3d11.1619736!4d119.3987441!16s%2Fg%2F11yvx7t1yy!19sChIJQyn6AwBVtjMRK22mTbVrDSA?authuser=0&hl=en&rclk=1,"bank in El Nido, Palawan, Philippines",El Nido
Real wash elnido,4.9,(50),927 441 2078,https://wa.me/9274412078,,,Bank,,,,,,11.1798335,119.3891382,https://www.google.com/maps/place/Real+wash+elnido/data=!4m7!3m6!1s0x33b655c65d962fab:0xb70c55834ae5f2f4!8m2!3d11.1798335!4d119.3891382!16s%2Fg%2F11z1vv4917!19sChIJqy-WXcZVtjMR9PLlSoNVDLc?authuser=0&hl=en&rclk=1,"bank in El Nido, Palawan, Philippines",El Nido
SEASALT SPA MASSAGE,4.8,(377),999 429 3905,https://wa.me/9994293905,,https://www.facebook.com/Elnid09142019,Bank,0999 429 3905,https://www.facebook.com/Elnid09142019,,,,11.1620578,119.3986519,https://www.google.com/maps/place/SEASALT+SPA+MASSAGE/data=!4m7!3m6!1s0x33b655666070d31f:0xd556c61f2a91d1ff!8m2!3d11.1620578!4d119.3986519!16s%2Fg%2F11h893kh69!19sChIJH9NwYGZVtjMR_9GRKh_GVtU?authuser=0&hl=en&rclk=1,"bank in El Nido, Palawan, Philippines",El Nido
Bhal'z Celltech Mobile Repair & Accessories,4.2,(15),954 321 5584,https://wa.me/9543215584,,,Bank,0954 321 5584,,,,,11.1755947,119.3911998,https://www.google.com/maps/place/Bhal%27z+Celltech+Mobile+Repair+%26+Accessories/data=!4m7!3m6!1s0x33b65523b17377d3:0x439e3e2074078720!8m2!3d11.1755947!4d119.3911998!16s%2Fg%2F11vqlm8nt2!19sChIJ03dzsSNVtjMRIIcHdCA-nkM?authuser=0&hl=en&rclk=1,"bank in El Nido, Palawan, Philippines",El Nido
El Nido Paradise,4.8,"(2,098)",947 445 8252,https://wa.me/9474458252,,,Bank,0947 445 8252,https://www.elnidoparadise.com/,,,,11.1815621,119.3915559,https://www.google.com/maps/place/El+Nido+Paradise/data=!4m7!3m6!1s0x33b655158f7139e5:0x3e234ff05bf46c25!8m2!3d11.1815621!4d119.3915559!16s%2Fg%2F11bwl3xqb1!19sChIJ5TlxjxVVtjMRJWz0W_BPIz4?authuser=0&hl=en&rclk=1,"bank in El Nido, Palawan, Philippines",El Nido
El Nido,3.9,(38),,,,,Bank,,,,,,11.1811805,119.3868667,https://www.google.com/maps/place/El+Nido/data=!4m7!3m6!1s0x33b655163a3a75a5:0x5b6ec56a758ef417!8m2!3d11.1811805!4d119.3868667!16s%2Fg%2F11f042zvsz!19sChIJpXU6OhZVtjMRF_SOdWrFbls?authuser=0&hl=en&rclk=1,"bank in El Nido, Palawan, Philippines",El Nido
Euronet ATM,4.0,(1),,,,,Bank,,https://www.euronetatms.ph/,,,,11.167661,119.397139,https://www.google.com/maps/place/Euronet+ATM/data=!4m7!3m6!1s0x33b6558db9f9fda7:0xf9e1e33e98018905!8m2!3d11.167661!4d119.397139!16s%2Fg%2F11xt0jmz9q!19sChIJp_35uY1VtjMRBYkBmD7j4fk?authuser=0&hl=en&rclk=1,"bank in El Nido, Palawan, Philippines",El Nido
La Salangane Hotel Bar and Restaurant,4.1,(278),917 514 0882,https://wa.me/9175140882,,https://www.facebook.com/LaSalanganeResort/,Bank,0917 514 0882,https://www.facebook.com/LaSalanganeResort/,,,,11.1803082,119.3881256,https://www.google.com/maps/place/La+Salangane+Hotel+Bar+and+Restaurant/data=!4m11!3m10!1s0x33b655c877e3a775:0x6312fda9c1039bb7!5m3!1s2026-10-31!4m1!1i2!8m2!3d11.1803082!4d119.3881256!16s%2Fg%2F11jz3nzbhc!19sChIJdafjd8hVtjMRt5sDwan9EmM?authuser=0&hl=en&rclk=1,"bank in El Nido, Palawan, Philippines",El Nido
Valino Property,5.0,(1),,,,,Bank,,,,,,11.1693912,119.3966745,https://www.google.com/maps/place/Valino+Property/data=!4m7!3m6!1s0x33b65515ef22ed35:0x3bd7053ce8f65e99!8m2!3d11.1693912!4d119.3966745!16s%2Fg%2F11j10nm915!19sChIJNe0i7xVVtjMRmV726DwF1zs?authuser=0&hl=en&rclk=1,"bank in El Nido, Palawan, Philippines",El Nido
Ipil Suites,3.6,(242),,,,,Bank,8682 7168,,,,,11.1798626,119.3882155,https://www.google.com/maps/place/Ipil+Suites/data=!4m11!3m10!1s0x33b65515c4321539:0x235e99f8e76ad289!5m3!1s2026-10-31!4m1!1i2!8m2!3d11.1798626!4d119.3882155!16s%2Fg%2F1ptv_746x!19sChIJORUyxBVVtjMRidJq5_iZXiM?authuser=0&hl=en&rclk=1,"bank in El Nido, Palawan, Philippines",El Nido
S Resort El Nido,4.5,(459),917 636 4580,https://wa.me/9176364580,,,Bank,0917 636 4580,https://sresortelnido.com/,,,,11.180012,119.3892078,https://www.google.com/maps/place/S+Resort+El+Nido/data=!4m11!3m10!1s0x33b655afe46670b5:0x3cf92c6f1e6ef228!5m3!1s2026-10-31!4m1!1i2!8m2!3d11.180012!4d119.3892078!16s%2Fg%2F11s_zbyffp!19sChIJtXBm5K9VtjMRKPJuHm8s-Tw?authuser=0&hl=en&rclk=1,"bank in El Nido, Palawan, Philippines",El Nido
Rodriguez Lodge,4.5,(76),999 992 7670,https://wa.me/9999927670,,,Bank,0999 992 7670,,,,,11.1776822,119.3915019,https://www.google.com/maps/place/Rodriguez+Lodge/data=!4m11!3m10!1s0x33b65514511f740d:0x459a043ad3839b00!5m3!1s2026-10-31!4m1!1i2!8m2!3d11.1776822!4d119.3915019!16s%2Fg%2F11gghc_ltm!19sChIJDXQfURRVtjMRAJuD0zoEmkU?authuser=0&hl=en&rclk=1,"bank in El Nido, Palawan, Philippines",El Nido
"Palaweña Travel and Tours & Wellness Spa (El Nido, Puerto Princesa), Palawan",4.9,(96),906 583 7929,https://wa.me/9065837929,,http://www.facebook.com/iampalawena,Bank,5313 Taytay,http://www.facebook.com/iampalawena,,,,11.1624292,119.3975599,"https://www.google.com/maps/place/Palawe%C3%B1a+Travel+and+Tours+%26+Wellness+Spa+%28El+Nido,+Puerto+Princesa%29,+Palawan/data=!4m7!3m6!1s0x33b655e3c0d931cd:0x91fe4eaf77859b95!8m2!3d11.1624292!4d119.3975599!16s%2Fg%2F11qb3zpc6b!19sChIJzTHZwONVtjMRlZuFd69O_pE?authuser=0&hl=en&rclk=1","bank in El Nido, Palawan, Philippines",El Nido
Sea Clam Resto Bar,3.6,(202),,,,,Bank,,,,,,11.1804722,119.3893062,https://www.google.com/maps/place/Sea+Clam+Resto+Bar/data=!4m7!3m6!1s0x33b65515e0a6ee3b:0x233490d6ae2f478b!8m2!3d11.1804722!4d119.3893062!16s%2Fg%2F11cmh8h347!19sChIJO-6m4BVVtjMRi0cvrtaQNCM?authuser=0&hl=en&rclk=1,"bank in El Nido, Palawan, Philippines",El Nido
Frangipani El Nido,4.2,(182),968 343 7777,https://wa.me/9683437777,,,Bank,0968 343 7777,http://frangipanielnido.com/,,,,11.1588087,119.3979657,https://www.google.com/maps/place/Frangipani+El+Nido/data=!4m11!3m10!1s0x33b6559e52122bff:0xfd0b68eabb643ea4!5m3!1s2026-10-31!4m1!1i2!8m2!3d11.1588087!4d119.3979657!16s%2Fg%2F11f6ng5_yt!19sChIJ_ysSUp5VtjMRpD5ku-poC_0?authuser=0&hl=en&rclk=1,"bank in El Nido, Palawan, Philippines",El Nido
Ugat,4.7,(332),956 553 4038,https://wa.me/9565534038,,,Bank,0956 553 4038,https://www.ugatfilipinokitchen.com/,,,,11.182754,119.3925489,https://www.google.com/maps/place/Ugat/data=!4m7!3m6!1s0x33b655e2131cc723:0x27e6cf7d5d1b81d6!8m2!3d11.182754!4d119.3925489!16s%2Fg%2F11yk0w49d9!19sChIJI8ccE-JVtjMR1oEbXX3P5ic?authuser=0&hl=en&rclk=1,"bank in El Nido, Palawan, Philippines",El Nido
Big Bad Thai Restaurant - El Nido,4.4,"(1,995)",945 299 4225,https://wa.me/9452994225,,,Bank,0945 299 4225,http://www.bigbadthai.com/,,,,11.1812208,119.3910862,https://www.google.com/maps/place/Big+Bad+Thai+Restaurant+-+El+Nido/data=!4m7!3m6!1s0x33b655158f61eb8f:0xf11be65e79146b76!8m2!3d11.1812208!4d119.3910862!16s%2Fg%2F11f2b0kj1b!19sChIJj-thjxVVtjMRdmsUeV7mG_E?authuser=0&hl=en&rclk=1,"bank in El Nido, Palawan, Philippines",El Nido
Beachfront travel and tours,3.8,(41),908 481 1602,https://wa.me/9084811602,,,Bank,0908 481 1602,https://beachfronttravelandtours.com/,,,,11.1633874,119.398163,https://www.google.com/maps/place/Beachfront+travel+and+tours/data=!4m7!3m6!1s0x33b65545bfee04fd:0x66c1d4b7cc2b5b2f!8m2!3d11.1633874!4d119.398163!16s%2Fg%2F11fj750rj4!19sChIJ_QTuv0VVtjMRL1srzLfUwWY?authuser=0&hl=en&rclk=1,"bank in El Nido, Palawan, Philippines",El Nido
Lihim Resorts,4.4,(156),917 318 8998,https://wa.me/9173188998,,,Bank,0917 318 8998,https://lihim.com/,,,,11.1921225,119.3974226,https://www.google.com/maps/place/Lihim+Resorts/data=!4m11!3m10!1s0x33b655476710cd23:0xb356e27bdfc47847!5m3!1s2026-10-31!4m1!1i2!8m2!3d11.1921225!4d119.3974226!16s%2Fg%2F11qn4ppdq_!19sChIJI80QZ0dVtjMRR3jE33viVrM?authuser=0&hl=en&rclk=1,"bank in El Nido, Palawan, Philippines",El Nido
Jeje El Nido,4.8,(427),948 440 6232,https://wa.me/9484406232,https://www.instagram.com/jejeelnido/,,Bank,0948 440 6232,https://www.instagram.com/jejeelnido/,,,,11.1801868,119.388142,https://www.google.com/maps/place/Jeje+El+Nido/data=!4m7!3m6!1s0x33b6550077d1b229:0x55ccb5a6dde5df64!8m2!3d11.1801868!4d119.388142!16s%2Fg%2F11wfxrjn_1!19sChIJKbLRdwBVtjMRZN_l3aa1zFU?authuser=0&hl=en&rclk=1,"bank in El Nido, Palawan, Philippines",El Nido
Sitio danat El nido,5.0,(2),,,,,Bank,,,,,,11.1375154,119.4370475,https://www.google.com/maps/place/Sitio+danat+El+nido/data=!4m7!3m6!1s0x33b6ff3bc05d6503:0xf0289e1b715b97c0!8m2!3d11.1375154!4d119.4370475!16s%2Fg%2F11sv9rc3n4!19sChIJA2VdwDv_tjMRwJdbcRueKPA?authuser=0&hl=en&rclk=1,"bank in El Nido, Palawan, Philippines",El Nido
Native Bikini,5.0,(6),,,,,Bank,,,,,,11.1563475,119.3991757,https://www.google.com/maps/place/Native+Bikini/data=!4m7!3m6!1s0x33b6553ad0f23c05:0x24453f190fc50a9e!8m2!3d11.1563475!4d119.3991757!16s%2Fg%2F11pqlcsfqc!19sChIJBTzy0DpVtjMRngrFDxk_RSQ?authuser=0&hl=en&rclk=1,"bank in El Nido, Palawan, Philippines",El Nido
Maremegmeg Beach Club,4.6,(484),999 724 3965,https://wa.me/9997243965,,,Bank,0999 724 3965,https://mbcelnido.com/,,,,11.1461418,119.3965029,https://www.google.com/maps/place/Maremegmeg+Beach+Club/data=!4m11!3m10!1s0x33b6559ebe7b88b9:0x61a1e57555e5957a!5m3!1s2026-10-31!4m1!1i2!8m2!3d11.1461418!4d119.3965029!16s%2Fg%2F11fd765r5h!19sChIJuYh7vp5VtjMRepXlVXXloWE?authuser=0&hl=en&rclk=1,"bank in El Nido, Palawan, Philippines",El Nido
Duli Beach Resort,4.7,(421),947 969 8210,https://wa.me/9479698210,,,Bank,0947 969 8210,http://www.dulibeach.com/,,,,11.3477375,119.4561468,https://www.google.com/maps/place/Duli+Beach+Resort/data=!4m11!3m10!1s0x33b707d228f85ceb:0x25e5a469065461c8!5m3!1s2026-10-31!4m1!1i2!8m2!3d11.3477375!4d119.4561468!16s%2Fg%2F1pv0tbbp7!19sChIJ61z4KNIHtzMRyGFUBmmk5SU?authuser=0&hl=en&rclk=1,"bank in El Nido, Palawan, Philippines",El Nido
El Nido Beach Camp,4.9,(120),949 354 3752,https://wa.me/9493543752,,https://www.facebook.com/elnidobeachcamp,Bank,,https://www.facebook.com/elnidobeachcamp,,,,11.0796325,119.4212781,https://www.google.com/maps/place/El+Nido+Beach+Camp/data=!4m7!3m6!1s0x33b655b02b0a6d2b:0xaad665c1dcc7ad85!8m2!3d11.0796325!4d119.4212781!16s%2Fg%2F11sqjgyk7f!19sChIJK20KK7BVtjMRha3H3MFl1qo?authuser=0&hl=en&rclk=1,"bank in El Nido, Palawan, Philippines",El Nido
Seda Lio,4.5,"(1,085)",917 818 1929,https://wa.me/9178181929,,,Bank,0917 818 1929,https://www.sedahotels.com/hotel/view/11/seda-lio,,,,11.2114257,119.418312,https://www.google.com/maps/place/Seda+Lio/data=!4m11!3m10!1s0x33b7aaa841088c0b:0x58513dac3ab4c4eb!5m3!1s2026-10-31!4m1!1i2!8m2!3d11.2114257!4d119.418312!16s%2Fg%2F11hdc2xsxb!19sChIJC4wIQaiqtzMR68S0Oqw9UVg?authuser=0&hl=en&rclk=1,"bank in El Nido, Palawan, Philippines",El Nido
MONEY CHANGER,4.5,(15),,,,,Currency Exchange,,,,,,11.1801395,119.3880984,https://www.google.com/maps/place/MONEY+CHANGER/data=!4m7!3m6!1s0x33b655b75ac33c4b:0xb3c59a11b1b37ce5!8m2!3d11.1801395!4d119.3880984!16s%2Fg%2F11vwkt3xbg!19sChIJSzzDWrdVtjMR5XyzsRGaxbM?authuser=0&hl=en&rclk=1,"currency exchange in El Nido, Palawan, Philippines",El Nido
A.S. Money Changer,4.4,(48),(048) 433 5105,https://wa.me/0484335105,,,Currency Exchange,298 Rizal Avenue,,,,,9.7399313,118.7424483,https://www.google.com/maps/place/A.S.+Money+Changer/data=!4m7!3m6!1s0x33b563fb9ff26077:0x4124951a9ae2ccf!8m2!3d9.7399313!4d118.7424483!16s%2Fg%2F1hc2qf29x!19sChIJd2Dyn_tjtTMRzyyuqVFJEgQ?authuser=0&hl=en&rclk=1,"currency exchange in El Nido, Palawan, Philippines",El Nido
RW MELENDRES MEDICAL CLINIC,4.3,(63),968 381 0475,https://wa.me/9683810475,,,Medical Clinic,,,,,,11.1797024,119.3868466,https://www.google.com/maps/place/RW+MELENDRES+MEDICAL+CLINIC/data=!4m7!3m6!1s0x33b6550043a1470b:0x430935a525ece753!8m2!3d11.1797024!4d119.3868466!16s%2Fg%2F11y5ntqhdy!19sChIJC0ehQwBVtjMRU-fsJaU1CUM?authuser=0&hl=en&rclk=1,"medical clinic in El Nido, Palawan, Philippines",El Nido
El Nido Health Center,4.0,(9),,,,,Medical Clinic,,,,,,11.1791937,119.3904956,https://www.google.com/maps/place/El+Nido+Health+Center/data=!4m7!3m6!1s0x33b65515b523e15f:0xdf3fcd7898920873!8m2!3d11.1791937!4d119.3904956!16s%2Fg%2F1hf9tmtfd!19sChIJX-EjtRVVtjMRcwiSmHjNP98?authuser=0&hl=en&rclk=1,"medical clinic in El Nido, Palawan, Philippines",El Nido
Adventist Hospital Palawan Clinic,4.5,(85),939 976 9971,https://wa.me/9399769971,,https://www.facebook.com/adventistclinic,Medical Clinic,0939 976 9971,https://www.facebook.com/adventistclinic,,,,11.1623273,119.3987831,https://www.google.com/maps/place/Adventist+Hospital+Palawan+Clinic/data=!4m7!3m6!1s0x33b65533ee36c4ef:0xa4b45b2d5670f005!8m2!3d11.1623273!4d119.3987831!16s%2Fg%2F11hskmgl5j!19sChIJ78Q27jNVtjMRBfBwVi1btKQ?authuser=0&hl=en&rclk=1,"medical clinic in El Nido, Palawan, Philippines",El Nido
MEDEXPRESS MEDICAL AND DIAGNOSTIC CENTER EL NIDO,4.8,(127),918 926 3112,https://wa.me/9189263112,,,Medical Clinic,,,,,,11.1955629,119.4191892,https://www.google.com/maps/place/MEDEXPRESS+MEDICAL+AND+DIAGNOSTIC+CENTER+EL+NIDO/data=!4m7!3m6!1s0x33b6ff00635b905b:0x77dbd4f643d9b927!8m2!3d11.1955629!4d119.4191892!16s%2Fg%2F11wwdqlmjq!19sChIJW5BbYwD_tjMRJ7nZQ_bU23c?authuser=0&hl=en&rclk=1,"medical clinic in El Nido, Palawan, Philippines",El Nido
Healthway - Lio,5.0,(21),917 466 2273,https://wa.me/9174662273,,,Medical Clinic,3 Shops,,,,,11.2076042,119.4162883,https://www.google.com/maps/place/Healthway+-+Lio/data=!4m7!3m6!1s0x33b6ff59185657d7:0xb7fe3d4f7a54b996!8m2!3d11.2076042!4d119.4162883!16s%2Fg%2F11wbvdk40d!19sChIJ11dWGFn_tjMRlrlUek89_rc?authuser=0&hl=en&rclk=1,"medical clinic in El Nido, Palawan, Philippines",El Nido
Healthway Medical - El Nido,5.0,(2),917 466 2273,https://wa.me/9174662273,,,Medical Clinic,0917 466 2273,http://healthwaymedicalnetwork.com.ph/,,,,11.2091992,119.4174459,https://www.google.com/maps/place/Healthway+Medical+-+El+Nido/data=!4m7!3m6!1s0x33b7ab003fe74235:0x97e8ee1d973dde06!8m2!3d11.2091992!4d119.4174459!16s%2Fg%2F11w2hdkw6z!19sChIJNULnPwCrtzMRBt49lx3u6Jc?authuser=0&hl=en&rclk=1,"medical clinic in El Nido, Palawan, Philippines",El Nido
"Health haven medical,surgical & animal bite clinic",4.9,(30),967 843 5644,https://wa.me/9678435644,,,Medical Clinic,,,,,,11.2915601,119.4275651,"https://www.google.com/maps/place/Health+haven+medical,surgical+%26+animal+bite+clinic/data=!4m7!3m6!1s0x33b707b955e9df25:0xbb1b512f08b3825d!8m2!3d11.2915601!4d119.4275651!16s%2Fg%2F11kp9s2_gs!19sChIJJd_pVbkHtzMRXYKzCC9RG7s?authuser=0&hl=en&rclk=1","medical clinic in El Nido, Palawan, Philippines",El Nido
El Nido Community Hospital,4.7,(15),994 903 5504,https://wa.me/9949035504,,,Medical Clinic,,,,,,11.2883002,119.4426724,https://www.google.com/maps/place/El+Nido+Community+Hospital/data=!4m7!3m6!1s0x33b70787ed510c39:0xd636b0ebaeb8cd06!8m2!3d11.2883002!4d119.4426724!16s%2Fg%2F11frdzmlgt!19sChIJOQxR7YcHtzMRBs24ruuwNtY?authuser=0&hl=en&rclk=1,"medical clinic in El Nido, Palawan, Philippines",El Nido
El Nido Phone Clinic,4.3,(150),939 325 3131,https://wa.me/9393253131,,http://www.facebook.com/ElnidoPhoneClinic,Medical Clinic,0939 325 3131,http://www.facebook.com/ElnidoPhoneClinic,,,,11.1800126,119.3897626,https://www.google.com/maps/place/El+Nido+Phone+Clinic/data=!4m7!3m6!1s0x33b655fcead61539:0x2c685a0c8046eac9!8m2!3d11.1800126!4d119.3897626!16s%2Fg%2F11fss3gpyr!19sChIJORXW6vxVtjMRyepGgAxaaCw?authuser=0&hl=en&rclk=1,"medical clinic in El Nido, Palawan, Philippines",El Nido
Palawan Doctors,3.5,(4),917 159 9429,https://wa.me/9171599429,,https://www.facebook.com/profile.php?id=100095085627799,Medical Clinic,0917 159 9429,https://www.facebook.com/profile.php?id=100095085627799,,,,9.766886,118.7429878,https://www.google.com/maps/place/Palawan+Doctors/data=!4m7!3m6!1s0x33b563b5b6d6b3b9:0x4f9d4407bcb77421!8m2!3d9.766886!4d118.7429878!16s%2Fg%2F11vb2009jq!19sChIJubPWtrVjtTMRIXS3vAdEnU8?authuser=0&hl=en&rclk=1,"medical clinic in El Nido, Palawan, Philippines",El Nido
Well of Life Medical Clinic,5.0,(1),,,,,Medical Clinic,,,,,,10.4099737,119.18129,https://www.google.com/maps/place/Well+of+Life+Medical+Clinic/data=!4m7!3m6!1s0x33b5c515f13e3f03:0x5c00c9510a6f281a!8m2!3d10.4099737!4d119.18129!16s%2Fg%2F11j21xbzy5!19sChIJAz8-8RXFtTMRGihvClHJAFw?authuser=0&hl=en&rclk=1,"medical clinic in El Nido, Palawan, Philippines",El Nido
Palawan Medical City,4.3,(28),908 892 1346,https://wa.me/9088921346,,,Medical Clinic,0908 892 1346,,,,,9.7548012,118.7472123,https://www.google.com/maps/place/Palawan+Medical+City/data=!4m7!3m6!1s0x33b56394cd41b739:0x20d5ee9fa7be100d!8m2!3d9.7548012!4d118.7472123!16s%2Fg%2F11b6dgcn9b!19sChIJObdBzZRjtTMRDRC-p5_u1SA?authuser=0&hl=en&rclk=1,"medical clinic in El Nido, Palawan, Philippines",El Nido
Isla Care Medical Clinic,4.1,(30),,,,,Medical Clinic,,,,,,10.4082105,119.1777204,https://www.google.com/maps/place/Isla+Care+Medical+Clinic/data=!4m7!3m6!1s0x33b5c5005e9e1b1b:0x6f38c3d4e5dd5ae4!8m2!3d10.4082105!4d119.1777204!16s%2Fg%2F11vyzv5sln!19sChIJGxueXgDFtTMR5Frd5dTDOG8?authuser=0&hl=en&rclk=1,"medical clinic in El Nido, Palawan, Philippines",El Nido
Palawan Medical City El Nido,4.0,(4),,,,,Medical Clinic,,,,,,11.176242,119.391132,https://www.google.com/maps/place/Palawan+Medical+City+El+Nido/data=!4m7!3m6!1s0x33b65513860870cb:0xa13e6150b4011dcf!8m2!3d11.176242!4d119.391132!16s%2Fg%2F11f320f004!19sChIJy3AIhhNVtjMRzx0BtFBhPqE?authuser=0&hl=en&rclk=1,"medical clinic in El Nido, Palawan, Philippines",El Nido
El Nido Portside Pharmacy,4.8,(20),,,,,Pharmacy,57 Real St,,,,,11.1798048,119.3872248,https://www.google.com/maps/place/El+Nido+Portside+Pharmacy/data=!4m7!3m6!1s0x33b6550031115533:0xf59d610dbd514768!8m2!3d11.1798048!4d119.3872248!16s%2Fg%2F11wn_5cn0x!19sChIJM1URMQBVtjMRaEdRvQ1hnfU?authuser=0&hl=en&rclk=1,"pharmacy in El Nido, Palawan, Philippines",El Nido
JB Pharmacy,4.7,(3),,,,,Pharmacy,,,,,,11.1789989,119.3904472,https://www.google.com/maps/place/JB+Pharmacy/data=!4m7!3m6!1s0x33b6550017b6b1e1:0xc003b3d7fb07f9e7!8m2!3d11.1789989!4d119.3904472!16s%2Fg%2F11zhx0dnr9!19sChIJ4bG2FwBVtjMR5_kH-9ezA8A?authuser=0&hl=en&rclk=1,"pharmacy in El Nido, Palawan, Philippines",El Nido
Happymed Pharmacy Elnido,4.4,(20),927 326 8084,https://wa.me/9273268084,,,Pharmacy,2 Real St,,,,,11.1798251,119.3890363,https://www.google.com/maps/place/Happymed+Pharmacy+Elnido/data=!4m7!3m6!1s0x33b655a663a35065:0xe8afbe1dd2f8b496!8m2!3d11.1798251!4d119.3890363!16s%2Fg%2F11l2kzzsqs!19sChIJZVCjY6ZVtjMRlrT40h2-r-g?authuser=0&hl=en&rclk=1,"pharmacy in El Nido, Palawan, Philippines",El Nido
HealthAid Pharmacy El Nido,3.8,(10),954 220 7086,https://wa.me/9542207086,,,Pharmacy,,,,,,11.181018,119.3908312,https://www.google.com/maps/place/HealthAid+Pharmacy+El+Nido/data=!4m7!3m6!1s0x33b655080666eb05:0xca6602fded137189!8m2!3d11.181018!4d119.3908312!16s%2Fg%2F11xsr3v06k!19sChIJBetmBghVtjMRiXET7f0CZso?authuser=0&hl=en&rclk=1,"pharmacy in El Nido, Palawan, Philippines",El Nido
Pharmacy Comprendio,3.9,(9),,,,,Pharmacy,,,,,,11.161459,119.3982959,https://www.google.com/maps/place/Pharmacy+Comprendio/data=!4m7!3m6!1s0x33b6550052a6b61d:0xeac48d245b7f6e81!8m2!3d11.161459!4d119.3982959!16s%2Fg%2F11wqcq_pf_!19sChIJHbamUgBVtjMRgW5_WySNxOo?authuser=0&hl=en&rclk=1,"pharmacy in El Nido, Palawan, Philippines",El Nido
Mercury Drug,4.3,(25),995 174 8872,https://wa.me/9951748872,,,Pharmacy,0995 174 8872,,,,,11.2074838,119.4161859,https://www.google.com/maps/place/Mercury+Drug/data=!4m7!3m6!1s0x33b655e5cb4a3f21:0x8c4a0c96f0da98a9!8m2!3d11.2074838!4d119.4161859!16s%2Fg%2F11gv27t2t8!19sChIJIT9Ky-VVtjMRqZja8JYMSow?authuser=0&hl=en&rclk=1,"pharmacy in El Nido, Palawan, Philippines",El Nido
Green Pharmacy,5.0,(1),,,,,Pharmacy,,,,,,11.1976231,119.4220335,https://www.google.com/maps/place/Green+Pharmacy/data=!4m7!3m6!1s0x33b6ff006018d033:0xa26bd26317d3ddb6!8m2!3d11.1976231!4d119.4220335!16s%2Fg%2F11yq737__j!19sChIJM9AYYAD_tjMRtt3TF2PSa6I?authuser=0&hl=en&rclk=1,"pharmacy in El Nido, Palawan, Philippines",El Nido
farmacia roxas,5.0,(5),,,,,Pharmacy,,,,,,11.180308,119.3905105,https://www.google.com/maps/place/farmacia+roxas/data=!4m7!3m6!1s0x33b65515bfb1bb21:0xc640d415b4e1535f!8m2!3d11.180308!4d119.3905105!16s%2Fg%2F11xsfkj89q!19sChIJIbuxvxVVtjMRX1PhtBXUQMY?authuser=0&hl=en&rclk=1,"pharmacy in El Nido, Palawan, Philippines",El Nido
Skye Drugstore and Distribution,5.0,(2),,,,,Pharmacy,,,,,,9.754751,118.7471474,https://www.google.com/maps/place/Skye+Drugstore+and+Distribution/data=!4m7!3m6!1s0x33b56396ba34d557:0x711770ae0b105110!8m2!3d9.754751!4d118.7471474!16s%2Fg%2F11h3kd2ptz!19sChIJV9U0upZjtTMREFEQC65wF3E?authuser=0&hl=en&rclk=1,"pharmacy in El Nido, Palawan, Philippines",El Nido
Go2 Meds Pharmacy,5.0,(1),,,,,Pharmacy,2 Meds Pharmacy  5,,,,,11.3326903,119.45509,https://www.google.com/maps/place/Go2+Meds+Pharmacy/data=!4m7!3m6!1s0x33b707004d9943b1:0xf402f9662b5f2a20!8m2!3d11.3326903!4d119.45509!16s%2Fg%2F11x_qrrpqx!19sChIJsUOZTQAHtzMRICpfK2b5AvQ?authuser=0&hl=en&rclk=1,"pharmacy in El Nido, Palawan, Philippines",El Nido
El Nido Portside Tourist Inn,5.0,(12),917 143 3925,https://wa.me/9171433925,,https://www.facebook.com/share/1FCjhyWM1H/?mibextid=wwXIfr,Pharmacy,0917 143 3925,https://www.facebook.com/share/1FCjhyWM1H/?mibextid=wwXIfr,,,,11.1798171,119.387296,https://www.google.com/maps/place/El+Nido+Portside+Tourist+Inn/data=!4m7!3m6!1s0x33b65569076034ab:0x501eba3e6eae2b4b!8m2!3d11.1798171!4d119.387296!16s%2Fg%2F11xkw7yx46!19sChIJqzRgB2lVtjMRSyuubj66HlA?authuser=0&hl=en&rclk=1,"pharmacy in El Nido, Palawan, Philippines",El Nido
Del Prado Pharmacy,5.0,(2),,,,,Pharmacy,,,,,,11.4918253,119.871098,https://www.google.com/maps/place/Del+Prado+Pharmacy/data=!4m7!3m6!1s0x33b7410022a4a06b:0x1b327316fb1bdb42!8m2!3d11.4918253!4d119.871098!16s%2Fg%2F11w1cxxhkj!19sChIJa6CkIgBBtzMRQtsb-xZzMhs?authuser=0&hl=en&rclk=1,"pharmacy in El Nido, Palawan, Philippines",El Nido
Botica Plus Pharmacy,4.7,(3),,,,,Pharmacy,,,,,,8.9542328,117.9940297,https://www.google.com/maps/place/Botica+Plus+Pharmacy/data=!4m7!3m6!1s0x32351d7be3eb80fd:0x3904ac5975f8b3e6!8m2!3d8.9542328!4d117.9940297!16s%2Fg%2F11j38pzqkt!19sChIJ_YDr43sdNTIR5rP4dVmsBDk?authuser=0&hl=en&rclk=1,"pharmacy in El Nido, Palawan, Philippines",El Nido
DEN'GI INN ELNIDO,4.0,(99),906 448 9558,https://wa.me/9064489558,,,Pharmacy,0906 448 9558,,,,,11.1778798,119.391554,https://www.google.com/maps/place/DEN%27GI+INN+ELNIDO/data=!4m11!3m10!1s0x33b655145e6d7b89:0xb41b0b19e0e1be74!5m3!1s2026-10-31!4m1!1i2!8m2!3d11.1778798!4d119.391554!16s%2Fg%2F11dzdd05dl!19sChIJiXttXhRVtjMRdL7h4BkLG7Q?authuser=0&hl=en&rclk=1,"pharmacy in El Nido, Palawan, Philippines",El Nido
Buena's Haven Travelodge,3.8,(61),950 467 3943,https://wa.me/9504673943,,,Pharmacy,0950 467 3943,,,,,11.1620177,119.3987886,https://www.google.com/maps/place/Buena%27s+Haven+Travelodge/data=!4m11!3m10!1s0x33b65575bc798f85:0xd3bb7ef3710ea13b!5m3!1s2026-10-31!4m1!1i2!8m2!3d11.1620177!4d119.3987886!16s%2Fg%2F11b63f6431!19sChIJhY95vHVVtjMRO6EOcfN-u9M?authuser=0&hl=en&rclk=1,"pharmacy in El Nido, Palawan, Philippines",El Nido
SILID at EL NIDO,3.9,(14),967 136 7351,https://wa.me/9671367351,,,Pharmacy,0967 136 7351,,,,,11.1795574,119.3885906,https://www.google.com/maps/place/SILID+at+EL+NIDO/data=!4m7!3m6!1s0x33b6552911bda39f:0x3de1c8fc6b0d7e27!8m2!3d11.1795574!4d119.3885906!16s%2Fg%2F11y3_5klmg!19sChIJn6O9ESlVtjMRJ34Na_zI4T0?authuser=0&hl=en&rclk=1,"pharmacy in El Nido, Palawan, Philippines",El Nido
Aquaholik Massage and Spa,4.9,(40),,,,,Massage Spa,,,https://lh3.googleusercontent.com/gps-cs-s/APNQkAHLvmJhYhQ2DfWeinLQ9rgBPFp68VyiOnE0_njj00KUnZ4maEaiRoFMP88n1Q8aK3InJ9mA-0VPBEHs_2HasYxEkkaqYfbrPb7LSmN_YjhHe47tMfMPn6YcoZlZQcCHBTHAcD_kIzR34AgL=w1600-h1200-k-no,,,11.1632757,119.3987954,https://www.google.com/maps/place/Aquaholik+Massage+and+Spa/data=!4m7!3m6!1s0x33b655802f576635:0x56783b4522614212!8m2!3d11.1632757!4d119.3987954!16s%2Fg%2F11ym_mns58!19sChIJNWZXL4BVtjMREkJhIkU7eFY?authuser=0&hl=en&rclk=1,"massage spa in El Nido, Palawan, Philippines",El Nido
Revival Spa Massage Center,4.5,(21),,,,,Massage Spa,,,https://lh3.googleusercontent.com/gps-cs-s/APNQkAEMqnuzPxaWJVVl7MiK-VS5wIxQU-HOSCpnwQGHBfqVqb28sJsO4IaV533PVxFs3LYxznjnh1fte95CrPoyJngdWfny9A50SmHz1frliFhDMGDPLmBJPFGaSZWQr78pvqKux38M0iMl7OBF=w1600-h1200-k-no,,,11.180232,119.3877607,https://www.google.com/maps/place/Revival+Spa+Massage+Center/data=!4m7!3m6!1s0x33b655f964ee5b8d:0x21f187ef4e104c6c!8m2!3d11.180232!4d119.3877607!16s%2Fg%2F11mkrghykh!19sChIJjVvuZPlVtjMRbEwQTu-H8SE?authuser=0&hl=en&rclk=1,"massage spa in El Nido, Palawan, Philippines",El Nido
H Signature Spa (Main Branch),4.9,"(1,310)",,,,,Massage Spa,,,https://lh3.googleusercontent.com/gps-cs-s/APNQkAGWXlmKzF7dqbn_MA0OoGyOZIg_yz_K8S1R0-y9CapSeaaTpijFGUonmlaVjWSO1b7xgt9J2TPvP8vGNyhufHMEQsZE1Q8cwoH8kXNwK6ZFkBcowRFzOhsOcpnUv1RGD1iBj0Spo3RrAlW-=w1600-h1200-k-no,,,11.1761406,119.3912854,https://www.google.com/maps/place/H+Signature+Spa+%28Main+Branch%29/data=!4m7!3m6!1s0x33b6557e98cb32f7:0xe6bec019b1d64d8d!8m2!3d11.1761406!4d119.3912854!16s%2Fg%2F11wvmkzzt_!19sChIJ9zLLmH5VtjMRjU3WsRnAvuY?authuser=0&hl=en&rclk=1,"massage spa in El Nido, Palawan, Philippines",El Nido
Amora Spa El Nido,4.8,(55),,,,,Massage Spa,60 minute massage from Merna and felt truly refreshed after it,,https://lh3.googleusercontent.com/gps-cs-s/APNQkAGNKVWe1oq9WUaYMu0r103Y889IVsppDYAwb1Ln_rjg0nZ3D5bzjKjhf-MWjdk3QmFBE_xT179AgYp-NgnqWEhh6xBwtmwlivIcFNX1emL1kUbjCSRrT2gLLoPiznwCRUTfDRgFo6f3eLk=w1600-h1200-k-no,,,11.1784387,119.3906041,https://www.google.com/maps/place/Amora+Spa+El+Nido/data=!4m7!3m6!1s0x33b6558d6e21ed77:0xf292e85fae73b1e0!8m2!3d11.1784387!4d119.3906041!16s%2Fg%2F11nhbg4hzk!19sChIJd-0hbo1VtjMR4LFzrl_okvI?authuser=0&hl=en&rclk=1,"massage spa in El Nido, Palawan, Philippines",El Nido
H Signature Spa (H Hotel Branch),4.9,"(3,787)",,,,,Massage Spa,,,https://lh3.googleusercontent.com/gps-cs-s/APNQkAGlheTYyOyFAkOWaRwdynPbqYkut24EjEaChMpk6ENi5PPtcoI9hrnAxXCGzUdKK1JifemKDy751tg3RDEYr_r4VB23XzXTUJcE5GMiWjhZTAlnxB-b_OaA4C0l41qbet2U3J8v=w1600-h1200-k-no,,,11.1800166,119.3894844,https://www.google.com/maps/place/H+Signature+Spa+%28H+Hotel+Branch%29/data=!4m7!3m6!1s0x33b655ddb559cb97:0xc2a9dfba73a7023a!8m2!3d11.1800166!4d119.3894844!16s%2Fg%2F11sdn513d_!19sChIJl8tZtd1VtjMROgKnc7rfqcI?authuser=0&hl=en&rclk=1,"massage spa in El Nido, Palawan, Philippines",El Nido
Rituals Spa,4.8,(548),,,,,Massage Spa,,,https://lh3.googleusercontent.com/gps-cs-s/APNQkAGpDu67nHqB6YSgJZ0-IuU60ZQua5MywvzD-f5gdgDrSHYU3ZONqY5E1b1leXUqm3BefnOE5bCy2wqWp--KcOLQ9Vc6LQxT9yY-4c9WVeowA-MpYcJ3cx3vNE_4OLUX-kNxA6ocUg=w1600-h1200-k-no,,,11.1838106,119.3930781,https://www.google.com/maps/place/Rituals+Spa/data=!4m7!3m6!1s0x33b6557f21ed60ab:0x8cdc55fb90aa569f!8m2!3d11.1838106!4d119.3930781!16s%2Fg%2F11vhvklxmp!19sChIJq2DtIX9VtjMRn1aqkPtV3Iw?authuser=0&hl=en&rclk=1,"massage spa in El Nido, Palawan, Philippines",El Nido
Revival Spa Massage Center,4.4,(93),,,,,Massage Spa,,,https://lh3.googleusercontent.com/gps-cs-s/APNQkAFnJpWNB2r8LmJURxyApvqC7v-QjWZYbnmM8rbYIRkCBaySjRJ50E-lwHQIYSGZrbx_BK-sNfryV0a5cicutbMezoPiuTdtc4se8deZTAfmVX7Rw4dfPHoulN85PjmHVDiHkPJMU5bRz0qj=w1600-h1200-k-no,,,11.1809692,119.3910275,https://www.google.com/maps/place/Revival+Spa+Massage+Center/data=!4m7!3m6!1s0x33b6550cb72fe55b:0x2fb6784160ee4ce2!8m2!3d11.1809692!4d119.3910275!16s%2Fg%2F11vxcw6vcd!19sChIJW-UvtwxVtjMR4kzuYEF4ti8?authuser=0&hl=en&rclk=1,"massage spa in El Nido, Palawan, Philippines",El Nido
The organic massage spa,4.3,(11),,,,,Massage Spa,,,https://lh3.googleusercontent.com/gps-cs-s/APNQkAEZtstDqBIwpQJYQoms1YFivh7p8UHbdHymyGq1Za8uQ7KfleOgehC-ZFQ_TzKvuCp_xPVLCuFeG5q-5ACiwRu8xI9C96StOUr5anBOccG40SY-TLkUI7_gxblJ-m8XgWiz7mB77u_WfeY=w1600-h1200-k-no,,,11.1809557,119.3910179,https://www.google.com/maps/place/The+organic+massage+spa/data=!4m7!3m6!1s0x33b655000b7372c1:0x18402c5c542325a5!8m2!3d11.1809557!4d119.3910179!16s%2Fg%2F11zjlfj1n3!19sChIJwXJzCwBVtjMRpSUjVFwsQBg?authuser=0&hl=en&rclk=1,"massage spa in El Nido, Palawan, Philippines",El Nido
Go relax massage and spa,4.3,(131),,,,,Massage Spa,,,https://lh3.googleusercontent.com/gps-cs-s/APNQkAGxN9s83s7LmsGeqAPNoh579JYMhZ3JwVsJHAXIgMxfv8CqtWDpVlgJTIAi3oB32kanGwoISCG6-6szADDh-IyLJ5cyoixkcP2uTQpr98awv7K2ZlzvFGONmQD7VfTh_5tcEo1ETg=w1600-h1200-k-no,,,11.1803551,119.3892509,https://www.google.com/maps/place/Go+relax+massage+and+spa/data=!4m7!3m6!1s0x33b655005f3dcf17:0x3aa9d108e45ad396!8m2!3d11.1803551!4d119.3892509!16s%2Fg%2F11w3g7vzq6!19sChIJF889XwBVtjMRltNa5AjRqTo?authuser=0&hl=en&rclk=1,"massage spa in El Nido, Palawan, Philippines",El Nido
The Organic Spa El Nido,4.3,(413),,,,,Massage Spa,,,https://lh3.googleusercontent.com/gps-cs-s/APNQkAEYtQjf71Bz_SyB4Qu5_-ylw_CU8YF0hbx264FaaEPaBh-1H5YY26-WO_l_vv8_A0KwT0vtZR4svHDA5rL7vhninHTFc0neA-w3LtC6Hxpdc_If1UQzGNg3oI8b8AbS-Scj7XIr=w1600-h1200-k-no,,,11.1801995,119.3881693,https://www.google.com/maps/place/The+Organic+Spa+El+Nido/data=!4m7!3m6!1s0x33b6551671e8f681:0xd9dfbe525fb2bd51!8m2!3d11.1801995!4d119.3881693!16s%2Fg%2F11c2jvllb5!19sChIJgfbocRZVtjMRUb2yX1K-39k?authuser=0&hl=en&rclk=1,"massage spa in El Nido, Palawan, Philippines",El Nido
Blessed Massage and spa,3.7,(114),,,,,Massage Spa,,,https://lh3.googleusercontent.com/gps-cs-s/APNQkAFWTf17YOLJ84JyYvZOUSIzFEnzeC13V6zEDKYfUX0mWCc5qc_4Xn0xu89iw8lytafgzSbD_Dgj1RwTg381Dw1Dxgtl7qYBQ25uL1CbzLd1cxbo1kg8C5qY8QBQOFihUtYslpqlhQ=w1600-h1200-k-no,,,11.1794965,119.3896803,https://www.google.com/maps/place/Blessed+Massage+and+spa/data=!4m7!3m6!1s0x33b655db2a27e37d:0x86b4cf731b5b5838!8m2!3d11.1794965!4d119.3896803!16s%2Fg%2F11shg891bg!19sChIJfeMnKttVtjMROFhbG3PPtIY?authuser=0&hl=en&rclk=1,"massage spa in El Nido, Palawan, Philippines",El Nido
Sea Tree Spa - El Nido,5.0,(322),,,,,Massage Spa,,,https://lh3.googleusercontent.com/gps-cs-s/APNQkAF_rAMKbwIiBEmu5He1j5u3cu-ZqZk3Ga-g4vcW0nCmtxfdCNlVXBjhh6N4zK4Nb4x5dVnDZ_i5RYmBVejCEEAy7-i4KP7BI_UUDfBYU9TAQgnuRULw7Hg1xW4SsTxtW2eKQPyJjA=w1600-h1200-k-no,,,11.1829976,119.3931852,https://www.google.com/maps/place/Sea+Tree+Spa+-+El+Nido/data=!4m7!3m6!1s0x33b655ad415d9671:0xeec20771bd8b1662!8m2!3d11.1829976!4d119.3931852!16s%2Fg%2F11vyqdcl09!19sChIJcZZdQa1VtjMRYhaLvXEHwu4?authuser=0&hl=en&rclk=1,"massage spa in El Nido, Palawan, Philippines",El Nido
Luisa Massage and Spa,4.7,(65),,,,,Massage Spa,,,https://lh3.googleusercontent.com/gps-cs-s/APNQkAGUs9W38KaEk7KOan7oTSosW7UqgVbmaNOmn9j4O8AIdGZJAfCiegtHoA0l5rOr4YBW63WqArCyTDe9urWWaz9Qsj2mxQQjdozIw1r-qukEUL76bua49P8OYbmr3E6u7N223Azj=w1600-h1200-k-no,,,11.1869128,119.3945101,https://www.google.com/maps/place/Luisa+Massage+and+Spa/data=!4m7!3m6!1s0x33b655006822cf0b:0xdd65955bb7a67bd4!8m2!3d11.1869128!4d119.3945101!16s%2Fg%2F11vpmjpz75!19sChIJC88iaABVtjMR1Humt1uVZd0?authuser=0&hl=en&rclk=1,"massage spa in El Nido, Palawan, Philippines",El Nido
Revival Spa Massage Center,4.0,(21),,,,,Massage Spa,,,https://lh3.googleusercontent.com/gps-cs-s/APNQkAESVHCwITqRjYiH3_bXLa3c_tPaCv8aTH9autdoqs-IL8fZDHQ51CzPDHJL9HHkxIFQRl7DGbCkxvOiQN9suSdWEll3VNkRHw9__cbfWTOB8rxxdYGACHFEIxYtjE7Sq4kxF68=w1600-h1200-k-no,,,11.1802383,119.3892834,https://www.google.com/maps/place/Revival+Spa+Massage+Center/data=!4m7!3m6!1s0x33b6552450b43429:0x175bf2be9b9443ff!8m2!3d11.1802383!4d119.3892834!16s%2Fg%2F11vb1b29dy!19sChIJKTS0UCRVtjMR_0OUm77yWxc?authuser=0&hl=en&rclk=1,"massage spa in El Nido, Palawan, Philippines",El Nido
A Spa,4.9,(303),,,,,Massage Spa,,https://www.klook.com/en-US/activity/161661-a-spa-at-lio-beach-in-palawan/?source_channel=googlettd&aid=84101&package_id=1&rwg_token=AFd1xnFX2pDPrIuGMlRRnWG_QyQqAePNxCA5zkTuxfwA7eRDRft3uHaBG36QcZly5N7RObMn5UdKJmJYkWYIUvClxO5pStL5zg%3D%3D,https://lh3.googleusercontent.com/gps-cs-s/APNQkAFsBTEDdGZCCGG5S78KR7E_XQK0JMuBx0bzDToc1nu2cZE_U9xq-ELSfjXg0cftZAj95CZbksYSY3zSiCS6EDKXP-yXGuhDNm7YBa3D8ODC905xfTUokMuGdqHLDOdh80OYGsfcjPWBx-1G=w1600-h1200-k-no,,,11.2083148,119.4167723,https://www.google.com/maps/place/A+Spa/data=!4m7!3m6!1s0x33b7ab223335bfc7:0x9d703c368d9d96ae!8m2!3d11.2083148!4d119.4167723!16s%2Fg%2F11k3j6v7gb!19sChIJx781MyKrtzMRrpadjTY8cJ0?authuser=0&hl=en&rclk=1,"massage spa in El Nido, Palawan, Philippines",El Nido
SERENISPA,4.6,(110),,,,,Massage Spa,,,https://lh3.googleusercontent.com/gps-cs-s/APNQkAGb7mGCTxwGpio1JNzXfeSK2dBYrp1plyX99Ste9L_1KUJALEvVAMXwOYEQn5oXzWvZKtC1ac_C3XPSroHcq0APdo0hGpXmokINUi7eLDS9yqPGYVBDcbZNDdGBpgufocwtj8oDzv6jYe0=w1600-h1200-k-no,,,11.1799179,119.3880749,https://www.google.com/maps/place/SERENISPA/data=!4m7!3m6!1s0x33b6552c44e3e0eb:0xfb1afa7fb7c94b05!8m2!3d11.1799179!4d119.3880749!16s%2Fg%2F11xt5lpmw1!19sChIJ6-DjRCxVtjMRBUvJt3_6Gvs?authuser=0&hl=en&rclk=1,"massage spa in El Nido, Palawan, Philippines",El Nido
Roselle Wellness,5.0,(32),,,,,Massage Spa,2 hours she took my tired,,https://lh3.googleusercontent.com/gps-cs-s/APNQkAE2SkllJCpwH4sKbb2sXbylEJxRnXKvRXqtAzQyEfZb0t1sXkl8OwProBSXbFs53GaRSCR8o9Oyg59hXfKBCCY1J9cltT6rLjkFFnYpJJxSm4XqwnD1IkAKdNInF1Qo83769hF-QVrld2B9=w1600-h1200-k-no,,,11.1771009,119.3919454,https://www.google.com/maps/place/Roselle+Wellness/data=!4m7!3m6!1s0x33b655288863d525:0x446a410a22cc7b2d!8m2!3d11.1771009!4d119.3919454!16s%2Fg%2F11vrw_6kqq!19sChIJJdVjiChVtjMRLXvMIgpBakQ?authuser=0&hl=en&rclk=1,"massage spa in El Nido, Palawan, Philippines",El Nido
Balsa Nature Spa,4.5,(53),,,,,Massage Spa,,,https://lh3.googleusercontent.com/gps-cs-s/APNQkAFzwf-UZchHPzP9GSyPeugWxcIjmvzY56HpU7xG9RwHbVxJUzf5bd7hp_RQA1zru6E_QTTUz6oOsEa-_eXWg-LQtjHmxeIjs6khknD4E2cqc6eYU_l2YXOEyyY1uP8niELPXMnsF6lJ1bg4=w1600-h1200-k-no,,,11.1634302,119.398539,https://www.google.com/maps/place/Balsa+Nature+Spa/data=!4m7!3m6!1s0x33b65500162b998f:0x984c570ba494bf47!8m2!3d11.1634302!4d119.398539!16s%2Fg%2F11y74pxq5c!19sChIJj5krFgBVtjMRR7-UpAtXTJg?authuser=0&hl=en&rclk=1,"massage spa in El Nido, Palawan, Philippines",El Nido
Namaste El Nido,4.9,(202),,,,,Massage Spa,,,https://lh3.googleusercontent.com/gps-cs-s/APNQkAHEWWVhoK1sLBhORZA1V2AWzXNnjYytqS5-kpabRlwrnVQfqezQrSf-32jwVHFWlaYMT0MFZvscC7uuMZJkewAO7fvfxEGDcqcXnXBI9WObBSqyzF8u9OiP-aMdXfIS9QxzNCDp=w1600-h1200-k-no,,,11.1632586,119.3982548,https://www.google.com/maps/place/Namaste+El+Nido/data=!4m7!3m6!1s0x33b655880c29440f:0x32711f4e512be518!8m2!3d11.1632586!4d119.3982548!16s%2Fg%2F11s1b3446h!19sChIJD0QpDIhVtjMRGOUrUU4fcTI?authuser=0&hl=en&rclk=1,"massage spa in El Nido, Palawan, Philippines",El Nido
Sunset Relaxing Spa,5.0,(2),,,,,Massage Spa,,,https://lh3.googleusercontent.com/gps-cs-s/APNQkAFAHCrgvlADfOEVlxD2CsnAj76ZSJl8XGC0k5HJZ5LxEbvXVsDG9sL8q_DwMkMvJ38DDa4LSQ-oUiwnK7rhkqy6_KQ-yPzuImZfqNKeTUrYqN1g32UMlCVkOqcO917DDasZtE0=w1600-h1200-k-no,,,11.1615938,119.3977776,https://www.google.com/maps/place/Sunset+Relaxing+Spa/data=!4m7!3m6!1s0x33b6550043eb9b09:0x6c1c36b7f9212866!8m2!3d11.1615938!4d119.3977776!16s%2Fg%2F11lthl4__l!19sChIJCZvrQwBVtjMRZigh-bc2HGw?authuser=0&hl=en&rclk=1,"massage spa in El Nido, Palawan, Philippines",El Nido
Jaross Spa,5.0,(1),,,,,Massage Spa,,,https://streetviewpixels-pa.googleapis.com/v1/thumbnail?panoid=o44Qwe73lH5Wc4kKbym0Cw&cb_client=search.gws-prod.gps&w=80&h=92&yaw=162.99269&pitch=0&thumbfov=100,,,11.1797182,119.3880009,https://www.google.com/maps/place/Jaross+Spa/data=!4m7!3m6!1s0x33b65500158cd877:0xa66be05bdf41f907!8m2!3d11.1797182!4d119.3880009!16s%2Fg%2F11m76796mm!19sChIJd9iMFQBVtjMRB_lB31vga6Y?authuser=0&hl=en&rclk=1,"massage spa in El Nido, Palawan, Philippines",El Nido
Primary Salon & Spa,4.8,"(1,464)",,,,,Massage Spa,,https://www.fresha.com/book-now/primary-salon-and-spa-mhsr9270/all-offer?id=2796751&pId=2704784&rwg_token=AFd1xnFC5HmPJlXNQiAcXz922DcVysd7RbyTJCr5soNuTO-q-iVMc2QOJgZTnNAMzNGLK2L7sQtFrcxCmOeM6BUI_BNxbrov1g%3D%3D,https://lh3.googleusercontent.com/gps-cs-s/APNQkAH-7l2--WMA_ExV2nHD7KSIhInGtGdOlnhtRahQeCH189bjRlJfDgUR1QBCWtAhV1Y49wMjOLd3xlke7RnCYZS-WyW9H20XRmrYLKn2XGMeNyGHVAGtm21vOhvm8vZbKzGGY3sY3hlQqTY=w1600-h1200-k-no,,,11.1797304,119.3895284,https://www.google.com/maps/place/Primary+Salon+%26+Spa/data=!4m7!3m6!1s0x33b65599992e0a83:0x786539317270a69d!8m2!3d11.1797304!4d119.3895284!16s%2Fg%2F11s4g3hqsv!19sChIJgwoumZlVtjMRnaZwcjE5ZXg?authuser=0&hl=en&rclk=1,"massage spa in El Nido, Palawan, Philippines",El Nido
Skin central spa,3.6,(7),,,,,Massage Spa,1028 Rizal St,,https://lh3.googleusercontent.com/gps-cs-s/APNQkAEvittaRqlltET6w-qDQUH3nmE_HTXdcNKmsQrKNMfxU1cW0APyfZKPXv8oygU0xjoVf-nFKc9z3U4ycyBcgUv7BlVUWBOu7-Q_QIOghxzMgLYtwqbxTimAe1AFq-xZopVA6unX=w1600-h1200-k-no,,,11.1797091,119.3895315,https://www.google.com/maps/place/Skin+central+spa/data=!4m7!3m6!1s0x33b655e394dffe15:0x613d004079e7d5a9!8m2!3d11.1797091!4d119.3895315!16s%2Fg%2F11hzv3crt2!19sChIJFf7flONVtjMRqdXneUAAPWE?authuser=0&hl=en&rclk=1,"massage spa in El Nido, Palawan, Philippines",El Nido
Cassiyah Massage and Spa,5.0,(1),,,,,Massage Spa,,,https://lh3.googleusercontent.com/gps-cs-s/APNQkAGdhfGeJcYe4LlhjADP7OoViCGCfys13kw2fL343A5Mgj44F2KVuSxF3syVy8uhPLTpAkr92RcumAO9m77RHvV9-B-w5c6tgqqnzOFCJueqT0l6U3GQqSbyY6Tj61ZNBNCH1bM=w1600-h1200-k-no,,,11.162925,119.423737,https://www.google.com/maps/place/Cassiyah+Massage+and+Spa/data=!4m7!3m6!1s0x33b6ffe1dda47767:0xd0de1ca376d70cc8!8m2!3d11.162925!4d119.423737!16s%2Fg%2F11x21c4zk_!19sChIJZ3ek3eH_tjMRyAzXdqMc3tA?authuser=0&hl=en&rclk=1,"massage spa in El Nido, Palawan, Philippines",El Nido
Chrislen Grace Massage,5.0,(13),,,,,Massage Spa,,,https://lh3.googleusercontent.com/gps-cs-s/APNQkAHLqiZ3oMYolpgoDrRlwvQuqVxzh6ZyAWd77eZ0_CnQFCihJZiFw9Gdcw1fc9ukg4X1FVh5kpU-5GNTLN7mA8v1EaiEEGe9qldhtfJjqYStUDkwMqnDvPah-Y7sHLLU1U75H21L0_Sb7Thi=w1600-h1200-k-no,,,11.1623656,119.3976482,https://www.google.com/maps/place/Chrislen+Grace+Massage/data=!4m7!3m6!1s0x33b655726dec6061:0x450f33a50deb4aff!8m2!3d11.1623656!4d119.3976482!16s%2Fg%2F11j4nh7wr1!19sChIJYWDsbXJVtjMR_0rrDaUzD0U?authuser=0&hl=en&rclk=1,"massage spa in El Nido, Palawan, Philippines",El Nido
GRMS,3.9,(34),,,,,Massage Spa,,,https://lh3.googleusercontent.com/gps-cs-s/APNQkAGCC2UPbEGjcAfPHh5eMtJbrfd-lQ01oRBv7ADCbhj6xd7pHCDbamTN7Zu9VWKbF5XzrGo9hvMy4r8AAOIvnPZ08fFhur4Fcta9rNxMDDST9aVknTX4vzUukdo4JflnWu-7X1Z9=w1600-h1200-k-no,,,11.1796278,119.3893334,https://www.google.com/maps/place/GRMS/data=!4m7!3m6!1s0x33b6557076602721:0xa396ab18fdb99568!8m2!3d11.1796278!4d119.3893334!16s%2Fg%2F11g2xn2p5m!19sChIJISdgdnBVtjMRaJW5_RirlqM?authuser=0&hl=en&rclk=1,"massage spa in El Nido, Palawan, Philippines",El Nido
"Yoga, Spa and Wellness at Happiness El Nido",4.7,(25),,,,,Massage Spa,,,https://lh3.googleusercontent.com/gps-cs-s/APNQkAF_lwzP_FoktyzOrdVLUne-7pcFNAMKSF1bcw470VcNtBrRo6nXP_RBuv0puUBi9ORwm6aKbboqN7T9HzjmlZBrlqo8-vlrG-zJ6MKa4oaZe0pp0yRScD8MUEXD5JwByqyymo8=w1600-h1200-k-no,,,11.1561366,119.3990217,"https://www.google.com/maps/place/Yoga,+Spa+and+Wellness+at+Happiness+El+Nido/data=!4m7!3m6!1s0x33b65512bdf42365:0xdb77af268611d0d6!8m2!3d11.1561366!4d119.3990217!16s%2Fg%2F11vx3ym7zh!19sChIJZSP0vRJVtjMR1tARhiavd9s?authuser=0&hl=en&rclk=1","massage spa in El Nido, Palawan, Philippines",El Nido
The organic Spa,4.2,(63),,,,,Massage Spa,500 pesos each for an hour,,https://lh3.googleusercontent.com/gps-cs-s/APNQkAGjkOK2Nb4UNq-QEKn9pJ0AUT3iJM5QPIkdISNuZy8W14SllFh2fhQvWmitLyU23nHZusGeWmLwHHCIb6ngtKx1FAv3xMZONMBQPDTQgvdjPrUSQN6EZzKpyhVtoVhPhvk39Yq9=w1600-h1200-k-no,,,11.1463426,119.3979698,https://www.google.com/maps/place/The+organic+Spa/data=!4m7!3m6!1s0x33b655f04659a8e5:0x4de00034f0aa9f25!8m2!3d11.1463426!4d119.3979698!16s%2Fg%2F11jzklrg6s!19sChIJ5ahZRvBVtjMRJZ-q8DQA4E0?authuser=0&hl=en&rclk=1,"massage spa in El Nido, Palawan, Philippines",El Nido
DwayneHairSalon,4.8,(143),,,,,Massage Spa,,,https://lh3.googleusercontent.com/gps-cs-s/APNQkAGzLFRDmF9-olzqXm6n0E3MF4hcuYtWNB5ykQ2dz-4SuJbUuCi0E0N6SNViuLRlQFcr5Mi0gAexUQwKbTR0Y1HOQth3Z_WkC_qvgawP-IBLu0qnVqvK5KVhCMb_EN95VCzyiOLAOwnGnpfT=w1600-h1200-k-no,,,11.1776483,119.3902624,https://www.google.com/maps/place/DwayneHairSalon/data=!4m7!3m6!1s0x33b655d72bd47769:0x53b18bd72bc69759!8m2!3d11.1776483!4d119.3902624!16s%2Fg%2F11h1f19pkq!19sChIJaXfUK9dVtjMRWZfGK9eLsVM?authuser=0&hl=en&rclk=1,"massage spa in El Nido, Palawan, Philippines",El Nido
Ritual Fitness & GYM,4.5,(295),,,,,Massage Spa,,,https://lh3.googleusercontent.com/gps-cs-s/APNQkAHr6qr2Y7zufCI-Z1GhobY0JkNpMfc5hkVWxYWLwwf2ojJedXpMnPS37U4XKf29HwHA7hnsrWX3cqI4KerJeI1a2o-cPaepRu56SAVmZCHscjzLnL1K-FmxtusAVBNPmx4qTrngHg=w1600-h1200-k-no,,,11.1837495,119.3931595,https://www.google.com/maps/place/Ritual+Fitness+%26+GYM/data=!4m7!3m6!1s0x33b6556c171b9977:0x39ab158dea8013bf!8m2!3d11.1837495!4d119.3931595!16s%2Fg%2F11vss74lky!19sChIJd5kbF2xVtjMRvxOA6o0Vqzk?authuser=0&hl=en&rclk=1,"massage spa in El Nido, Palawan, Philippines",El Nido
Terra Sancta,4.3,(100),,,,,Massage Spa,,,https://lh3.googleusercontent.com/gps-cs-s/APNQkAHosOJmVEseealecbMqULeoxKRZgqbSEh8XhLCMsvKgdGBhcb1DKzBVsivvh0kOntRU6qrCMwqQR-gFQ_nmSDcD9-_hvJWh77VPIdba2p_RpkbaP59UFS9QZaH9ru6ng1V_nt8=w1600-h1200-k-no,,,11.1558849,119.3990787,https://www.google.com/maps/place/Terra+Sancta/data=!4m11!3m10!1s0x33b655afe9d78b4b:0x558072f4ba62c987!5m3!1s2026-10-31!4m1!1i2!8m2!3d11.1558849!4d119.3990787!16s%2Fg%2F11kghd4l0q!19sChIJS4vX6a9VtjMRh8liuvRygFU?authuser=0&hl=en&rclk=1,"massage spa in El Nido, Palawan, Philippines",El Nido
Karen Grace Beauty Salon,4.8,(138),,,,,Massage Spa,900 pesos,,https://lh3.googleusercontent.com/gps-cs-s/APNQkAFOS9BNLhxdE004qK-Rg4j7v2ZN52XyN8UdgOjxJmnKq8g-7wyGnOcyEBKRWLgGd1jTOOiL_OlGe_kE5A8et8QIDCw7iP7yiVcU7qlHjh5_dkJnhB3TFe7uylNmdxe9LlnIZ6_1xg=w1600-h1200-k-no,,,11.1804547,119.391815,https://www.google.com/maps/place/Karen+Grace+Beauty+Salon/data=!4m7!3m6!1s0x33b655d6d762bf35:0x5d495826e51c0991!8m2!3d11.1804547!4d119.391815!16s%2Fg%2F11fjz__9kj!19sChIJNb9i19ZVtjMRkQkc5SZYSV0?authuser=0&hl=en&rclk=1,"massage spa in El Nido, Palawan, Philippines",El Nido
Aesthetic Nest,5.0,(1),,,,,Massage Spa,,,https://lh3.googleusercontent.com/gps-cs-s/APNQkAH8OflSz73nwT1x4VyEADg7mTYUWphLMqOPGl_NEa7fsXx5B_79-_q825Q73pR1C61Iim88vDm0_cQuE_1da6lxHi0F4O-9ZDjFdRgLuoTHR3GkP2_mhABAwOOsScN6K1ZhTBk=w1600-h1200-k-no,,,11.1620496,119.3988313,https://www.google.com/maps/place/Aesthetic+Nest/data=!4m7!3m6!1s0x33b655a80c17b499:0xa2daa6b4da134b75!8m2!3d11.1620496!4d119.3988313!16s%2Fg%2F11rv28t0w4!19sChIJmbQXDKhVtjMRdUsT2rSm2qI?authuser=0&hl=en&rclk=1,"massage spa in El Nido, Palawan, Philippines",El Nido
Quen Gracia’s Beauty Salon and Spa,3.9,(7),,,,,Massage Spa,,,https://lh3.googleusercontent.com/gps-cs-s/APNQkAHMRx3V5UZ1fTMoizyMYRo7Is82JG80A2Z3g6r5jmvs7Hwr-TOPlV3MZ0N09i7xDMtxR_vgXcxWMJYs12cB7xZj5lEZAjg6iNdYeHr53hvUWFzomn3S4p3S_jdAyosh8_530Kri=w1600-h1200-k-no,,,11.1795788,119.3891893,https://www.google.com/maps/place/Quen+Gracia%E2%80%99s+Beauty+Salon+and+Spa/data=!4m7!3m6!1s0x33b655b2b546d7b7:0xde1f839925a639e8!8m2!3d11.1795788!4d119.3891893!16s%2Fg%2F11wwh7ttdz!19sChIJt9dGtbJVtjMR6DmmJZmDH94?authuser=0&hl=en&rclk=1,"massage spa in El Nido, Palawan, Philippines",El Nido
Bayan Yoga,4.9,(40),,,,,Massage Spa,,,https://lh3.googleusercontent.com/gps-cs-s/APNQkAFr3E6TkVSXeUo_BarZohFoRDJ0E2YWfn_eXDJCf4E54W8pevPCeTI2JJsC3YoabuS-rXQVfq617R2Pq4iYKxdsGzvVyTv-dnrN3GKqFUf6M-0MqQJMtLqMH32GBY8DjCK4ZqlHrA=w1600-h1200-k-no,,,11.1784738,119.3906041,https://www.google.com/maps/place/Bayan+Yoga/data=!4m7!3m6!1s0x33b655591518a0e7:0x8b8b61f20cf88ecd!8m2!3d11.1784738!4d119.3906041!16s%2Fg%2F11wp0h95bh!19sChIJ56AYFVlVtjMRzY74DPJhi4s?authuser=0&hl=en&rclk=1,"massage spa in El Nido, Palawan, Philippines",El Nido
Sunset View Massage,5.0,(12),,,,,Massage Spa,,,https://lh3.googleusercontent.com/gps-cs-s/APNQkAG5a2u3y0_c0og1bJLWSF-gUNxI_2rikDZASOJP31xDgsAVWJW6wZDryUQ6FCzN2-zgBDa17O7x0JSbDSoDwiqfk-0ImNONkWqT9PMy0YJuFXAc1QD1x7YMNjDzXEPqqL3QT3EWNWJGeHM=w1600-h1200-k-no,,,11.3091202,119.418613,https://www.google.com/maps/place/Sunset+View+Massage/data=!4m7!3m6!1s0x33b7070062d2fb93:0x96dae2c3e426df14!8m2!3d11.3091202!4d119.418613!16s%2Fg%2F11x187pxqt!19sChIJk_vSYgAHtzMRFN8m5MPi2pY?authuser=0&hl=en&rclk=1,"massage spa in El Nido, Palawan, Philippines",El Nido
200 Bar Diving Center,5.0,"(1,590)",,,,,Massage Spa,200 Bar Diving Center  5,,https://lh3.googleusercontent.com/gps-cs-s/APNQkAEcPOMZu4KJFgHQf1AvwqI6FHBF1OlTlR_1AHhV6z2y0bXbxZpXSU_kQl3pmx6L9AFCsd7OV7SELs7JKmA4rTs8mXtZhJnCTDDk_FP7UjxjAzSMXInjbeMIf_tzBVUql7-8XPM7iLsFKUqD=w1600-h1200-k-no,,,11.181427,119.3915516,https://www.google.com/maps/place/200+Bar+Diving+Center/data=!4m7!3m6!1s0x33b6557c2ec8486d:0x6d0c13d6677a0ecc!8m2!3d11.181427!4d119.3915516!16s%2Fg%2F11trlrxqx_!19sChIJbUjILnxVtjMRzA56Z9YTDG0?authuser=0&hl=en&rclk=1,"massage spa in El Nido, Palawan, Philippines",El Nido
Deep Blue Dive Seafari,4.9,(177),,,,,Massage Spa,,,https://lh3.googleusercontent.com/gps-cs-s/APNQkAF60Hdey9rxtu03347pcAl-zRmX5kRbg0ciX9SbtAPTpRzo15prThgyxG4y69P1myLWcmI_LDQvLj9qJWRVTLXYIJ5fs4ggc_AqTXZGWR6x3rtCrwr_Eu_EzpfZTochvjIQ1cHYwA=w1600-h1200-k-no,,,11.1801802,119.3884548,https://www.google.com/maps/place/Deep+Blue+Dive+Seafari/data=!4m7!3m6!1s0x33b65515828e7331:0x432d824720505c38!8m2!3d11.1801802!4d119.3884548!16s%2Fg%2F11h1d9l8q!19sChIJMXOOghVVtjMROFxQIEeCLUM?authuser=0&hl=en&rclk=1,"massage spa in El Nido, Palawan, Philippines",El Nido
Nacpan Beach Shuttle Service,4.9,(52),,,,,Massage Spa,,,https://lh3.googleusercontent.com/gps-cs-s/APNQkAE9nJRQLbPsBLksRF7gq0hyx6riuuPPTez4O9y-PgR0s-TpQIjUgz2BzjdDuwOUYqQagvOumu1t0C4QfghxKH_p84mQox0BMTHflKyPKpLtD-a-0TYUxBrkCRQ-yB4ieKQ5Fo3cZw=w1600-h1200-k-no,,,11.178455,119.390972,https://www.google.com/maps/place/Nacpan+Beach+Shuttle+Service/data=!4m7!3m6!1s0x33b655144561603d:0x8f9270ad2ba86f62!8m2!3d11.178455!4d119.390972!16s%2Fg%2F11fzfb2jzh!19sChIJPWBhRRRVtjMRYm-oK61wko8?authuser=0&hl=en&rclk=1,"massage spa in El Nido, Palawan, Philippines",El Nido
Turtle Divers,4.9,(183),,,,,Massage Spa,,,https://lh3.googleusercontent.com/gps-cs-s/APNQkAFdyulaYDW3gmSvuaJeP4UVHaY39XHFFjUJPRM_WSpN7XqTkAhJIqDcSfn98wjfhPU-NU_GPI2yHAw9Ynm5B_fwAGPEzZHiDNCtp0zJwaK9ZaGiFzyK0Fx0XPh42OEkZDCFlS4tZw=w1600-h1200-k-no,,,11.1801054,119.3876267,https://www.google.com/maps/place/Turtle+Divers/data=!4m7!3m6!1s0x33b6551668a4a579:0x85ec9ed9d552fd9f!8m2!3d11.1801054!4d119.3876267!16s%2Fg%2F11c2r6vfg8!19sChIJeaWkaBZVtjMRn_1S1dme7IU?authuser=0&hl=en&rclk=1,"massage spa in El Nido, Palawan, Philippines",El Nido
The Town - By Namal,4.6,(21),,,,,Massage Spa,,,https://lh3.googleusercontent.com/gps-cs-s/APNQkAHlNbxAzPPPah06P4ymdkuHzqUlWOP6gzsAqGfsbnU5hDQxMgtMsioF_zxGwz4zHpOhdihuuXGuVmiNVZCTlJ1jZipcdYnLnYzwXXdon4tpaY1nHdVjMNuca7_vC2ZMJMVDH2b82S_dIUTx=w1600-h1200-k-no,,,11.1809233,119.3909564,https://www.google.com/maps/place/The+Town+-+By+Namal/data=!4m11!3m10!1s0x33b6555f4c042391:0x7f032fd8f70606f6!5m3!1s2026-10-31!4m1!1i2!8m2!3d11.1809233!4d119.3909564!16s%2Fg%2F11yzvvq54_!19sChIJkSMETF9VtjMR9gYG99gvA38?authuser=0&hl=en&rclk=1,"massage spa in El Nido, Palawan, Philippines",El Nido
Alice massage,4.8,(21),,,,,Massage Spa,,,https://lh3.googleusercontent.com/gps-cs-s/APNQkAEEyMjI_lNdFCZnMJtAcR5tm9H50AlmQyf1TdzyBxzEodKm75h5n_XdOPyERrMj9T38u01RlzMf1iF3DqZSRDZApdglIr0NJ-sgfzIMtByCYujfA1hGFVyAOxF0N3lScaKuNC0jiqKkKBM=w1600-h1200-k-no,,,11.3110322,119.4179974,https://www.google.com/maps/place/Alice+massage/data=!4m7!3m6!1s0x33b707007f2af7db:0xddaddf22f5189ab0!8m2!3d11.3110322!4d119.4179974!16s%2Fg%2F11m5s33vks!19sChIJ2_cqfwAHtzMRsJoY9SLfrd0?authuser=0&hl=en&rclk=1,"massage spa in El Nido, Palawan, Philippines",El Nido
Palawan Divers,4.9,(708),,,,,Massage Spa,,,https://lh3.googleusercontent.com/gps-cs-s/APNQkAFZgyhcV81Kjj8GT1Z50BmYigq95JCXEImhkCFbjOqsNULAIrT8ZABr0f8-QbrNhA7o8vgHq4G7lCxsZ64mJnTQU3HqKE-fIuasJVPE5VmpaKEFgo9KAysoRVctG2B9K4eB0iJlhQ=w1600-h1200-k-no,,,11.1826046,119.3924247,https://www.google.com/maps/place/Palawan+Divers/data=!4m7!3m6!1s0x33b6553fc9a91f6d:0x1f2d7314dfb2b811!8m2!3d11.1826046!4d119.3924247!16s%2Fg%2F1yf4rf1ts!19sChIJbR-pyT9VtjMREbiy3xRzLR8?authuser=0&hl=en&rclk=1,"massage spa in El Nido, Palawan, Philippines",El Nido
The Funny Lion - El Nido,4.8,(727),,,,,Massage Spa,,,https://lh3.googleusercontent.com/gps-proxy/ALd4DhGz_3A8S3g1zMXu2BG9sALPknQAJ_3wRKKEsoidwe69IR04ZmIh4aJhWGQHJAFY_FkVB8uRaPnYct0ykAVYDEZ586TEh_rjOM04AcizxkGTSBKwNE-3YR9P1zjGapn7dwGuHYN5N-uJZ4Szow81FuAwzG1Kv2s_Xmjm30CtR3qnQjIdrHBJ1bdn=w1600-h1200-k-no,,,11.1829821,119.3932366,https://www.google.com/maps/place/The+Funny+Lion+-+El+Nido/data=!4m11!3m10!1s0x33b65543a5513bc5:0x9eb518f321e6d0db!5m3!1s2026-10-31!4m1!1i2!8m2!3d11.1829821!4d119.3932366!16s%2Fg%2F11thfr809l!19sChIJxTtRpUNVtjMR29DmIfMYtZ4?authuser=0&hl=en&rclk=1,"massage spa in El Nido, Palawan, Philippines",El Nido
Aquanaut Dive Center,4.8,(273),,,,,Massage Spa,,,https://lh3.googleusercontent.com/gps-cs-s/APNQkAGI4UEFciiw6Fu4wIBRPr9-CQrvepOfKJSXoOb7gF23frarAR2f9dz7782pEmJ7dzFSNRzcSrP5pMA5_Xf6GZ2IETHGP35jQsIir2GN04AYx8neLAFoc5Vr05SvJEmGMiC7zIys=w1600-h1200-k-no,,,11.181535,119.39144,https://www.google.com/maps/place/Aquanaut+Dive+Center/data=!4m7!3m6!1s0x33b65515874cef91:0x3b8d632092bd87b3!8m2!3d11.181535!4d119.39144!16s%2Fg%2F11b6j87021!19sChIJke9MhxVVtjMRs4e9kiBjjTs?authuser=0&hl=en&rclk=1,"massage spa in El Nido, Palawan, Philippines",El Nido
Aquing's Place,4.4,(84),,,,,Massage Spa,,,https://lh3.googleusercontent.com/gps-cs-s/APNQkAGCjRKBaSivSI-pW9YvzRFF0-X3VNbSvgepvaCjuF26EmdgQvFGfrbYVgMfnHKYAGkiA5a7szOrk9PSVfA09vzvR6YDgP5X16w0d1DTGKER9PduHl4mj48GVjLOOjOzjXHsQd5Rrw=w1600-h1200-k-no,,,11.1799096,119.3858857,https://www.google.com/maps/place/Aquing%27s+Place/data=!4m11!3m10!1s0x33b65522d25067f5:0x4a04e7784dfd05dc!5m3!1s2026-10-31!4m1!1i2!8m2!3d11.1799096!4d119.3858857!16s%2Fg%2F11j0qhky_6!19sChIJ9WdQ0iJVtjMR3AX9TXjnBEo?authuser=0&hl=en&rclk=1,"massage spa in El Nido, Palawan, Philippines",El Nido
El Dive,4.9,(433),,,,,Massage Spa,,,https://lh3.googleusercontent.com/gps-cs-s/APNQkAG1LwekhYC1iaUE1cXKq2x3gHbPL9sg8ASB5GrenMZYHoloNqyDfo0_3ar4SPRVrP4eBx2jJWWL3fdX6qJi_uXJH0XuM0GteASuMP6r3UI3s-OJCcsrGe2ZgxFeYDls3h9blyoF=w1600-h1200-k-no,,,11.1791897,119.3896047,https://www.google.com/maps/place/El+Dive/data=!4m7!3m6!1s0x33b6553fd2319b53:0x36d121d21a895093!8m2!3d11.1791897!4d119.3896047!16s%2Fg%2F11cjhmvn73!19sChIJU5sx0j9VtjMRk1CJGtIh0TY?authuser=0&hl=en&rclk=1,"massage spa in El Nido, Palawan, Philippines",El Nido
Submariner Diving Center,4.9,(885),,,,,Massage Spa,,,https://lh3.googleusercontent.com/gps-cs-s/APNQkAGQm8x5a_3kFtq2lij7a7tDVquxMt_QTNuMjyi5JnjhHYF6Xjp17WOaQ7aOiHACThkvDKWQUI8CSmtfsXqO8Smq61A3DbH1w0l0T-qpEf8VQSe9iXZFEEuRqDqp6JXwj0QP0LZM=w1600-h1200-k-no,,,11.1811662,119.3909735,https://www.google.com/maps/place/Submariner+Diving+Center/data=!4m7!3m6!1s0x33b655158edb90f3:0x109fd8a311707bf2!8m2!3d11.1811662!4d119.3909735!16s%2Fg%2F1tsr0r2f!19sChIJ85DbjhVVtjMR8ntwEaPYnxA?authuser=0&hl=en&rclk=1,"massage spa in El Nido, Palawan, Philippines",El Nido
Luisa Massage and Spa,4.4,(7),,,,,Massage Spa,,,https://lh3.googleusercontent.com/gps-cs-s/APNQkAF1iOlqrZvOZo5uH6aFcNEbEXudbXX8Okj2Hj1Bl7y-AuEqQFWzXkFG5aHgnyuuwXlhWAkOxA47hMEXUlPFb2XKIojAKqOtJ5jLUPa80dWXzL8q7TwhPahcRVzitPvIlb6mAr3w=w1600-h1200-k-no,,,11.3322209,119.4516255,https://www.google.com/maps/place/Luisa+Massage+and+Spa/data=!4m7!3m6!1s0x33b655f3826d97d3:0x55ba4021ce0ceea8!8m2!3d11.3322209!4d119.4516255!16s%2Fg%2F11vwyhj_jx!19sChIJ05dtgvNVtjMRqO4MziFAulU?authuser=0&hl=en&rclk=1,"massage spa in El Nido, Palawan, Philippines",El Nido
Discover El Nido,4.8,(540),,,,,Massage Spa,,,https://lh3.googleusercontent.com/gps-cs-s/APNQkAGWkfcBcfLR2EvSsg12U6KS23PJHFZCr00wmx0n4yAi8qBW_oRlcN9tlk-q3NHqQrb6BVnhPMgG1l1GGKBxYf7lKAJ30JrQEU4Fx0sSTJtBAxuu0VRgSWg3KCkLE0gqgzGpk_E4kfe7BUf_=w1600-h1200-k-no,,,11.1784599,119.3910923,https://www.google.com/maps/place/Discover+El+Nido/data=!4m7!3m6!1s0x33b6553fd246514f:0x1e63efbf3c405ecd!8m2!3d11.1784599!4d119.3910923!16s%2Fg%2F1jky3yqj3!19sChIJT1FG0j9VtjMRzV5APL_vYx4?authuser=0&hl=en&rclk=1,"massage spa in El Nido, Palawan, Philippines",El Nido
Mad Good,4.7,(179),,,,,Massage Spa,,,https://lh3.googleusercontent.com/gps-cs-s/APNQkAFHgM7zITdfFKWzk4Gv2KqS3t03TD3iZECyWAyBKiglepqb9v4ZIPxokmHPVnn24mRc4OULX_x-3GEAs7UzK31HOHfiFfiMKftT_GmUoxYQd61LlIe8MRfXg-Q-5xsRZCo-vV0m=w1600-h1200-k-no,,,11.181176,119.3910417,https://www.google.com/maps/place/Mad+Good/data=!4m7!3m6!1s0x1b7fe29de1915bf:0xc554be64387b2b08!8m2!3d11.181176!4d119.3910417!16s%2Fg%2F11v6wjjmvf!19sChIJvxUZ3in-twERCCt7OGS-VMU?authuser=0&hl=en&rclk=1,"massage spa in El Nido, Palawan, Philippines",El Nido
Ranmarc Dive Shop and Services,4.7,(28),,,,,Massage Spa,,,https://lh3.googleusercontent.com/gps-cs-s/APNQkAEkNMoL8eyNMOi1iwvizpZlcN4EVoOdDhevGPck7qfgKOfHiF9lR0w3XR0kiCIFosrMdngN1XQwDLiBolJybS2v-e3eEHeTegUsUdcM0MioFeb3BikDE6B_YM7awqZIExf-3r5w0Q=w1600-h1200-k-no,,,11.1802229,119.3883732,https://www.google.com/maps/place/Ranmarc+Dive+Shop+and+Services/data=!4m7!3m6!1s0x33b65515ed219de9:0x470d4a6393c549a4!8m2!3d11.1802229!4d119.3883732!16s%2Fg%2F11clyb8mq_!19sChIJ6Z0h7RVVtjMRpEnFk2NKDUc?authuser=0&hl=en&rclk=1,"massage spa in El Nido, Palawan, Philippines",El Nido
El Nido Adventure Scuba Dive Center,5.0,(86),,,,,Massage Spa,,,https://lh3.googleusercontent.com/gps-cs-s/APNQkAHq0YTjh4m_l_LfvEWSYglyCg4h9KllCOKNWJ4rlT0KQ_v21cmwGq-ZyI7XrlwEwwQfXIwUxuKgFmRm87PyK3M5iq3zvBgxNPwA_J5suQJ6mqp3YVTHYTemTvB_PL0V5QlcEeE39w=w1600-h1200-k-no,,,11.1764651,119.3912882,https://www.google.com/maps/place/El+Nido+Adventure+Scuba+Dive+Center/data=!4m7!3m6!1s0x33b6551668873fb7:0x2d0b569ada644f8d!8m2!3d11.1764651!4d119.3912882!16s%2Fg%2F11g_7bcv5!19sChIJtz-HaBZVtjMRjU9k2ppWCy0?authuser=0&hl=en&rclk=1,"massage spa in El Nido, Palawan, Philippines",El Nido
3's Maria's Massage and Spa,4.3,(7),,,,,Massage Spa,,,https://lh3.googleusercontent.com/gps-cs-s/APNQkAFdj495DpmXRBCJvFojiChOHNsN5Qk6Qj3bx7l9Ebfjp-B77elMQGRapNZ_622WUCCnV2UMzMJLhEPl8SsLOmh6jS1fDFEZvVWfN_jZsZgEGEv2TFv_Mb63Dw9y2bFGlMUDm9TY=w1600-h1200-k-no,,,11.1810957,119.3913143,https://www.google.com/maps/place/3%27s+Maria%27s+Massage+and+Spa/data=!4m7!3m6!1s0x33b6555f5ccf5c27:0x73be8d4ea50b72f7!8m2!3d11.1810957!4d119.3913143!16s%2Fg%2F11srfs267k!19sChIJJ1zPXF9VtjMR93ILpU6NvnM?authuser=0&hl=en&rclk=1,"massage spa in El Nido, Palawan, Philippines",El Nido
Dayunan Tourist Inn,3.9,(88),,,,,Massage Spa,,,https://lh3.googleusercontent.com/gps-proxy/ALd4DhHaGNKq-mzLFFcQEbLwzo9jl9pRDislc7u88gSpuyV6NGuoJwM8-AVcLWICETxwOHcGzhObBxSwb7df1z7ExQDU2horsw-TtHRL-tRkIW2FlBPbtA69ZFN_dSSgSWDBfKKEtZUHmIMnee1fpSiWRMnEkZYckGWDCyufU43adWw-IhiDWGe-cxz9=w1600-h1200-k-no,,,11.1803232,119.3866895,https://www.google.com/maps/place/Dayunan+Tourist+Inn/data=!4m11!3m10!1s0x33b65516506be2c5:0x5b8a6f85a6eb8afd!5m3!1s2026-10-31!4m1!1i2!8m2!3d11.1803232!4d119.3866895!16s%2Fg%2F11b73rmj_k!19sChIJxeJrUBZVtjMR_YrrpoVvils?authuser=0&hl=en&rclk=1,"massage spa in El Nido, Palawan, Philippines",El Nido
The Beach House El Nido,4.0,(94),,,,,Massage Spa,,,https://lh3.googleusercontent.com/gps-cs-s/APNQkAEu1YFrlV3QMlO9nL797XgoIdJr4MQvnbFE00IqpEcRfZXqVBVJtZ4n2yBs1pGYpUqDHICc5-8Rt4-8L2ygo8IRlMQvTdnI6L6ME-ecXjH2AMu8FKaisVp5FVqA10YSmvlqcNSYTA=w1600-h1200-k-no,,,11.1812108,119.3910161,https://www.google.com/maps/place/The+Beach+House+El+Nido/data=!4m11!3m10!1s0x33b655a337f1bce9:0x34c5c9409fbb04a6!5m3!1s2026-10-31!4m1!1i2!8m2!3d11.1812108!4d119.3910161!16s%2Fg%2F11tmwp3rxm!19sChIJ6bzxN6NVtjMRpgS7n0DJxTQ?authuser=0&hl=en&rclk=1,"massage spa in El Nido, Palawan, Philippines",El Nido
XtraordiNails Spa & Beauty Lounge,4.3,(40),,,,,Massage Spa,,,https://lh3.googleusercontent.com/gps-cs-s/APNQkAHC2hFx-biTL5gb-NkbzEp2poTBFtcB7s8vtG7pBHM5MarphltGb42pDhVbfNgyEfk-g-dcc38k-km9B3QJVEezb8sjM1BQeYxuBXJhEDUjBNQ1w8eLP6sVaxfBQpqyhAc0UUgh=w1600-h1200-k-no,,,11.1778672,119.3903357,https://www.google.com/maps/place/XtraordiNails+Spa+%26+Beauty+Lounge/data=!4m7!3m6!1s0x33b6557e7d5350a7:0x3a8e5f7ad408e05d!8m2!3d11.1778672!4d119.3903357!16s%2Fg%2F11t_n_q2dz!19sChIJp1BTfX5VtjMRXeAI1Hpfjjo?authuser=0&hl=en&rclk=1,"massage spa in El Nido, Palawan, Philippines",El Nido
Hieroglyph Fitness El Nido,4.8,(741),,,,,Gym,,,https://lh3.googleusercontent.com/gps-cs-s/APNQkAHmEMXo2IO25QPxQIOmoVtxz6gJQOAxKviLv6ac-myimmpbFZZFO5RZXrfr9qE5MgQ6WL4lxO2vcB5x4bill8-QyJTxGGD_B7x9oFmkCsKBBSGkWVXxjMlTO6JEY8OZCTYnHxXs=w1600-h1200-k-no,,,11.1470151,119.3986852,https://www.google.com/maps/place/Hieroglyph+Fitness+El+Nido/data=!4m7!3m6!1s0x33b6558a8ac80155:0x2af61e8204cc0b3e!8m2!3d11.1470151!4d119.3986852!16s%2Fg%2F11q935wkr3!19sChIJVQHIiopVtjMRPgvMBIIe9io?authuser=0&hl=en&rclk=1,"gym in El Nido, Palawan, Philippines",El Nido
Home Gym,5.0,(170),,,,,Gym,,,https://lh3.googleusercontent.com/gps-cs-s/APNQkAHiu2fTYXKfsAm5VSowh0FJnp4tnjodl4_lDfIpjxVXLXjlwxCkKteA3_-Q55RX1Q-UBhhDQcDmi16VmIoPb-YY93kwh4yrXCJeaC9fXlWJtMJEbt-jlJ048eI7gi2YakaM6bP46w=w1600-h1200-k-no,,,11.156221,119.40635,https://www.google.com/maps/place/Home+Gym/data=!4m7!3m6!1s0x33b6550027e9b1b5:0xbe3cdffe18f98d55!8m2!3d11.156221!4d119.40635!16s%2Fg%2F11ldv30n85!19sChIJtbHpJwBVtjMRVY35GP7fPL4?authuser=0&hl=en&rclk=1,"gym in El Nido, Palawan, Philippines",El Nido
El Nido Municipal Covered Court,5.0,(4),,,,,Gym,,,https://lh3.googleusercontent.com/gps-cs-s/APNQkAG9VuH7OO5A0FK0ada4KEn3CQFGa1Fiz-uov4791nHUgFjnOHsCc-LzUqG59pQ53-CQijiWdAOS5_G1T6ppdfn0Thi3Yb8c2t0gJeHUkZC4Q_4iBFfSEc_KKmeakIEvgmSrQLtqIg=w1600-h1200-k-no,,,11.1795537,119.3904538,https://www.google.com/maps/place/El+Nido+Municipal+Covered+Court/data=!4m7!3m6!1s0x33b655f164dc0d3b:0xc23a7654f467220e!8m2!3d11.1795537!4d119.3904538!16s%2Fg%2F11qplljsm9!19sChIJOw3cZPFVtjMRDiJn9FR2OsI?authuser=0&hl=en&rclk=1,"gym in El Nido, Palawan, Philippines",El Nido
Madness Gym El Nido,5.0,(119),,,,,Gym,,https://www.madnesselnido.com/book-online?utm_source=google&utm_medium=book_button&utm_campaign=service_list&rwg_token=AFd1xnHqq061gEiKbwyN35luOg9OhZRfxcaUL7KaYInW8V1nZ4He21dHGwu0_4IVQDlSvzt0MAnXyOb6SncAP78aq_KTZ7Wt5w%3D%3D,https://lh3.googleusercontent.com/gps-cs-s/APNQkAFE3c9YZi5FTxxavlY-fbO8PXi_2-vzKy7fA15vAoBqlLtVUuTTcj8dNxsByvDZztKOFakznUFAD_AZzMmeTshPvBxZ4vSkx2o4r69ObamSF-32_He95LBv2ma-eWSDviT-0IcfRu90oZQD=w1600-h1200-k-no,,,11.2000169,119.4239454,https://www.google.com/maps/place/Madness+Gym+El+Nido/data=!4m7!3m6!1s0x33b655267cce1713:0xe7940cde7e858c6b!8m2!3d11.2000169!4d119.4239454!16s%2Fg%2F11j4mk1j6n!19sChIJExfOfCZVtjMRa4yFft4MlOc?authuser=0&hl=en&rclk=1,"gym in El Nido, Palawan, Philippines",El Nido
GULIAT FITNESS GYM,5.0,(1),,,,,Gym,,,https://lh3.googleusercontent.com/gps-cs-s/APNQkAGi1PiGjqysM32tp9rbtxZ1jHh8MWCXZ4Za8x6GrS6PInb9P3XWzITs1tCWerVSsGbXoYZiSIU3q98FpuaVbW-6qBlkEcFF6lM8EDWB5H-eugeit-AFoTq4ofmwgpXKRdl5Wpzh0a4qMYE=w1600-h1200-k-no,,,9.398045,118.5231259,https://www.google.com/maps/place/GULIAT+FITNESS+GYM/data=!4m7!3m6!1s0x33caad000922b1e7:0xd7c4913454c5d570!8m2!3d9.398045!4d118.5231259!16s%2Fg%2F11ym_hnjyg!19sChIJ57EiCQCtyjMRcNXFVDSRxNc?authuser=0&hl=en&rclk=1,"gym in El Nido, Palawan, Philippines",El Nido
Yoga Retreats El Nido,5.0,(53),,,,,Gym,,,https://lh3.googleusercontent.com/gps-cs-s/APNQkAHFjoU4saoCJyFzgF94wVSdSmobWQ15aZBdVodmWeDWrZqOHtWGrWeUMnh69sCwFgJo3bzxcJs4UyY05uwyO4XCKZ6hZJxgePQRpxFET22-e2LVEfgXH_mO-YGNdkc-zxmNNDvTfil3qoL4=w1600-h1200-k-no,,,11.1556973,119.3985663,https://www.google.com/maps/place/Yoga+Retreats+El+Nido/data=!4m7!3m6!1s0x33b6550024dec291:0x1bf22797d3613273!8m2!3d11.1556973!4d119.3985663!16s%2Fg%2F11yrt887q_!19sChIJkcLeJABVtjMRczJh05cn8hs?authuser=0&hl=en&rclk=1,"gym in El Nido, Palawan, Philippines",El Nido
Duli Beach,4.7,(388),,,,,Public Wi-Fi,400 PHP,,https://lh3.googleusercontent.com/gps-cs-s/APNQkAGc_Rw14X0U-KbtRCrsjB5NzKi_bGG43S98gBsT3ojf_soMUeSDAo8Yoznc747kV3y19KsGEkjFy-9J8X96CeFttX1wDnWzL4UAHB1GYQqjsoJLwaJpz5UFh79HxhVx-EajuldP2A=w1600-h1200-k-no,,,11.3506359,119.4610951,https://www.google.com/maps/place/Duli+Beach/data=!4m7!3m6!1s0x33b707d499db6fa9:0xbd47b43b593e8eaf!8m2!3d11.3506359!4d119.4610951!16s%2Fg%2F12vqr80jn!19sChIJqW_bmdQHtzMRr44-WTu0R70?authuser=0&hl=en&rclk=1,"public wifi in El Nido, Palawan, Philippines",El Nido
"El Nido Tours ""Sea Quest"" - island hopping and expeditions to Coron.",4.8,"(2,196)",,,,,Public Wi-Fi,,,https://lh3.googleusercontent.com/gps-cs-s/APNQkAGGwGsfQUcNYuJdKjOUb6C63E1Dvvy7k3LkMorUrOPD6SEa2c_jbc9HokLVR9imw_gSjFC3DZfx6WSDeN3Sdtofw1Vc3sIe8S3A4hISXO38Ll_bzxe5ipjxtUvw5e7YWyxvKkziXUmD3L7p=w1600-h1200-k-no,,,11.1648125,119.3985625,https://www.google.com/maps/place/El+Nido+Tours+%22Sea+Quest%22+-+island+hopping+and+expeditions+to+Coron./data=!4m7!3m6!1s0x33b655302e061e03:0x9494aaeb02c522cd!8m2!3d11.1648125!4d119.3985625!16s%2Fg%2F11j3t10vkz!19sChIJAx4GLjBVtjMRzSLFAuuqlJQ?authuser=0&hl=en&rclk=1,"public wifi in El Nido, Palawan, Philippines",El Nido
Surf and Skate Duli Beach,4.7,(26),,,,,Public Wi-Fi,,,https://lh3.googleusercontent.com/gps-cs-s/APNQkAEfSnyXeB-c1J3lYASqxrfNjjIAcEwyDK_j1l6vs45n1JwQaw9WyKesYglZed9so2yHJ_bidhE_CLj53wMnSaMPLwp5ZFMCygDe5yFkeTfWBoIn5qmKviXgJX3AHBA_8ugMTaBUGBlB0i4f=w1600-h1200-k-no,,,11.3480534,119.4576677,https://www.google.com/maps/place/Surf+and+Skate+Duli+Beach/data=!4m7!3m6!1s0x33b707abd6e9adb7:0x33040a4e34fea0e2!8m2!3d11.3480534!4d119.4576677!16s%2Fg%2F11srrytdf_!19sChIJt63p1qsHtzMR4qD-NE4KBDM?authuser=0&hl=en&rclk=1,"public wifi in El Nido, Palawan, Philippines",El Nido
Balili Eco Farm & Leisure,4.2,(20),,,,,Public Wi-Fi,,,https://lh3.googleusercontent.com/gps-cs-s/APNQkAH7gnuc-GjrrvJWCjrtYpOt-quYyGYwgRwsMuI3KEazOFSgriqguoO9jJfDmc2DkOiIgHNS3vkmqyjjewfTwbvdjxT2pGNCUx-1S6yqT9cx6SX04GvdZ0hpMpdF1A6CNQlQLhE=w1600-h1200-k-no,,,11.2957068,119.4270328,https://www.google.com/maps/place/Balili+Eco+Farm+%26+Leisure/data=!4m11!3m10!1s0x33b70732196d27f5:0xbab56201253f2fdc!5m3!1s2026-10-31!4m1!1i2!8m2!3d11.2957068!4d119.4270328!16s%2Fg%2F11gxjxsbzm!19sChIJ9SdtGTIHtzMR3C8_JQFitbo?authuser=0&hl=en&rclk=1,"public wifi in El Nido, Palawan, Philippines",El Nido
Kalinaw Stay and Cafe,4.4,(8),,,,,Public Wi-Fi,,,https://lh3.googleusercontent.com/gps-proxy/ALd4DhHqugcKls_sPKzbNglmQ7X6ybwsHDNdKbOgeyxLoba0ZQLkgb0EIYGIFAMCxplNvNCQNglQ3wiHMvo-3xwRzzuEZSlfQY1-kSFnkN9EGys-vq9Z_0PPQegL4j3FgH2ygcf9Rlp6DENxLs7SKnHOkzw1bM3i6Gi8TPuxUXwRfc2G7ubu3QNal4DvEA=w1600-h1200-k-no,,,11.319775,119.475631,https://www.google.com/maps/place/Kalinaw+Stay+and+Cafe/data=!4m11!3m10!1s0x33b707e2925eeeb7:0x6b66a751c8276415!5m3!1s2026-10-31!4m1!1i2!8m2!3d11.319775!4d119.475631!16s%2Fg%2F11j248n25t!19sChIJt-5ekuIHtzMRFWQnyFGnZms?authuser=0&hl=en&rclk=1,"public wifi in El Nido, Palawan, Philippines",El Nido
Zhaya's Beach Cottages & Restobar,4.3,(89),,,,,Public Wi-Fi,,,https://lh3.googleusercontent.com/gps-cs-s/APNQkAHZnMexYKp_X4pbuz8Tt3obKreclTpyJIxrqgqIFWEQtWr2NUFZvQaw7S5qavCz6XAjv9YlDHnlIqwarZGOoSOceDv2Ij9nHpVdwdU9vMwrCm3ZZwA4O7CI_x8myUFKKDb6vEEnhxe7EtIZ=w1600-h1200-k-no,,,11.3322917,119.4522034,https://www.google.com/maps/place/Zhaya%27s+Beach+Cottages+%26+Restobar/data=!4m11!3m10!1s0x33b707e3308824dd:0xc972826fb203452e!5m3!1s2026-10-31!4m1!1i2!8m2!3d11.3322917!4d119.4522034!16s%2Fg%2F11fps4czht!19sChIJ3SSIMOMHtzMRLkUDsm-Ccsk?authuser=0&hl=en&rclk=1,"public wifi in El Nido, Palawan, Philippines",El Nido
Bucana beachfront guesthouse,4.2,(91),,,,,Public Wi-Fi,,,https://lh3.googleusercontent.com/gps-cs-s/APNQkAE3X_LYHQoFdW5QAvk-F2y_mjqpCPPqEeXSE8KM0G4V6sZpNGc56zVS0T2X-6OFbegMSxeZ_xYbvRHQTPh34j4Y5HEpIBp57OcwAFHfEEfK4vk-jLbrqMFchjXr403snDmE6QOW=w1600-h1200-k-no,,,11.3314904,119.4475113,https://www.google.com/maps/place/Bucana+beachfront+guesthouse/data=!4m11!3m10!1s0x33b707bbed1a6f67:0xb83231745c23402!5m3!1s2026-10-31!4m1!1i2!8m2!3d11.3314904!4d119.4475113!16s%2Fg%2F11f5ly8h2d!19sChIJZ28a7bsHtzMRAjTCRRcjgws?authuser=0&hl=en&rclk=1,"public wifi in El Nido, Palawan, Philippines",El Nido
Mad Monkey Nacpan Beach,4.4,"(1,343)",,,,,Public Wi-Fi,,,https://lh3.googleusercontent.com/gps-cs-s/APNQkAGWV3xzP_2_pglBIjM0kz56bZKQcMAt6RwfwL8zzYyiVmfqGA-f-WONc4tlhaCDxTyYLXBUdsbpabvr3m_6dU9URui143B0Xp1tSTAEc-d-bW6v6cfTPLBtIERRbxi7Zsk_ktOTfvE00Wo=w1600-h1200-k-no,,,11.311396,119.419167,https://www.google.com/maps/place/Mad+Monkey+Nacpan+Beach/data=!4m11!3m10!1s0x33b7077d46d19ceb:0x220a5e7efe68bb84!5m3!1s2026-10-31!4m1!1i2!8m2!3d11.311396!4d119.419167!16s%2Fg%2F11g8720vl1!19sChIJ65zRRn0HtzMRhLto_n5eCiI?authuser=0&hl=en&rclk=1,"public wifi in El Nido, Palawan, Philippines",El Nido
Gizmobile Elnido,4.3,(143),928 507 0986,https://wa.me/9285070986,,https://www.facebook.com/Gizmobilerepairhubelnido,Sim Card,0928 507 0986,https://www.facebook.com/Gizmobilerepairhubelnido,,,,11.1773072,119.3904501,https://www.google.com/maps/place/Gizmobile+Elnido/data=!4m7!3m6!1s0x33b655093c482e29:0x9656aeb287359b95!8m2!3d11.1773072!4d119.3904501!16s%2Fg%2F11k_1wgtbw!19sChIJKS5IPAlVtjMRlZs1h7KuVpY?authuser=0&hl=en&rclk=1,"sim card in El Nido, Palawan, Philippines",El Nido
El Nido Internet Clinic,4.5,(4),939 325 3131,https://wa.me/9393253131,,https://www.facebook.com/elnidointernetclinic,Sim Card,0939 325 3131,https://www.facebook.com/elnidointernetclinic,,,,11.1800302,119.389851,https://www.google.com/maps/place/El+Nido+Internet+Clinic/data=!4m7!3m6!1s0x33b6550069403f43:0x3b4bf3eaeab6ab4b!8m2!3d11.1800302!4d119.389851!16s%2Fg%2F11y3n74b8q!19sChIJQz9AaQBVtjMRS6u26urzSzs?authuser=0&hl=en&rclk=1,"sim card in El Nido, Palawan, Philippines",El Nido
RJ Convenience Store,4.5,(2),,,,,Convenience Store,,,,,,11.1803635,119.3893223,https://www.google.com/maps/place/RJ+Convenience+Store/data=!4m7!3m6!1s0x33b655008d17b2f5:0x7f27ba04cbc2f02!8m2!3d11.1803635!4d119.3893223!16s%2Fg%2F11s4ymnwm3!19sChIJ9bIXjQBVtjMRAi-8TKB78gc?authuser=0&hl=en&rclk=1,"convenience store in El Nido, Palawan, Philippines",El Nido
Inggo Grocery Store,4.1,(19),,,,,Convenience Store,,,,,,11.1803177,119.3905813,https://www.google.com/maps/place/Inggo+Grocery+Store/data=!4m7!3m6!1s0x33b65515befcfd37:0x56a7da9c4316ef3b!8m2!3d11.1803177!4d119.3905813!16s%2Fg%2F11f3p1j8xs!19sChIJN_38vhVVtjMRO-8WQ5zap1Y?authuser=0&hl=en&rclk=1,"convenience store in El Nido, Palawan, Philippines",El Nido
Pitstop El Nido Convenience Store,5.0,(4),975 709 6870,https://wa.me/9757096870,,,Convenience Store,0975 709 6870,,,,,11.183879,119.3945854,https://www.google.com/maps/place/Pitstop+El+Nido+Convenience+Store/data=!4m7!3m6!1s0x33b655df274a603d:0xff57823e8cc3a9cd!8m2!3d11.183879!4d119.3945854!16s%2Fg%2F11m_5rckx8!19sChIJPWBKJ99VtjMRzanDjD6CV_8?authuser=0&hl=en&rclk=1,"convenience store in El Nido, Palawan, Philippines",El Nido
Prince Hypermart El Nido,3.8,(391),,,,,Convenience Store,,,,,,11.1770243,119.3909136,https://www.google.com/maps/place/Prince+Hypermart+El+Nido/data=!4m7!3m6!1s0x33b65545ff239347:0x148448b43076905!8m2!3d11.1770243!4d119.3909136!16s%2Fg%2F11s5tn2zzb!19sChIJR5Mj_0VVtjMRBWkHQ4tESAE?authuser=0&hl=en&rclk=1,"convenience store in El Nido, Palawan, Philippines",El Nido
Ulanday's Store,5.0,(2),,,,,Convenience Store,,,,,,11.1796724,119.3872092,https://www.google.com/maps/place/Ulanday%27s+Store/data=!4m7!3m6!1s0x33b655165ec2b6cb:0x20f04c497dcc35a3!8m2!3d11.1796724!4d119.3872092!16s%2Fg%2F11f4qhmt87!19sChIJy7bCXhZVtjMRozXMfUlM8CA?authuser=0&hl=en&rclk=1,"convenience store in El Nido, Palawan, Philippines",El Nido
88 minimart,5.0,(3),909 037 4130,https://wa.me/9090374130,,,Convenience Store,88 minimart  5,,,,,11.180505,119.3915007,https://www.google.com/maps/place/88+minimart/data=!4m7!3m6!1s0x33b655b5e2683279:0xdc63a481cb409e8a!8m2!3d11.180505!4d119.3915007!16s%2Fg%2F11rr5kkvkl!19sChIJeTJo4rVVtjMRip5Ay4GkY9w?authuser=0&hl=en&rclk=1,"convenience store in El Nido, Palawan, Philippines",El Nido
La Tienda Delicatessen,4.3,(48),975 484 5496,https://wa.me/9754845496,,,Convenience Store,0975 484 5496,https://latiendadeli-elnido.weebly.com/,,,,11.1797774,119.3895177,https://www.google.com/maps/place/La+Tienda+Delicatessen/data=!4m7!3m6!1s0x33b6550df51e5e59:0xd292e000246de4c!8m2!3d11.1797774!4d119.3895177!16s%2Fg%2F11g2326t1s!19sChIJWV4e9Q1VtjMRTN5GAgAuKQ0?authuser=0&hl=en&rclk=1,"convenience store in El Nido, Palawan, Philippines",El Nido
MAK convenience store,4.3,(4),,,,,Convenience Store,,,,,,11.1706412,119.3949031,https://www.google.com/maps/place/MAK+convenience+store/data=!4m7!3m6!1s0x33b65528c85641f1:0x6f580365e2f56efc!8m2!3d11.1706412!4d119.3949031!16s%2Fg%2F11hpgks5vr!19sChIJ8UFWyChVtjMR_G714mUDWG8?authuser=0&hl=en&rclk=1,"convenience store in El Nido, Palawan, Philippines",El Nido
Bobolongan Convenience Store (BCS),5.0,(1),,,,,Convenience Store,,,,,,11.155635,119.40674,https://www.google.com/maps/place/Bobolongan+Convenience+Store+%28BCS%29/data=!4m7!3m6!1s0x33b655899867db6d:0x2c86fbce070ff413!8m2!3d11.155635!4d119.40674!16s%2Fg%2F11rj62k2vr!19sChIJbdtnmIlVtjMRE_QPB877hiw?authuser=0&hl=en&rclk=1,"convenience store in El Nido, Palawan, Philippines",El Nido
JEMS STORE,4.0,(1),,,,,Convenience Store,,,,,,11.1684766,119.3968437,https://www.google.com/maps/place/JEMS+STORE/data=!4m7!3m6!1s0x33b655978569d959:0xc7964baca6d58abd!8m2!3d11.1684766!4d119.3968437!16s%2Fg%2F11st8gj4lm!19sChIJWdlphZdVtjMRvYrVpqxLlsc?authuser=0&hl=en&rclk=1,"convenience store in El Nido, Palawan, Philippines",El Nido
Apolinario Store,5.0,(2),,,,,Convenience Store,,,,,,11.1563081,119.4072071,https://www.google.com/maps/place/Apolinario+Store/data=!4m7!3m6!1s0x33b6556463ed7a55:0x554436381ee7dcdd!8m2!3d11.1563081!4d119.4072071!16s%2Fg%2F11smy17q9n!19sChIJVXrtY2RVtjMR3dznHjg2RFU?authuser=0&hl=en&rclk=1,"convenience store in El Nido, Palawan, Philippines",El Nido
El Nido Public Market,4.0,(468),,,,,Convenience Store,,,,,,11.1712446,119.3942454,https://www.google.com/maps/place/El+Nido+Public+Market/data=!4m7!3m6!1s0x33b65512a9be9293:0x995e93bd4655b2c0!8m2!3d11.1712446!4d119.3942454!16s%2Fg%2F12m9hxl5_!19sChIJk5K-qRJVtjMRwLJVRr2TXpk?authuser=0&hl=en&rclk=1,"convenience store in El Nido, Palawan, Philippines",El Nido
Las cabanas mini store,4.3,(3),,,,,Convenience Store,,,,,,11.1446121,119.3941117,https://www.google.com/maps/place/Las+cabanas+mini+store/data=!4m7!3m6!1s0x33b655005a315577:0x5863c22e3b992d23!8m2!3d11.1446121!4d119.3941117!16s%2Fg%2F11y0qxb6wp!19sChIJd1UxWgBVtjMRIy2ZOy7CY1g?authuser=0&hl=en&rclk=1,"convenience store in El Nido, Palawan, Philippines",El Nido
Peruvian Minimart,4.5,(2),966 574 5302,https://wa.me/9665745302,,,Convenience Store,0966 574 5302,,,,,11.1994111,119.4238677,https://www.google.com/maps/place/Peruvian+Minimart/data=!4m7!3m6!1s0x33b701c8027b0d2f:0x51fc3c88ba8f3c1b!8m2!3d11.1994111!4d119.4238677!16s%2Fg%2F11xct7nkn3!19sChIJLw17AsgBtzMRGzyPuog8_FE?authuser=0&hl=en&rclk=1,"convenience store in El Nido, Palawan, Philippines",El Nido
A & J Store,5.0,(1),,,,,Convenience Store,,,,,,11.1691416,119.395911,https://www.google.com/maps/place/A+%26+J+Store/data=!4m7!3m6!1s0x33b65572c33e6161:0xf7aae625ed8a44a2!8m2!3d11.1691416!4d119.395911!16s%2Fg%2F11y1cyqxh9!19sChIJYWE-w3JVtjMRokSK7SXmqvc?authuser=0&hl=en&rclk=1,"convenience store in El Nido, Palawan, Philippines",El Nido
CB Cafe,4.4,(105),,,,,Convenience Store,,,,,,11.1793768,119.3893318,https://www.google.com/maps/place/CB+Cafe/data=!4m7!3m6!1s0x33b65515d319177b:0x5782eb9ddebe46f6!8m2!3d11.1793768!4d119.3893318!16s%2Fg%2F11dxsrmhhh!19sChIJexcZ0xVVtjMR9ka-3p3rglc?authuser=0&hl=en&rclk=1,"convenience store in El Nido, Palawan, Philippines",El Nido
Bentabox Specialty Store El Nido,3.8,(6),995 091 9182,https://wa.me/9950919182,,https://www.facebook.com/bentaboxElnido/,Convenience Store,0995 091 9182,https://www.facebook.com/bentaboxElnido/,,,,11.1974506,119.4219793,https://www.google.com/maps/place/Bentabox+Specialty+Store+El+Nido/data=!4m7!3m6!1s0x33b6555e669eca77:0x46b2cad0ff0bd1a!8m2!3d11.1974506!4d119.4219793!16s%2Fg%2F11lkhmtzpw!19sChIJd8qeZl5VtjMRGr3wD60sawQ?authuser=0&hl=en&rclk=1,"convenience store in El Nido, Palawan, Philippines",El Nido
Water Market,3.7,(15),,,,,Convenience Store,,,,,,11.191326,119.4155632,https://www.google.com/maps/place/Water+Market/data=!4m7!3m6!1s0x33b65550a4578709:0xde7dc5341065644b!8m2!3d11.191326!4d119.4155632!16s%2Fg%2F11f0kt57st!19sChIJCYdXpFBVtjMRS2RlEDTFfd4?authuser=0&hl=en&rclk=1,"convenience store in El Nido, Palawan, Philippines",El Nido
Blackbird Coffee,4.7,(232),919 061 1763,https://wa.me/9190611763,,,Convenience Store,0919 061 1763,http://instagram.com/blackbird.elnido,,,,11.1778355,119.3903581,https://www.google.com/maps/place/Blackbird+Coffee/data=!4m7!3m6!1s0x33b655e8c6a8dba3:0x338070018e587b5a!8m2!3d11.1778355!4d119.3903581!16s%2Fg%2F11l5hwt5nr!19sChIJo9uoxuhVtjMRWntYjgFwgDM?authuser=0&hl=en&rclk=1,"convenience store in El Nido, Palawan, Philippines",El Nido
"Elara Cafe & Convinience Store,VALUE MEAL & BURGERS",4.6,(15),910 502 3552,https://wa.me/9105023552,,,Convenience Store,0910 502 3552,,,,,11.1557854,119.3992662,"https://www.google.com/maps/place/Elara+Cafe+%26+Convinience+Store,VALUE+MEAL+%26+BURGERS/data=!4m7!3m6!1s0x33b6556102641287:0x4ba4aaf53eb4e59b!8m2!3d11.1557854!4d119.3992662!16s%2Fg%2F11kc2nt_2t!19sChIJhxJkAmFVtjMRm-W0PvWqpEs?authuser=0&hl=en&rclk=1","convenience store in El Nido, Palawan, Philippines",El Nido
Rituals Cafe,4.4,(86),921 534 8325,https://wa.me/9215348325,,,Convenience Store,0921 534 8325,,,,,11.1837669,119.3930742,https://www.google.com/maps/place/Rituals+Cafe/data=!4m7!3m6!1s0x33b65569530609b9:0xdaf586bc8ca561cc!8m2!3d11.1837669!4d119.3930742!16s%2Fg%2F11y30bxs51!19sChIJuQkGU2lVtjMRzGGljLyG9do?authuser=0&hl=en&rclk=1,"convenience store in El Nido, Palawan, Philippines",El Nido
AVELINE JAY STORE,5.0,(1),,,,,Convenience Store,,,,,,11.1980471,119.4220888,https://www.google.com/maps/place/AVELINE+JAY+STORE/data=!4m7!3m6!1s0x33b6fffe231c593f:0xd44b4cc3d936ecd7!8m2!3d11.1980471!4d119.4220888!16s%2Fg%2F11xvy9rk7g!19sChIJP1kcI_7_tjMR1-w22cNMS9Q?authuser=0&hl=en&rclk=1,"convenience store in El Nido, Palawan, Philippines",El Nido
The Food Truck @ El Nido,4.7,"(1,627)",,,,,Convenience Store,,,,,,11.1815229,119.3917336,https://www.google.com/maps/place/The+Food+Truck+@+El+Nido/data=!4m7!3m6!1s0x33b6556e623b466b:0xce8da57e878c7836!8m2!3d11.1815229!4d119.3917336!16s%2Fg%2F11s8y3hp16!19sChIJa0Y7Ym5VtjMRNniMh36ljc4?authuser=0&hl=en&rclk=1,"convenience store in El Nido, Palawan, Philippines",El Nido
Hermoso Residence (store),4.0,(1),,,,,Convenience Store,,,,,,11.1995751,119.4253469,https://www.google.com/maps/place/Hermoso+Residence+%28store%29/data=!4m7!3m6!1s0x33b701005e9589bd:0x629183c7fc9f775!8m2!3d11.1995751!4d119.4253469!16s%2Fg%2F11xrqhctdn!19sChIJvYmVXgABtzMRdffJfzwYKQY?authuser=0&hl=en&rclk=1,"convenience store in El Nido, Palawan, Philippines",El Nido
Salazar Store,5.0,(1),,,,,Convenience Store,,,,,,11.2079352,119.4248581,https://www.google.com/maps/place/Salazar+Store/data=!4m7!3m6!1s0x33b70005f235ee4d:0x1b676c9134044615!8m2!3d11.2079352!4d119.4248581!16s%2Fg%2F11ggjdb06p!19sChIJTe418gUAtzMRFUYENJFsZxs?authuser=0&hl=en&rclk=1,"convenience store in El Nido, Palawan, Philippines",El Nido
"Hello El Nido Travel, Tours & Transport",4.5,(130),929 182 8638,https://wa.me/9291828638,,,Convenience Store,074 Real St,http://helloelnido.com/,,,,11.1797414,119.3884335,"https://www.google.com/maps/place/Hello+El+Nido+Travel,+Tours+%26+Transport/data=!4m7!3m6!1s0x33b655167b5a7b7f:0xa15dbf0fdca662ec!8m2!3d11.1797414!4d119.3884335!16s%2Fg%2F11clyvqzvm!19sChIJf3taexZVtjMR7GKm3A-_XaE?authuser=0&hl=en&rclk=1","convenience store in El Nido, Palawan, Philippines",El Nido
Odessa Mama Cafe and Boodmo Brewery,4.7,"(1,225)",961 502 7952,https://wa.me/9615027952,,https://web.facebook.com/OdessaMamaCafeBoodmoBrewery/?_rdc=1&_rdr,Convenience Store,1 C,https://web.facebook.com/OdessaMamaCafeBoodmoBrewery/?_rdc=1&_rdr,,,,11.1803381,119.3894389,https://www.google.com/maps/place/Odessa+Mama+Cafe+and+Boodmo+Brewery/data=!4m7!3m6!1s0x33b65515dc487a19:0xf1ec4c764b5e88d3!8m2!3d11.1803381!4d119.3894389!16s%2Fg%2F11c42bfzng!19sChIJGXpI3BVVtjMR04heS3ZM7PE?authuser=0&hl=en&rclk=1,"convenience store in El Nido, Palawan, Philippines",El Nido
Lazy Hammock Cafe,4.6,(261),998 467 6300,https://wa.me/9984676300,,,Convenience Store,22 Vanilla Beach Sitio Marimegmeg,,,,,11.1467019,119.3983249,https://www.google.com/maps/place/Lazy+Hammock+Cafe/data=!4m7!3m6!1s0x33b655d63021d539:0x7682bd0e8afd058d!8m2!3d11.1467019!4d119.3983249!16s%2Fg%2F11fs8r2lqn!19sChIJOdUhMNZVtjMRjQX9ig69gnY?authuser=0&hl=en&rclk=1,"convenience store in El Nido, Palawan, Philippines",El Nido
DRYFT Fish,4.8,(639),939 772 4154,https://wa.me/9397724154,,,Convenience Store,0939 772 4154,,,,,11.180601,119.3903539,https://www.google.com/maps/place/DRYFT+Fish/data=!4m7!3m6!1s0x33b655340ea2b841:0x75232a2d30f6d9d8!8m2!3d11.180601!4d119.3903539!16s%2Fg%2F11tj550b7d!19sChIJQbiiDjRVtjMR2Nn2MC0qI3U?authuser=0&hl=en&rclk=1,"convenience store in El Nido, Palawan, Philippines",El Nido
"Sitio Uno Lio, El Nido",5.0,(4),,,,,Convenience Store,,,,,,11.204306,119.4232214,"https://www.google.com/maps/place/Sitio+Uno+Lio,+El+Nido/data=!4m7!3m6!1s0x33b701df2b42ccaf:0x3ef18a9e434eaf35!8m2!3d11.204306!4d119.4232214!16s%2Fg%2F11sn_bqq4j!19sChIJr8xCK98BtzMRNa9OQ56K8T4?authuser=0&hl=en&rclk=1","convenience store in El Nido, Palawan, Philippines",El Nido
"Taste El Nido, 100% Plant-Based Cafe",4.5,(799),912 300 3730,https://wa.me/9123003730,,,Convenience Store,1028 Rizal St,https://facebook.com/pages/category/Restaurant/Taste-El-Nido-976771779150709/?_rdc=1&_rdr,,,,11.1794547,119.3895829,"https://www.google.com/maps/place/Taste+El+Nido,+100%25+Plant-Based+Cafe/data=!4m7!3m6!1s0x33b655904b5cc125:0x41e60ca591248396!8m2!3d11.1794547!4d119.3895829!16s%2Fg%2F11f89rk8j4!19sChIJJcFcS5BVtjMRloMkkaUM5kE?authuser=0&hl=en&rclk=1","convenience store in El Nido, Palawan, Philippines",El Nido
Tutto Passa,4.7,"(1,349)",915 751 0735,https://wa.me/9157510735,,,Convenience Store,0915 751 0735,https://sites.google.com/view/tuttopassa/home,,,,11.1836798,119.3932183,https://www.google.com/maps/place/Tutto+Passa/data=!4m7!3m6!1s0x33b655fe3a8a18a1:0x6e898505f81df79e!8m2!3d11.1836798!4d119.3932183!16s%2Fg%2F11ld99tp1l!19sChIJoRiKOv5VtjMRnvcd-AWFiW4?authuser=0&hl=en&rclk=1,"convenience store in El Nido, Palawan, Philippines",El Nido
Morgan Villas Boutique Hotel,4.9,(198),917 568 3668,https://wa.me/9175683668,,,Convenience Store,0917 568 3668,https://morganvillas.com/,,,,11.1861871,119.3925705,https://www.google.com/maps/place/Morgan+Villas+Boutique+Hotel/data=!4m11!3m10!1s0x33b655a3c1327e8f:0x27acd8af2f24d12d!5m3!1s2026-10-31!4m1!1i2!8m2!3d11.1861871!4d119.3925705!16s%2Fg%2F11vx3wp2m9!19sChIJj34ywaNVtjMRLdEkL6_YrCc?authuser=0&hl=en&rclk=1,"convenience store in El Nido, Palawan, Philippines",El Nido
Kennjay Store,5.0,(1),,,,,Convenience Store,,,,,,11.3048198,119.4517865,https://www.google.com/maps/place/Kennjay+Store/data=!4m7!3m6!1s0x33b7071aa2731661:0x52b9a25f57b61863!8m2!3d11.3048198!4d119.4517865!16s%2Fg%2F11pplh4hhc!19sChIJYRZzohoHtzMRYxi2V1-iuVI?authuser=0&hl=en&rclk=1,"convenience store in El Nido, Palawan, Philippines",El Nido
TownSquare,4.5,(70),,,,,Convenience Store,,,,,,11.1837132,119.3929622,https://www.google.com/maps/place/TownSquare/data=!4m7!3m6!1s0x33b6553f64bd797f:0x7e981ee6d00e46a6!8m2!3d11.1837132!4d119.3929622!16s%2Fg%2F11v6h0mh7h!19sChIJf3m9ZD9VtjMRpkYO0OYemH4?authuser=0&hl=en&rclk=1,"convenience store in El Nido, Palawan, Philippines",El Nido
Gorgonzola Pizza & Pasta,4.2,"(1,369)",927 234 6845,https://wa.me/9272346845,https://www.instagram.com/gorgonzola.ph/,,Convenience Store,0927 234 6845,https://www.instagram.com/gorgonzola.ph/,,,,11.1816328,119.3917498,https://www.google.com/maps/place/Gorgonzola+Pizza+%26+Pasta/data=!4m7!3m6!1s0x33b6552e828b3d5b:0x13bf5be95967dbce!8m2!3d11.1816328!4d119.3917498!16s%2Fg%2F11s1pzr88m!19sChIJWz2Lgi5VtjMRzttnWelbvxM?authuser=0&hl=en&rclk=1,"convenience store in El Nido, Palawan, Philippines",El Nido
Republica Sunset Bar,4.3,(288),,,,,Convenience Store,,,,,,11.158387,119.3977832,https://www.google.com/maps/place/Republica+Sunset+Bar/data=!4m7!3m6!1s0x33b655759c2469ad:0x4ec07e8e9d098fa1!8m2!3d11.158387!4d119.3977832!16s%2Fg%2F11cst1f6ns!19sChIJrWkknHVVtjMRoY8JnY5-wE4?authuser=0&hl=en&rclk=1,"convenience store in El Nido, Palawan, Philippines",El Nido
Janina Sari Sari Store,5.0,(1),907 220 3673,https://wa.me/9072203673,,https://www.facebook.com/janmarie.canete?mibextid=7cd5pb,Convenience Store,,https://www.facebook.com/janmarie.canete?mibextid=7cd5pb,,,,11.3325049,119.4537798,https://www.google.com/maps/place/Janina+Sari+Sari+Store/data=!4m7!3m6!1s0x33b707935eedaf25:0xd210771765d16619!8m2!3d11.3325049!4d119.4537798!16s%2Fg%2F11vdmtlf7r!19sChIJJa_tXpMHtzMRGWbRZRd3ENI?authuser=0&hl=en&rclk=1,"convenience store in El Nido, Palawan, Philippines",El Nido
Klean Bubbles Laundry Shop El Nido,4.8,(794),916 320 1002,https://wa.me/9163201002,,https://www.facebook.com/profile.php?id=61552746659381&mibextid=ZbWKwL,Laundry,,https://www.facebook.com/profile.php?id=61552746659381&mibextid=ZbWKwL,,,,11.1813564,119.3912886,https://www.google.com/maps/place/Klean+Bubbles+Laundry+Shop+El+Nido/data=!4m7!3m6!1s0x33b6558cc06e2c3d:0x3b157fc9de920c5b!8m2!3d11.1813564!4d119.3912886!16s%2Fg%2F11y1mq3dp7!19sChIJPSxuwIxVtjMRWwyS3sl_FTs?authuser=0&hl=en&rclk=1,"laundry in El Nido, Palawan, Philippines",El Nido
Bubble's Laundry Service,4.2,(58),905 859 6090,https://wa.me/9058596090,,https://www.facebook.com/share/1ArFkkdsAT/?mibextid=LQQJ4d,Laundry,,https://www.facebook.com/share/1ArFkkdsAT/?mibextid=LQQJ4d,,,,11.1789721,119.3902206,https://www.google.com/maps/place/Bubble%27s+Laundry+Service/data=!4m7!3m6!1s0x33b655ad7e7a1c29:0x961fd82f3e56032c!8m2!3d11.1789721!4d119.3902206!16s%2Fg%2F11vwpg1b87!19sChIJKRx6fq1VtjMRLANWPi_YH5Y?authuser=0&hl=en&rclk=1,"laundry in El Nido, Palawan, Philippines",El Nido
David's Laundry Service,4.8,(103),905 547 8875,https://wa.me/9055478875,,https://www.facebook.com/share/15df42omEP/,Laundry,0905 547 8875,https://www.facebook.com/share/15df42omEP/,,,,11.1803853,119.3889971,https://www.google.com/maps/place/David%27s+Laundry+Service/data=!4m7!3m6!1s0x33b655dfc3bfcb1f:0xca13e836b88390b9!8m2!3d11.1803853!4d119.3889971!16s%2Fg%2F11lyj5lbhw!19sChIJH8u_w99VtjMRuZCDuDboE8o?authuser=0&hl=en&rclk=1,"laundry in El Nido, Palawan, Philippines",El Nido
Nonstop Laundry Shop El Nido,4.4,(155),945 991 3571,https://wa.me/9459913571,,,Laundry,0945 991 3571,,,,,11.1800429,119.3898924,https://www.google.com/maps/place/Nonstop+Laundry+Shop+El+Nido/data=!4m7!3m6!1s0x33b655c4574fdf67:0xdeb42cf1013b35d1!8m2!3d11.1800429!4d119.3898924!16s%2Fg%2F11kq9cf38r!19sChIJZ99PV8RVtjMR0TU7AfEstN4?authuser=0&hl=en&rclk=1,"laundry in El Nido, Palawan, Philippines",El Nido
Weclean El Nido Town,4.7,(231),917 624 7132,https://wa.me/9176247132,,,Laundry,,http://www.weclean.com.ph/,,,,11.1721623,119.3944604,https://www.google.com/maps/place/Weclean+El+Nido+Town/data=!4m7!3m6!1s0x33b655664f01deb1:0x8377c5810fc0d215!8m2!3d11.1721623!4d119.3944604!16s%2Fg%2F11v0gm8sbb!19sChIJsd4BT2ZVtjMRFdLAD4HFd4M?authuser=0&hl=en&rclk=1,"laundry in El Nido, Palawan, Philippines",El Nido
Dane Laundry,4.4,(33),,,,,Laundry,,,,,,11.1754041,119.3913061,https://www.google.com/maps/place/Dane+Laundry/data=!4m7!3m6!1s0x33b655093873d56f:0x6ee2fb69abd216f9!8m2!3d11.1754041!4d119.3913061!16s%2Fg%2F11twtmxm86!19sChIJb9VzOAlVtjMR-RbSq2n74m4?authuser=0&hl=en&rclk=1,"laundry in El Nido, Palawan, Philippines",El Nido
Top Wash Laundry El Nido,3.5,(31),956 386 3825,https://wa.me/9563863825,,,Laundry,,,,,,11.1812748,119.3914448,https://www.google.com/maps/place/Top+Wash+Laundry+El+Nido/data=!4m7!3m6!1s0x33b6557c5e196637:0x3c7ea8330ee29bb9!8m2!3d11.1812748!4d119.3914448!16s%2Fg%2F11wqmq733k!19sChIJN2YZXnxVtjMRuZviDjOofjw?authuser=0&hl=en&rclk=1,"laundry in El Nido, Palawan, Philippines",El Nido
Weclean El Nido Lio,4.6,(69),917 624 7132,https://wa.me/9176247132,,,Laundry,0917 624 7132,http://www.weclean.com.ph/,,,,11.1975643,119.4219903,https://www.google.com/maps/place/Weclean+El+Nido+Lio/data=!4m7!3m6!1s0x33b70165d909d3dd:0x73d9e60200dca6f5!8m2!3d11.1975643!4d119.4219903!16s%2Fg%2F11kpy2k41z!19sChIJ3dMJ2WUBtzMR9abcAALm2XM?authuser=0&hl=en&rclk=1,"laundry in El Nido, Palawan, Philippines",El Nido
Bubbleup,4.5,(15),,,,,Laundry,,,,,,11.1558226,119.3989531,https://www.google.com/maps/place/Bubbleup/data=!4m7!3m6!1s0x33b655000295de19:0x29d0dbfc86820d3!8m2!3d11.1558226!4d119.3989531!16s%2Fg%2F11mczfdgsn!19sChIJGd6VAgBVtjMR0yBoyL8NnQI?authuser=0&hl=en&rclk=1,"laundry in El Nido, Palawan, Philippines",El Nido
RANIYAHS LAUNDRY SHOP,4.3,(8),917 896 8654,https://wa.me/9178968654,,,Laundry,0917 896 8654,,,,,11.1854931,119.4058508,https://www.google.com/maps/place/RANIYAHS+LAUNDRY+SHOP/data=!4m7!3m6!1s0x33b65512619b499f:0x18fdc810286a0ef1!8m2!3d11.1854931!4d119.4058508!16s%2Fg%2F11fplb2y8b!19sChIJn0mbYRJVtjMR8Q5qKBDI_Rg?authuser=0&hl=en&rclk=1,"laundry in El Nido, Palawan, Philippines",El Nido
Soapy Dreams Laundry,4.1,(18),968 300 8770,https://wa.me/9683008770,,,Laundry,0968 300 8770,,,,,11.1977579,119.4222254,https://www.google.com/maps/place/Soapy+Dreams+Laundry/data=!4m7!3m6!1s0x33b6ffc6db7100ff:0x7695f6b17d918b99!8m2!3d11.1977579!4d119.4222254!16s%2Fg%2F11l6w53x3w!19sChIJ_wBx28b_tjMRmYuRfbH2lXY?authuser=0&hl=en&rclk=1,"laundry in El Nido, Palawan, Philippines",El Nido
TownSquare Public Toilet,5.0,(6),,,,,Public Restroom,83 Barangay Masagana,,,,,11.1837631,119.3932917,https://www.google.com/maps/place/TownSquare+Public+Toilet/data=!4m7!3m6!1s0x33b655bed5291715:0x4e9097cf1b08e00!8m2!3d11.1837631!4d119.3932917!16s%2Fg%2F11ks82vqqb!19sChIJFRcp1b5VtjMRAI6w8XwJ6QQ?authuser=0&hl=en&rclk=1,"public restroom in El Nido, Palawan, Philippines",El Nido
Lio Beach Restrooms,4.3,(4),,,,,Public Restroom,,,,,,11.2081767,119.4167633,https://www.google.com/maps/place/Lio+Beach+Restrooms/data=!4m7!3m6!1s0x33b7abfdee919a07:0x32252cdefc448f0a!8m2!3d11.2081767!4d119.4167633!16s%2Fg%2F11kbn66xw9!19sChIJB5qR7v2rtzMRCo9E_N4sJTI?authuser=0&hl=en&rclk=1,"public restroom in El Nido, Palawan, Philippines",El Nido
I ❤️ underground river toilet and snacks,5.0,(1),,,,,Public Restroom,,,,,,10.0274851,119.1221186,https://www.google.com/maps/place/I+%E2%9D%A4%EF%B8%8F+underground+river+toilet+and+snacks/data=!4m7!3m6!1s0x33b5a3000176dca3:0x4353de101eb20755!8m2!3d10.0274851!4d119.1221186!16s%2Fg%2F11z4w44k8s!19sChIJo9x2AQCjtTMRVQeyHhDeU0M?authuser=0&hl=en&rclk=1,"public restroom in El Nido, Palawan, Philippines",El Nido
Manalon Mini-store and clean toilet/bus stop,4.8,(4),,,,,Public Restroom,,,,,,10.02731,119.122459,https://www.google.com/maps/place/Manalon+Mini-store+and+clean+toilet%2Fbus+stop/data=!4m7!3m6!1s0x33b5a3c14c1e15a1:0x731b24580d74bf46!8m2!3d10.02731!4d119.122459!16s%2Fg%2F11mtd4grql!19sChIJoRUeTMGjtTMRRr90DVgkG3M?authuser=0&hl=en&rclk=1,"public restroom in El Nido, Palawan, Philippines",El Nido
Bounce Luggage Storage - Near MCA Market Mall,4.6,(10),992 375 1851,https://wa.me/9923751851,,,Luggage Storage,0992 375 1851,https://bounce.com/stores/puerto-princesa/kLX0zh?utm_campaign=store_gmbs&utm_medium=website_url&utm_source=gmb,,,,9.7461042,118.7449098,https://www.google.com/maps/place/Bounce+Luggage+Storage+-+Near+MCA+Market+Mall/data=!4m7!3m6!1s0x33b56318386fe237:0x91da6d2e69e9a0a!8m2!3d9.7461042!4d118.7449098!16s%2Fg%2F11y8jjrgcf!19sChIJN-JvOBhjtTMRCpqe5tKmHQk?authuser=0&hl=en&rclk=1,"luggage storage in El Nido, Palawan, Philippines",El Nido
LFL Baggage Storage,5.0,(6),967 409 7513,https://wa.me/9674097513,,https://www.facebook.com/profile.php?id=61556553363959,Luggage Storage,,https://www.facebook.com/profile.php?id=61556553363959,,,,9.7617899,118.7543073,https://www.google.com/maps/place/LFL+Baggage+Storage/data=!4m7!3m6!1s0x33b5637a107a9d07:0xf72023a4bc75acd7!8m2!3d9.7617899!4d118.7543073!16s%2Fg%2F11w3lrrcp8!19sChIJB516EHpjtTMR16x1vKQjIPc?authuser=0&hl=en&rclk=1,"luggage storage in El Nido, Palawan, Philippines",El Nido
Beach Bus El Nido,4.9,(70),929 574 7724,https://wa.me/9295747724,,,Transportation,0929 574 7724,https://www.beachbus.ph/,,,,11.2043988,119.4244769,https://www.google.com/maps/place/Beach+Bus+El+Nido/data=!4m7!3m6!1s0x33b701dda66e7bf3:0x6a706075022e123f!8m2!3d11.2043988!4d119.4244769!16s%2Fg%2F11z4zshtd2!19sChIJ83tupt0BtzMRPxIuAnVgcGo?authuser=0&hl=en&rclk=1,"transportation in El Nido, Palawan, Philippines",El Nido
El Nido Bus Terminal,3.6,(97),,,,,Transportation,,,,,,11.1717192,119.3951534,https://www.google.com/maps/place/El+Nido+Bus+Terminal/data=!4m7!3m6!1s0x33b655b2c9eee5b7:0x34cc64b7e2244b08!8m2!3d11.1717192!4d119.3951534!16s%2Fg%2F11h35nlscf!19sChIJt-XuybJVtjMRCEsk4rdkzDQ?authuser=0&hl=en&rclk=1,"transportation in El Nido, Palawan, Philippines",El Nido
RMC VANRENTALS PALAWAN,5.0,(2),967 123 4967,https://wa.me/9671234967,,https://www.facebook.com/share/1BnVq3gw3T/?mibextid=wwXIfr,Transportation,,https://www.facebook.com/share/1BnVq3gw3T/?mibextid=wwXIfr,,,,11.1759893,119.3912284,https://www.google.com/maps/place/RMC+VANRENTALS+PALAWAN/data=!4m7!3m6!1s0x33b6550c39ae4437:0xc2de9159c97cf238!8m2!3d11.1759893!4d119.3912284!16s%2Fg%2F11yr4gn79j!19sChIJN0SuOQxVtjMROPJ8yVmR3sI?authuser=0&hl=en&rclk=1,"transportation in El Nido, Palawan, Philippines",El Nido
Beach Bus - TownSquare,5.0,(2),929 574 7724,https://wa.me/9295747724,,,Transportation,0929 574 7724,https://beachbus.ph/,,,,11.1837174,119.393086,https://www.google.com/maps/place/Beach+Bus+-+TownSquare/data=!4m7!3m6!1s0x33b6555c371da5cd:0x56a3d5acd14aff20!8m2!3d11.1837174!4d119.393086!16s%2Fg%2F11njqq8xqx!19sChIJzaUdN1xVtjMRIP9K0azVo1Y?authuser=0&hl=en&rclk=1,"transportation in El Nido, Palawan, Philippines",El Nido
Cherry Bus Terminal El Nido,3.5,(72),921 643 2542,https://wa.me/9216432542,,,Transportation,0921 643 2542,https://cherrybuspalawan.ph/,,,,11.1740717,119.3924222,https://www.google.com/maps/place/Cherry+Bus+Terminal+El+Nido/data=!4m7!3m6!1s0x33b655f7ebae77d1:0xf0fb337eec72a69b!8m2!3d11.1740717!4d119.3924222!16s%2Fg%2F11gs6xjs5w!19sChIJ0Xeu6_dVtjMRm6Zy7H4z-_A?authuser=0&hl=en&rclk=1,"transportation in El Nido, Palawan, Philippines",El Nido
El Nido Port,3.6,(252),,,,,Transportation,,,,,,11.1807551,119.3866404,https://www.google.com/maps/place/El+Nido+Port/data=!4m7!3m6!1s0x33b655163829f67d:0xa834a7d25956b99a!8m2!3d11.1807551!4d119.3866404!16s%2Fg%2F1tf7pp0g!19sChIJffYpOBZVtjMRmrlWWdKnNKg?authuser=0&hl=en&rclk=1,"transportation in El Nido, Palawan, Philippines",El Nido
El Nido Car Transfer Booking,5.0,(8),967 729 7499,https://wa.me/9677297499,,,Transportation,0967 729 7499,,,,,11.1790292,119.3900569,https://www.google.com/maps/place/El+Nido+Car+Transfer+Booking/data=!4m7!3m6!1s0x33b6555869920895:0x6ab1ff949942c13a!8m2!3d11.1790292!4d119.3900569!16s%2Fg%2F11kq6r2f6l!19sChIJlQiSaVhVtjMROsFCmZT_sWo?authuser=0&hl=en&rclk=1,"transportation in El Nido, Palawan, Philippines",El Nido
Lio Beach Shuttle,4.1,(7),,,,,Transportation,,,,,,11.18055,119.3917503,https://www.google.com/maps/place/Lio+Beach+Shuttle/data=!4m7!3m6!1s0x33b655bb5e694d9b:0xec20cdac64d66f2f!8m2!3d11.18055!4d119.3917503!16s%2Fg%2F11fp341xy4!19sChIJm01pXrtVtjMRL2_WZKzNIOw?authuser=0&hl=en&rclk=1,"transportation in El Nido, Palawan, Philippines",El Nido
Adrian's Travel & Tours,3.8,(4),929 126 5878,https://wa.me/9291265878,,,Transportation,57 Real St0929 126 5878,,,,,11.1799662,119.3867202,https://www.google.com/maps/place/Adrian%27s+Travel+%26+Tours/data=!4m7!3m6!1s0x33b655165a6f92b5:0xdf43c9243f08690e!8m2!3d11.1799662!4d119.3867202!16s%2Fg%2F11fmwqt1h6!19sChIJtZJvWhZVtjMRDmkIPyTJQ98?authuser=0&hl=en&rclk=1,"transportation in El Nido, Palawan, Philippines",El Nido
Airport Tricycle station,5.0,(9),,,,,Transportation,,,,,,11.2020789,119.4176045,https://www.google.com/maps/place/Airport+Tricycle+station/data=!4m7!3m6!1s0x33b7ab71c373ecb1:0xe5d07a7539b460ca!8m2!3d11.2020789!4d119.4176045!16s%2Fg%2F11ss57l0mh!19sChIJsexzw3GrtzMRymC0OXV60OU?authuser=0&hl=en&rclk=1,"transportation in El Nido, Palawan, Philippines",El Nido
Go Paradise Travel and Tours (El Nido),4.5,(181),,,,,Transportation,,http://www.goparadise.org/,,,,11.1799144,119.3896229,https://www.google.com/maps/place/Go+Paradise+Travel+and+Tours+%28El+Nido%29/data=!4m7!3m6!1s0x33b65515d17322cd:0x4a6853fbf9df2e73!8m2!3d11.1799144!4d119.3896229!16s%2Fg%2F11cn7btymm!19sChIJzSJz0RVVtjMRcy7f-ftTaEo?authuser=0&hl=en&rclk=1,"transportation in El Nido, Palawan, Philippines",El Nido
Soycar Transport Services,3.7,(3),927 224 4732,https://wa.me/9272244732,,,Transportation,0927 224 4732,,,,,11.191039,119.4123017,https://www.google.com/maps/place/Soycar+Transport+Services/data=!4m7!3m6!1s0x33b6552af744f4a7:0x653cbebcf28f69de!8m2!3d11.191039!4d119.4123017!16s%2Fg%2F11k4twgz7p!19sChIJp_RE9ypVtjMR3mmP8ry-PGU?authuser=0&hl=en&rclk=1,"transportation in El Nido, Palawan, Philippines",El Nido
LIBERTY TICKETING SERVICES,4.5,(28),929 833 5644,https://wa.me/9298335644,,https://www.facebook.com/Islandgirlph,Transportation,57 Real St,https://www.facebook.com/Islandgirlph,,,,11.1797011,119.3873119,https://www.google.com/maps/place/LIBERTY+TICKETING+SERVICES/data=!4m7!3m6!1s0x33b6559fb5f9850f:0xb4327490d7f0c554!8m2!3d11.1797011!4d119.3873119!16s%2Fg%2F11fnxtvyyw!19sChIJD4X5tZ9VtjMRVMXw15B0MrQ?authuser=0&hl=en&rclk=1,"transportation in El Nido, Palawan, Philippines",El Nido
El Nido Port,5.0,(1),,,,,Transportation,,,,,,11.1802229,119.3884326,https://www.google.com/maps/place/El+Nido+Port/data=!4m7!3m6!1s0x33b655167116b379:0xb6331aeaeb7b4330!8m2!3d11.1802229!4d119.3884326!16s%2Fg%2F11mcxz4524!19sChIJebMWcRZVtjMRMEN76-oaM7Y?authuser=0&hl=en&rclk=1,"transportation in El Nido, Palawan, Philippines",El Nido
Port Parking,4.0,(2),,,,,Transportation,,,,,,11.1803417,119.3866177,https://www.google.com/maps/place/Port+Parking/data=!4m7!3m6!1s0x33b655165020a4d9:0x4fabfcd89cc044bd!8m2!3d11.1803417!4d119.3866177!16s%2Fg%2F12m91s4c6!19sChIJ2aQgUBZVtjMRvUTAnNj8q08?authuser=0&hl=en&rclk=1,"transportation in El Nido, Palawan, Philippines",El Nido
Mego Car Rental and Transport Services,5.0,(22),919 704 9418,https://wa.me/9197049418,,,Transportation,0919 704 9418,,,,,11.1574797,119.4252106,https://www.google.com/maps/place/Mego+Car+Rental+and+Transport+Services/data=!4m7!3m6!1s0x33b65545287438b5:0xf75bfe7e2577b32e!8m2!3d11.1574797!4d119.4252106!16s%2Fg%2F11yrv2qk6r!19sChIJtTh0KEVVtjMRLrN3JX7-W_c?authuser=0&hl=en&rclk=1,"transportation in El Nido, Palawan, Philippines",El Nido
DSE Parking Space,4.2,(5),,,,,Transportation,,,,,,11.1820275,119.3921131,https://www.google.com/maps/place/DSE+Parking+Space/data=!4m7!3m6!1s0x33b6557522baa851:0x705919072967843c!8m2!3d11.1820275!4d119.3921131!16s%2Fg%2F11j12ghpzg!19sChIJUai6InVVtjMRPIRnKQcZWXA?authuser=0&hl=en&rclk=1,"transportation in El Nido, Palawan, Philippines",El Nido
Roca Ticketing Office,5.0,(9),909 270 0523,https://wa.me/9092700523,,,Transportation,0909 270 0523,,,,,11.179649,119.3876138,https://www.google.com/maps/place/Roca+Ticketing+Office/data=!4m7!3m6!1s0x33b655a2a12732ef:0xbcfd6265de9538a7!8m2!3d11.179649!4d119.3876138!16s%2Fg%2F11sdz4y40j!19sChIJ7zInoaJVtjMRpziV3mVi_bw?authuser=0&hl=en&rclk=1,"transportation in El Nido, Palawan, Philippines",El Nido
Pugad Ibon Travel and Tours Office I Private and Joiner Tours Daily,4.7,(207),939 331 5324,https://wa.me/9393315324,,,Transportation,0939 331 5324,https://www.pugadibontravelandtours.com/,,,,11.1793737,119.3878809,https://www.google.com/maps/place/Pugad+Ibon+Travel+and+Tours+Office+I+Private+and+Joiner+Tours+Daily/data=!4m7!3m6!1s0x33b655e8788df0e9:0xf4463b27a75c5319!8m2!3d11.1793737!4d119.3878809!16s%2Fg%2F11l6w49ltt!19sChIJ6fCNeOhVtjMRGVNcpyc7RvQ?authuser=0&hl=en&rclk=1,"transportation in El Nido, Palawan, Philippines",El Nido
El Nido Boutique Artcafe,4.2,"(2,142)",917 560 4020,https://wa.me/9175604020,,,Transportation,0917 560 4020,http://elnidoboutiqueandartcafe.com/,,,,11.1801397,119.3879394,https://www.google.com/maps/place/El+Nido+Boutique+Artcafe/data=!4m7!3m6!1s0x33b655166f0af4e1:0x6e9609ba3a4efec8!8m2!3d11.1801397!4d119.3879394!16s%2Fg%2F12qgp7l0l!19sChIJ4fQKbxZVtjMRyP5OOroJlm4?authuser=0&hl=en&rclk=1,"transportation in El Nido, Palawan, Philippines",El Nido
Lio Beach Parking Area,4.5,(2),,,,,Transportation,,,,,,11.2086087,119.4171529,https://www.google.com/maps/place/Lio+Beach+Parking+Area/data=!4m7!3m6!1s0x33b7aba412232033:0xcf456b6fc858b1f8!8m2!3d11.2086087!4d119.4171529!16s%2Fg%2F11fmdn8tm6!19sChIJMyAjEqSrtzMR-LFYyG9rRc8?authuser=0&hl=en&rclk=1,"transportation in El Nido, Palawan, Philippines",El Nido
Northern Hope Tours - DOT Accredited 2022,3.8,(32),905 468 5094,https://wa.me/9054685094,,,Transportation,2022  3,https://www.northernhopetours.com/,,,,11.1801134,119.3873736,https://www.google.com/maps/place/Northern+Hope+Tours+-+DOT+Accredited+2022/data=!4m7!3m6!1s0x33b65515da8ae827:0x32283c7fb5c9e3a4!8m2!3d11.1801134!4d119.3873736!16s%2Fg%2F11b6ghc70l!19sChIJJ-iK2hVVtjMRpOPJtX88KDI?authuser=0&hl=en&rclk=1,"transportation in El Nido, Palawan, Philippines",El Nido
Official Pay Parking #1,4.3,(3),,,,,Transportation,1  4,,,,,11.1807683,119.3914484,https://www.google.com/maps/place/Official+Pay+Parking+%231/data=!4m7!3m6!1s0x33b65500369981ff:0x32054cba8441b040!8m2!3d11.1807683!4d119.3914484!16s%2Fg%2F11vxg3rhzp!19sChIJ_4GZNgBVtjMRQLBBhLpMBTI?authuser=0&hl=en&rclk=1,"transportation in El Nido, Palawan, Philippines",El Nido
EJP Travel & Transport Co. (El Nido),5.0,(14),963 334 2477,https://wa.me/9633342477,,,Transportation,0963 334 2477,,,,,11.1946825,119.4206884,https://www.google.com/maps/place/EJP+Travel+%26+Transport+Co.+%28El+Nido%29/data=!4m7!3m6!1s0x33b6ff0efbc24997:0x9e4e39ed905cbc84!8m2!3d11.1946825!4d119.4206884!16s%2Fg%2F11txnx_ny8!19sChIJl0nC-w7_tjMRhLxckO05Tp4?authuser=0&hl=en&rclk=1,"transportation in El Nido, Palawan, Philippines",El Nido
Soledad de Amor,4.6,(293),915 391 2367,https://wa.me/9153912367,,,Transportation,0915 391 2367,,,,,11.1780059,119.3902127,https://www.google.com/maps/place/Soledad+de+Amor/data=!4m7!3m6!1s0x33b655d65638bbe5:0xb6ff68a15f404dc2!8m2!3d11.1780059!4d119.3902127!16s%2Fg%2F11h10fcl9l!19sChIJ5bs4VtZVtjMRwk1AX6Fo_7Y?authuser=0&hl=en&rclk=1,"transportation in El Nido, Palawan, Philippines",El Nido
El Nido Airport,4.0,(905),,,,,Transportation,,,,,,11.2027165,119.4152941,https://www.google.com/maps/place/El+Nido+Airport/data=!4m7!3m6!1s0x33b7aaaa56cc4f0f:0x6702c107e035f70!8m2!3d11.2027165!4d119.4152941!16s%2Fm%2F02pn_ky!19sChIJD0_MVqqqtzMRcF8DfhAscAY?authuser=0&hl=en&rclk=1,"transportation in El Nido, Palawan, Philippines",El Nido
Lagum Advnture El Nido,4.5,(4),945 765 0047,https://wa.me/9457650047,,,Transportation,0945 765 0047,https://www.lagumrides.com/?utm_source=google&utm_medium=wix_google_business_profile&utm_campaign=6647241346328811346,,,,11.1832039,119.3925006,https://www.google.com/maps/place/Lagum+Advnture+El+Nido/data=!4m7!3m6!1s0x33b655b4bf613d45:0x289c3a1830ce504e!8m2!3d11.1832039!4d119.3925006!16s%2Fg%2F11w8rn0zsr!19sChIJRT1hv7RVtjMRTlDOMBg6nCg?authuser=0&hl=en&rclk=1,"transportation in El Nido, Palawan, Philippines",El Nido
HANNAH TRAVEL AND TOURS,3.7,(23),935 450 9683,https://wa.me/9354509683,,,Transportation,0935 450 9683,,,,,11.1797552,119.3885383,https://www.google.com/maps/place/HANNAH+TRAVEL+AND+TOURS/data=!4m7!3m6!1s0x33b655d3e292cb37:0xb8fe069742375d8d!8m2!3d11.1797552!4d119.3885383!16s%2Fg%2F11frp8v6t7!19sChIJN8uS4tNVtjMRjV03QpcG_rg?authuser=0&hl=en&rclk=1,"transportation in El Nido, Palawan, Philippines",El Nido
Amos Tours El Nido,4.0,(61),981 073 9468,https://wa.me/9810739468,,,Transportation,0981 073 9468,,,,,11.1798733,119.3894995,https://www.google.com/maps/place/Amos+Tours+El+Nido/data=!4m7!3m6!1s0x33b6557796342505:0xa048669f61ba4e95!8m2!3d11.1798733!4d119.3894995!16s%2Fg%2F11xh32s6r2!19sChIJBSU0lndVtjMRlU66YZ9mSKA?authuser=0&hl=en&rclk=1,"transportation in El Nido, Palawan, Philippines",El Nido
Nagomi Adventure Travel and Tours El Nido,5.0,(19),956 077 2838,https://wa.me/9560772838,,,Transportation,0956 077 2838,https://nagomigroupph.com/home/,,,,11.1764272,119.3913095,https://www.google.com/maps/place/Nagomi+Adventure+Travel+and+Tours+El+Nido/data=!4m7!3m6!1s0x33b65529ed058bb3:0x79bbf6fb9c9ed07e!8m2!3d11.1764272!4d119.3913095!16s%2Fg%2F11kqnpyvfx!19sChIJs4sF7SlVtjMRftCenPv2u3k?authuser=0&hl=en&rclk=1,"transportation in El Nido, Palawan, Philippines",El Nido
Tao Philippines,4.8,(444),908 890 8033,https://wa.me/9088908033,,,Transportation,0908 890 8033,https://www.taophilippines.com/,,,,11.1650348,119.3985356,https://www.google.com/maps/place/Tao+Philippines/data=!4m7!3m6!1s0x33b6550dbe8456d3:0x32cb8bf87484a1d7!8m2!3d11.1650348!4d119.3985356!16s%2Fg%2F11rb4jj7j6!19sChIJ01aEvg1VtjMR16GEdPiLyzI?authuser=0&hl=en&rclk=1,"transportation in El Nido, Palawan, Philippines",El Nido
Elbyahe's Travel and Tours,4.9,(146),947 617 3708,https://wa.me/9476173708,,,Transportation,0947 617 3708,https://www.elbyahestravelandtours.com/,,,,11.1616204,119.3983926,https://www.google.com/maps/place/Elbyahe%27s+Travel+and+Tours/data=!4m7!3m6!1s0x33b6555c82ed33fd:0xcced4392479dcd54!8m2!3d11.1616204!4d119.3983926!16s%2Fg%2F11h55n0pj5!19sChIJ_TPtglxVtjMRVM2dR5JD7cw?authuser=0&hl=en&rclk=1,"transportation in El Nido, Palawan, Philippines",El Nido
Ten Knots Central Office,5.0,(5),,,,https://m.facebook.com/pages/Ten-Knots-Philippines-Inc/120068804698111,Transportation,,https://m.facebook.com/pages/Ten-Knots-Philippines-Inc/120068804698111,,,,11.1805198,119.3916712,https://www.google.com/maps/place/Ten+Knots+Central+Office/data=!4m7!3m6!1s0x33b655159e5cc455:0x1f5fbccbf76c66b0!8m2!3d11.1805198!4d119.3916712!16s%2Fg%2F11dfksg0n3!19sChIJVcRcnhVVtjMRsGZs98u8Xx8?authuser=0&hl=en&rclk=1,"transportation in El Nido, Palawan, Philippines",El Nido
Happiness Travel and Tours,4.6,(348),945 298 0708,https://wa.me/9452980708,,,Transportation,0945 298 0708,https://happinessphilippines.com/,,,,11.1814942,119.3916597,https://www.google.com/maps/place/Happiness+Travel+and+Tours/data=!4m7!3m6!1s0x33b655f0bbde0b89:0x10b48cdcf5b4e380!8m2!3d11.1814942!4d119.3916597!16s%2Fg%2F11t5m1qv3f!19sChIJiQveu_BVtjMRgOO09dyMtBA?authuser=0&hl=en&rclk=1,"transportation in El Nido, Palawan, Philippines",El Nido
Inaec Hangar - El Nido,4.0,(25),,,,,Transportation,,,,,,11.2027607,119.4138447,https://www.google.com/maps/place/Inaec+Hangar+-+El+Nido/data=!4m7!3m6!1s0x33b7aaabbcf36b07:0x239120861d450872!8m2!3d11.2027607!4d119.4138447!16s%2Fg%2F11c56bxyzv!19sChIJB2vzvKuqtzMRcghFHYYgkSM?authuser=0&hl=en&rclk=1,"transportation in El Nido, Palawan, Philippines",El Nido
Tomster Travel and Tours,4.8,(796),916 381 2007,https://wa.me/9163812007,https://www.instagram.com/tomstertraveltours?igsh=M2loMXB6MWlpZGF6,,Transportation,0916 381 2007,https://www.instagram.com/tomstertraveltours?igsh=M2loMXB6MWlpZGF6,,,,11.1780643,119.390177,https://www.google.com/maps/place/Tomster+Travel+and+Tours/data=!4m7!3m6!1s0x33b655bedc98a049:0xdaf9135c06a13cf0!8m2!3d11.1780643!4d119.390177!16s%2Fg%2F11rw7kvqqf!19sChIJSaCY3L5VtjMR8DyhBlwT-do?authuser=0&hl=en&rclk=1,"transportation in El Nido, Palawan, Philippines",El Nido
El Nido Plaza Parking,5.0,(1),,,,,Transportation,,,,,,11.1818076,119.3919756,https://www.google.com/maps/place/El+Nido+Plaza+Parking/data=!4m7!3m6!1s0x33b6553fd4466195:0xbfee5f8bcc4f381d!8m2!3d11.1818076!4d119.3919756!16s%2Fg%2F1pp2vk562!19sChIJlWFG1D9VtjMRHThPzItf7r8?authuser=0&hl=en&rclk=1,"transportation in El Nido, Palawan, Philippines",El Nido
Tres Motorcycle - Rental & Repair Shop,4.8,(32),920 288 5327,https://wa.me/9202885327,,,Transportation,0920 288 5327,,,,,11.1556312,119.3994164,https://www.google.com/maps/place/Tres+Motorcycle+-+Rental+%26+Repair+Shop/data=!4m7!3m6!1s0x33b65535241162ff:0x3edfcb04da39a2c6!8m2!3d11.1556312!4d119.3994164!16s%2Fg%2F11tn5_qx91!19sChIJ_2IRJDVVtjMRxqI52gTL3z4?authuser=0&hl=en&rclk=1,"transportation in El Nido, Palawan, Philippines",El Nido
Bearcat Travel Yacht and Speedboat Charters - Townsquare,4.5,(21),998 998 2017,https://wa.me/9989982017,,,Transportation,0998 998 2017,https://elnidoyachtcharters.com/,,,,11.183586,119.3930798,https://www.google.com/maps/place/Bearcat+Travel+Yacht+and+Speedboat+Charters+-+Townsquare/data=!4m7!3m6!1s0x33b6558a490796d5:0x6c92fe9c6e4f596c!8m2!3d11.183586!4d119.3930798!16s%2Fg%2F11wtvk49cy!19sChIJ1ZYHSYpVtjMRbFlPbpz-kmw?authuser=0&hl=en&rclk=1,"transportation in El Nido, Palawan, Philippines",El Nido
ELNIDOBOOKING TRAVEL AGENCY,4.0,(6),919 830 8249,https://wa.me/9198308249,,,Transportation,0919 830 8249,http://www.elnidobooking.com/,,,,11.1805338,119.3903723,https://www.google.com/maps/place/ELNIDOBOOKING+TRAVEL+AGENCY/data=!4m7!3m6!1s0x33b6551575fc074b:0x766881aebc4e2454!8m2!3d11.1805338!4d119.3903723!16s%2Fg%2F11csszpgs5!19sChIJSwf8dRVVtjMRVCROvK6BaHY?authuser=0&hl=en&rclk=1,"transportation in El Nido, Palawan, Philippines",El Nido
Lio Beach,4.7,"(1,391)",,,,,Transportation,,http://www.lio.ph/,,,,11.208596,119.4162436,https://www.google.com/maps/place/Lio+Beach/data=!4m7!3m6!1s0x33b7aaa84108f33d:0xfdd123b54e8b7c79!8m2!3d11.208596!4d119.4162436!16s%2Fg%2F11c2mw6zcf!19sChIJPfMIQaiqtzMReXyLTrUj0f0?authuser=0&hl=en&rclk=1,"transportation in El Nido, Palawan, Philippines",El Nido
Dora and Diego Traveller's Inn,4.6,(13),950 466 9192,https://wa.me/9504669192,,,Transportation,0950 466 9192,,,,,11.1808191,119.3925533,https://www.google.com/maps/place/Dora+and+Diego+Traveller%27s+Inn/data=!4m11!3m10!1s0x33b655c3074d4b5d:0x271651a8d4187f3e!5m3!1s2026-10-31!4m1!1i2!8m2!3d11.1808191!4d119.3925533!16s%2Fg%2F11fj4bwn_q!19sChIJXUtNB8NVtjMRPn8Y1KhRFic?authuser=0&hl=en&rclk=1,"transportation in El Nido, Palawan, Philippines",El Nido
Spider Travel and Tours,4.2,(151),949 885 6501,https://wa.me/9498856501,,,Transportation,0949 885 6501,,,,,11.1812113,119.3912548,https://www.google.com/maps/place/Spider+Travel+and+Tours/data=!4m7!3m6!1s0x33b65515949058c3:0xdfd2b1ee5e0cca1c!8m2!3d11.1812113!4d119.3912548!16s%2Fg%2F11g9f700jz!19sChIJw1iQlBVVtjMRHMoMXu6x0t8?authuser=0&hl=en&rclk=1,"transportation in El Nido, Palawan, Philippines",El Nido
Estranghero Tours & Motorbike Rental & Laundry,4.8,(193),955 930 3836,https://wa.me/9559303836,,,Transportation,0955 930 3836,,,,,11.1805933,119.3923795,https://www.google.com/maps/place/Estranghero+Tours+%26+Motorbike+Rental+%26+Laundry/data=!4m7!3m6!1s0x33b65588a60433ad:0x983f553d496377fa!8m2!3d11.1805933!4d119.3923795!16s%2Fg%2F11jzdxyfym!19sChIJrTMEpohVtjMR-ndjST1VP5g?authuser=0&hl=en&rclk=1,"transportation in El Nido, Palawan, Philippines",El Nido
Kuya Cris Travel and Tours,4.8,(177),916 668 2959,https://wa.me/9166682959,,,Transportation,0916 668 2959,http://www.kuyacris-tours.com/,,,,11.1782738,119.389877,https://www.google.com/maps/place/Kuya+Cris+Travel+and+Tours/data=!4m7!3m6!1s0x2ecb93b67a1620d9:0x56e90db6f7cb3dc1!8m2!3d11.1782738!4d119.389877!16s%2Fg%2F11t7tx3qh0!19sChIJ2SAWeraTyy4RwT3L97YN6VY?authuser=0&hl=en&rclk=1,"transportation in El Nido, Palawan, Philippines",El Nido
El Nido Moringa Resort,4.4,(346),999 537 3006,https://wa.me/9995373006,,,Transportation,0999 537 3006,https://elnido-hotels.com/,,,,11.1647844,119.3983761,https://www.google.com/maps/place/El+Nido+Moringa+Resort/data=!4m11!3m10!1s0x33b6551a5e54086b:0x9302b4588882e8fd!5m3!1s2026-10-31!4m1!1i2!8m2!3d11.1647844!4d119.3983761!16s%2Fg%2F11gxm7y1f2!19sChIJawhUXhpVtjMR_eiCiFi0ApM?authuser=0&hl=en&rclk=1,"transportation in El Nido, Palawan, Philippines",El Nido
SCVM WATER REFILLING STATION,5.0,(1),,,,,Transportation,,,,,,11.1730582,119.3950006,https://www.google.com/maps/place/SCVM+WATER+REFILLING+STATION/data=!4m7!3m6!1s0x33b6fff3e93f27bd:0x5cf60c4c69439d1b!8m2!3d11.1730582!4d119.3950006!16s%2Fg%2F11y34lx007!19sChIJvSc_6fP_tjMRG51DaUwM9lw?authuser=0&hl=en&rclk=1,"transportation in El Nido, Palawan, Philippines",El Nido
HIDDEN OF CAILAN INN,4.2,(25),966 973 7564,https://wa.me/9669737564,,,Transportation,0966 973 7564,https://hiddenofcailaninn.top/,,,,11.1869069,119.3964309,https://www.google.com/maps/place/HIDDEN+OF+CAILAN+INN/data=!4m11!3m10!1s0x33b6550b2d43625b:0xcb115564935cb63c!5m3!1s2026-10-31!4m1!1i2!8m2!3d11.1869069!4d119.3964309!16s%2Fg%2F11sf685zcw!19sChIJW2JDLQtVtjMRPLZck2RVEcs?authuser=0&hl=en&rclk=1,"transportation in El Nido, Palawan, Philippines",El Nido
The Only Place Inn Elnido,4.0,(29),939 136 8484,https://wa.me/9391368484,,,Transportation,0939 136 8484,,,,,11.17942,119.3852508,https://www.google.com/maps/place/The+Only+Place+Inn+Elnido/data=!4m11!3m10!1s0x33b65515b98f2741:0x1881b90d7b6a9dbd!5m3!1s2026-10-31!4m1!1i2!8m2!3d11.17942!4d119.3852508!16s%2Fg%2F11try6948n!19sChIJQSePuRVVtjMRvZ1qew25gRg?authuser=0&hl=en&rclk=1,"transportation in El Nido, Palawan, Philippines",El Nido
Philguru Travel & Tours,5.0,(5),947 386 7124,https://wa.me/9473867124,,,Transportation,0947 386 7124,,,,,11.1810346,119.3908585,https://www.google.com/maps/place/Philguru+Travel+%26+Tours/data=!4m7!3m6!1s0x33b655744ddc7e2b:0x1b18730ecade4604!8m2!3d11.1810346!4d119.3908585!16s%2Fg%2F11c6cygqfc!19sChIJK37cTXRVtjMRBEbeyg5zGBs?authuser=0&hl=en&rclk=1,"transportation in El Nido, Palawan, Philippines",El Nido
JBenito Travel & Tours,3.6,(39),966 973 7564,https://wa.me/9669737564,,,Transportation,0966 973 7564,https://jbenitotourselnido.com/,,,,11.1875574,119.3952895,https://www.google.com/maps/place/JBenito+Travel+%26+Tours/data=!4m7!3m6!1s0x33b65547baaaaaeb:0xcc2e512c2b0e7a5e!8m2!3d11.1875574!4d119.3952895!16s%2Fg%2F11cmyv5x39!19sChIJ66qqukdVtjMRXnoOKyxRLsw?authuser=0&hl=en&rclk=1,"transportation in El Nido, Palawan, Philippines",El Nido
Seaslugs Travellers Inn,3.9,(85),,,,,Transportation,,,,,,11.1730262,119.3931663,https://www.google.com/maps/place/Seaslugs+Travellers+Inn/data=!4m11!3m10!1s0x33b65512e9b049cd:0x966647cc64ea1cdf!5m3!1s2026-10-31!4m1!1i2!8m2!3d11.1730262!4d119.3931663!16s%2Fg%2F11cn8x_8pb!19sChIJzUmw6RJVtjMR3xzqZMxHZpY?authuser=0&hl=en&rclk=1,"transportation in El Nido, Palawan, Philippines",El Nido
Bella's Motorbike Rental,4.8,(417),970 217 4733,https://wa.me/9702174733,,,Scooter Rental,0970 217 4733,https://www.travelagents10.com/PH/El-Nido/293004374421131/Bella%27s-Motorbike-Rentals,,,,11.180053,119.3880841,https://www.google.com/maps/place/Bella%27s+Motorbike+Rental/data=!4m7!3m6!1s0x33b655166f8aef0f:0x527d3c65b2fd72a2!8m2!3d11.180053!4d119.3880841!16s%2Fg%2F11gbfnxj4j!19sChIJD--KbxZVtjMRonL9smU8fVI?authuser=0&hl=en&rclk=1,"scooter rental in El Nido, Palawan, Philippines",El Nido
Motourista Motorbike Rental,4.9,(139),955 221 6038,https://wa.me/9552216038,,,Scooter Rental,0955 221 6038,,,,,11.1797548,119.3884496,https://www.google.com/maps/place/Motourista+Motorbike+Rental/data=!4m7!3m6!1s0x33b6559d2de560c9:0x4f492b89fefca55e!8m2!3d11.1797548!4d119.3884496!16s%2Fg%2F11sb6kzmq3!19sChIJyWDlLZ1VtjMRXqX8_okrSU8?authuser=0&hl=en&rclk=1,"scooter rental in El Nido, Palawan, Philippines",El Nido
Hustler motor rental,4.9,(73),963 216 8675,https://wa.me/9632168675,,,Scooter Rental,0963 216 8675,,,,,11.1763869,119.391265,https://www.google.com/maps/place/Hustler+motor+rental/data=!4m7!3m6!1s0x33b655505c16e923:0x814d1d4afd912096!8m2!3d11.1763869!4d119.391265!16s%2Fg%2F11jyjpgqbq!19sChIJI-kWXFBVtjMRliCR_UodTYE?authuser=0&hl=en&rclk=1,"scooter rental in El Nido, Palawan, Philippines",El Nido
Prince H&C Motorbike Rental,5.0,(22),966 150 1829,https://wa.me/9661501829,,,Scooter Rental,0966 150 1829,,,,,11.1795297,119.388592,https://www.google.com/maps/place/Prince+H%26C+Motorbike+Rental/data=!4m7!3m6!1s0x33b6550029bc0341:0x3bc860125c862bb9!8m2!3d11.1795297!4d119.388592!16s%2Fg%2F11z68jp8tt!19sChIJQQO8KQBVtjMRuSuGXBJgyDs?authuser=0&hl=en&rclk=1,"scooter rental in El Nido, Palawan, Philippines",El Nido
El Nido Rally's Motorbike Rental,4.9,(225),915 788 6007,https://wa.me/9157886007,,,Scooter Rental,0915 788 6007,https://wa.me/message/UO2RAT5WEYMSF1,,,,11.1799824,119.3881418,https://www.google.com/maps/place/El+Nido+Rally%27s+Motorbike+Rental/data=!4m7!3m6!1s0x33b655ddc6e37cfb:0xad0f848465e7ffd3!8m2!3d11.1799824!4d119.3881418!16s%2Fg%2F11fr37l3ww!19sChIJ-3zjxt1VtjMR0__nZYSED60?authuser=0&hl=en&rclk=1,"scooter rental in El Nido, Palawan, Philippines",El Nido
Edzcapil Motorbike Rental,5.0,(29),966 546 3858,https://wa.me/9665463858,,,Scooter Rental,0966 546 3858,,,,,11.1777912,119.3901724,https://www.google.com/maps/place/Edzcapil+Motorbike+Rental/data=!4m7!3m6!1s0x33b65562dc75ff63:0xd6005222333fc85d!8m2!3d11.1777912!4d119.3901724!16s%2Fg%2F11sjy8ks66!19sChIJY_913GJVtjMRXcg_MyJSANY?authuser=0&hl=en&rclk=1,"scooter rental in El Nido, Palawan, Philippines",El Nido
Rockape Motorbike Rental,4.6,(19),905 972 7923,https://wa.me/9059727923,,,Scooter Rental,0905 972 7923,https://www.palawandays.com/catalog/motorbike-rental-el-nido-palawan-philippines/,,,,11.1760988,119.3911094,https://www.google.com/maps/place/Rockape+Motorbike+Rental/data=!4m7!3m6!1s0x33b6557453b3cd3f:0x22043e80aad0300f!8m2!3d11.1760988!4d119.3911094!16s%2Fg%2F11vws4fdcf!19sChIJP82zU3RVtjMRDzDQqoA-BCI?authuser=0&hl=en&rclk=1,"scooter rental in El Nido, Palawan, Philippines",El Nido
RK motorbike rental,5.0,(25),,,,,Scooter Rental,,,,,,11.1711903,119.3947547,https://www.google.com/maps/place/RK+motorbike+rental/data=!4m7!3m6!1s0x33b655001c8a11d7:0x8fa3b1f887ab4bf8!8m2!3d11.1711903!4d119.3947547!16s%2Fg%2F11n5586m1t!19sChIJ1xGKHABVtjMR-Eurh_ixo48?authuser=0&hl=en&rclk=1,"scooter rental in El Nido, Palawan, Philippines",El Nido
GO AROUND EL NIDO AAE ADVENTURE Motorbike rentals,5.0,(5),938 829 6499,https://wa.me/9388296499,,,Scooter Rental,0938 829 6499,,,,,11.1794239,119.3894841,https://www.google.com/maps/place/GO+AROUND+EL+NIDO+AAE+ADVENTURE+Motorbike+rentals/data=!4m7!3m6!1s0x33b655c49b933a4f:0x4bd15c7ab6f92c73!8m2!3d11.1794239!4d119.3894841!16s%2Fg%2F11tsf926jt!19sChIJTzqTm8RVtjMRcyz5tnpc0Us?authuser=0&hl=en&rclk=1,"scooter rental in El Nido, Palawan, Philippines",El Nido
M-D motorbike rental and motor parking area,5.0,(23),927 948 6767,https://wa.me/9279486767,,,Scooter Rental,0927 948 6767,,,,,11.1798202,119.3884941,https://www.google.com/maps/place/M-D+motorbike+rental+and+motor+parking+area/data=!4m7!3m6!1s0x33b6550047ad61e9:0x2e3816a0c0974513!8m2!3d11.1798202!4d119.3884941!16s%2Fg%2F11xtx2j06q!19sChIJ6WGtRwBVtjMRE0WXwKAWOC4?authuser=0&hl=en&rclk=1,"scooter rental in El Nido, Palawan, Philippines",El Nido
Jay'Bors Motorbike Rent,4.8,(16),935 916 1472,https://wa.me/9359161472,,,Scooter Rental,0935 916 1472,,,,,11.175683,119.3912551,https://www.google.com/maps/place/Jay%27Bors+Motorbike+Rent/data=!4m7!3m6!1s0x33b6553a8ee8fee3:0x67deb57a1735ffd3!8m2!3d11.175683!4d119.3912551!16s%2Fg%2F11tt44584t!19sChIJ4_7ojjpVtjMR0_81F3q13mc?authuser=0&hl=en&rclk=1,"scooter rental in El Nido, Palawan, Philippines",El Nido
Adventure Motorcycle Expedition & Rentals,4.8,(41),936 474 7223,https://wa.me/9364747223,,,Scooter Rental,0936 474 7223,,,,,11.1753214,119.3912208,https://www.google.com/maps/place/Adventure+Motorcycle+Expedition+%26+Rentals/data=!4m7!3m6!1s0x33b655b91e8295c5:0x70452aff359f030b!8m2!3d11.1753214!4d119.3912208!16s%2Fg%2F11xdpy1m1h!19sChIJxZWCHrlVtjMRCwOfNf8qRXA?authuser=0&hl=en&rclk=1,"scooter rental in El Nido, Palawan, Philippines",El Nido
Apple Bon Scooter Rental,5.0,(8),,,,,Scooter Rental,,,,,,11.1786301,119.3903532,https://www.google.com/maps/place/Apple+Bon+Scooter+Rental/data=!4m7!3m6!1s0x33b655eef7240a83:0x1f0de035184c6020!8m2!3d11.1786301!4d119.3903532!16s%2Fg%2F11j2xscjj2!19sChIJgwok9-5VtjMRIGBMGDXgDR8?authuser=0&hl=en&rclk=1,"scooter rental in El Nido, Palawan, Philippines",El Nido
Marky's Workx Motorbike rental,5.0,(12),967 913 2992,https://wa.me/9679132992,,,Scooter Rental,0967 913 2992,,,,,11.1766524,119.3908742,https://www.google.com/maps/place/Marky%27s+Workx+Motorbike+rental/data=!4m7!3m6!1s0x33b655007070dc2d:0x1ceffc6fe0f62c0e!8m2!3d11.1766524!4d119.3908742!16s%2Fg%2F11wmsp9__k!19sChIJLdxwcABVtjMRDiz24G_87xw?authuser=0&hl=en&rclk=1,"scooter rental in El Nido, Palawan, Philippines",El Nido
Third motorbike rentals and shop,5.0,(17),,,,,Scooter Rental,,,,,,11.1783272,119.3905242,https://www.google.com/maps/place/Third+motorbike+rentals+and+shop/data=!4m7!3m6!1s0x33b65500281f1aff:0x97538f026f5812e0!8m2!3d11.1783272!4d119.3905242!16s%2Fg%2F11x1yq9jf8!19sChIJ_xofKABVtjMR4BJYbwKPU5c?authuser=0&hl=en&rclk=1,"scooter rental in El Nido, Palawan, Philippines",El Nido
J3 motorbike rental,3.8,(22),927 735 2043,https://wa.me/9277352043,,,Scooter Rental,3 motorbike rental  3,,,,,11.1781141,119.3900562,https://www.google.com/maps/place/J3+motorbike+rental/data=!4m7!3m6!1s0x33b6555793a69e9d:0x480f2fc951202d1f!8m2!3d11.1781141!4d119.3900562!16s%2Fg%2F11l19lr9s2!19sChIJnZ6mk1dVtjMRHy0gUckvD0g?authuser=0&hl=en&rclk=1,"scooter rental in El Nido, Palawan, Philippines",El Nido
WINZEL MOTOR BIKE RENTAL,4.5,(2),,,,,Scooter Rental,,,,,,11.17978,119.3886765,https://www.google.com/maps/place/WINZEL+MOTOR+BIKE+RENTAL/data=!4m7!3m6!1s0x33b655002b8be9e1:0x60b1ae8bfb9ec660!8m2!3d11.17978!4d119.3886765!16s%2Fg%2F11xmr17p_p!19sChIJ4emLKwBVtjMRYMae-4uusWA?authuser=0&hl=en&rclk=1,"scooter rental in El Nido, Palawan, Philippines",El Nido
Fox Agimat - Motorbike rental,4.8,(54),951 107 0789,https://wa.me/9511070789,,,Scooter Rental,0951 107 0789,,,,,11.1689916,119.3960773,https://www.google.com/maps/place/Fox+Agimat+-+Motorbike+rental/data=!4m7!3m6!1s0x33b6556387c5861f:0xe7afadb7dc8b2ef5!8m2!3d11.1689916!4d119.3960773!16s%2Fg%2F11h7cp6hkd!19sChIJH4bFh2NVtjMR9S6L3Letr-c?authuser=0&hl=en&rclk=1,"scooter rental in El Nido, Palawan, Philippines",El Nido
El Nido motorcycle rental,5.0,(4),919 337 9788,https://wa.me/9193379788,,,Scooter Rental,0919 337 9788,,,,,11.1671709,119.3970599,https://www.google.com/maps/place/El+Nido+motorcycle+rental/data=!4m7!3m6!1s0x33b655c37d084ed5:0x50f3e9a5d7bbb1b!8m2!3d11.1671709!4d119.3970599!16s%2Fg%2F11shf3py75!19sChIJ1U4IfcNVtjMRG7t7XZo-DwU?authuser=0&hl=en&rclk=1,"scooter rental in El Nido, Palawan, Philippines",El Nido
DCI MOTORBIKE RENTAL,4.8,(9),912 115 9975,https://wa.me/9121159975,,,Scooter Rental,0912 115 9975,,,,,11.1637208,119.3984066,https://www.google.com/maps/place/DCI+MOTORBIKE+RENTAL/data=!4m7!3m6!1s0x33b655225a1ef945:0x700d90af6202d68c!8m2!3d11.1637208!4d119.3984066!16s%2Fg%2F11kr71_kwp!19sChIJRfkeWiJVtjMRjNYCYq-QDXA?authuser=0&hl=en&rclk=1,"scooter rental in El Nido, Palawan, Philippines",El Nido
Apol Store and motorbike rental,5.0,(6),929 336 6426,https://wa.me/9293366426,,,Scooter Rental,0929 336 6426,,,,,11.1805829,119.3922093,https://www.google.com/maps/place/Apol+Store+and+motorbike+rental/data=!4m7!3m6!1s0x33b655007a20b40d:0x81af4b98ca0696a2!8m2!3d11.1805829!4d119.3922093!16s%2Fg%2F11y3z47f10!19sChIJDbQgegBVtjMRopYGyphLr4E?authuser=0&hl=en&rclk=1,"scooter rental in El Nido, Palawan, Philippines",El Nido
Layas Motorcyles,4.8,(12),,,,,Scooter Rental,,,,,,11.1814974,119.3918646,https://www.google.com/maps/place/Layas+Motorcyles/data=!4m7!3m6!1s0x33b6550067c9833b:0x94afc3d357a24fc0!8m2!3d11.1814974!4d119.3918646!16s%2Fg%2F11vsrt0crk!19sChIJO4PJZwBVtjMRwE-iV9PDr5Q?authuser=0&hl=en&rclk=1,"scooter rental in El Nido, Palawan, Philippines",El Nido
Adventour Motorbike Rental,5.0,(2),912 604 9465,https://wa.me/9126049465,,,Scooter Rental,0912 604 9465,,,,,11.1679167,119.3969019,https://www.google.com/maps/place/Adventour+Motorbike+Rental/data=!4m7!3m6!1s0x33b6ffb9e60b0881:0x9e68b83fb48966fb!8m2!3d11.1679167!4d119.3969019!16s%2Fg%2F11vl0yk1bx!19sChIJgQgL5rn_tjMR-2aJtD-4aJ4?authuser=0&hl=en&rclk=1,"scooter rental in El Nido, Palawan, Philippines",El Nido
88-explorer vehicle rental services,5.0,(1),909 037 4130,https://wa.me/9090374130,,,Scooter Rental,0909 037 4130,,,,,11.1803847,119.3914635,https://www.google.com/maps/place/88-explorer+vehicle+rental+services/data=!4m7!3m6!1s0x33b6558c317a4f7d:0xc83090e9cc1929ec!8m2!3d11.1803847!4d119.3914635!16s%2Fg%2F11v0ghwvzx!19sChIJfU96MYxVtjMR7CkZzOmQMMg?authuser=0&hl=en&rclk=1,"scooter rental in El Nido, Palawan, Philippines",El Nido
Lakwatsero Palawan Motorcycles,4.7,(91),931 154 9766,https://wa.me/9311549766,,,Scooter Rental,0931 154 9766,https://lakwamotorcycles.com/,,,,11.1627931,119.3987646,https://www.google.com/maps/place/Lakwatsero+Palawan+Motorcycles/data=!4m7!3m6!1s0x33b65575b353080d:0x35c20712a3bbd5!8m2!3d11.1627931!4d119.3987646!16s%2Fg%2F11c1mkdy8x!19sChIJDQhTs3VVtjMR1bujEgfCNQA?authuser=0&hl=en&rclk=1,"scooter rental in El Nido, Palawan, Philippines",El Nido
KZL Motorbike Rental,5.0,(1),938 624 1758,https://wa.me/9386241758,,,Scooter Rental,0938 624 1758,,,,,11.1703389,119.3948203,https://www.google.com/maps/place/KZL+Motorbike+Rental/data=!4m7!3m6!1s0x33b65544266aeacf:0x234ab41ed6308a92!8m2!3d11.1703389!4d119.3948203!16s%2Fg%2F11xftmpg6_!19sChIJz-pqJkRVtjMRkoow1h60SiM?authuser=0&hl=en&rclk=1,"scooter rental in El Nido, Palawan, Philippines",El Nido
Exoticloops Motorcycle Tours,5.0,(42),915 974 1621,https://wa.me/9159741621,,,Scooter Rental,0915 974 1621,http://exoticloops.com/,,,,11.1777978,119.3918233,https://www.google.com/maps/place/Exoticloops+Motorcycle+Tours/data=!4m7!3m6!1s0x33b65514f6f07831:0x450f856a626870db!8m2!3d11.1777978!4d119.3918233!16s%2Fg%2F11c328g45q!19sChIJMXjw9hRVtjMR23BoYmqFD0U?authuser=0&hl=en&rclk=1,"scooter rental in El Nido, Palawan, Philippines",El Nido
DREAM LOVE TRAVEL AND TOURS 팔라완 엘니도,4.7,(96),930 480 4736,https://wa.me/9304804736,,,Scooter Rental,0930 480 4736,https://dreamlovetravelandtours.com/,,,,11.1798125,119.3889375,https://www.google.com/maps/place/DREAM+LOVE+TRAVEL+AND+TOURS+%ED%8C%94%EB%9D%BC%EC%99%84+%EC%97%98%EB%8B%88%EB%8F%84/data=!4m7!3m6!1s0x33b6551bcdee028f:0x111fd244866c9c2d!8m2!3d11.1798125!4d119.3889375!16s%2Fg%2F11t9h19wx7!19sChIJjwLuzRtVtjMRLZxshkTSHxE?authuser=0&hl=en&rclk=1,"scooter rental in El Nido, Palawan, Philippines",El Nido
Chill Drive Motorbike Rental,4.7,(3),909 593 7814,https://wa.me/9095937814,,,Scooter Rental,0909 593 7814,,,,,11.162188,119.3983027,https://www.google.com/maps/place/Chill+Drive+Motorbike+Rental/data=!4m7!3m6!1s0x33b655dc5596addd:0xfa04ccb3d8f9abd!8m2!3d11.162188!4d119.3983027!16s%2Fg%2F11w5br07m9!19sChIJ3a2WVdxVtjMRvZqPPctMoA8?authuser=0&hl=en&rclk=1,"scooter rental in El Nido, Palawan, Philippines",El Nido
Kuya Jo Car Rental,4.0,(12),945 488 5553,https://wa.me/9454885553,,https://www.facebook.com/share/1FkDMeje8b/,Scooter Rental,,https://www.facebook.com/share/1FkDMeje8b/,,,,11.1753016,119.3912104,https://www.google.com/maps/place/Kuya+Jo+Car+Rental/data=!4m7!3m6!1s0x33b655df8d2bd33d:0xad1f4a940759f189!8m2!3d11.1753016!4d119.3912104!16s%2Fg%2F11x27s3_ty!19sChIJPdMrjd9VtjMRifFZB5RKH60?authuser=0&hl=en&rclk=1,"scooter rental in El Nido, Palawan, Philippines",El Nido
AKIRA MOTORBIKE RENTAL/ LAUNDRY SHOP,3.7,(6),920 608 6151,https://wa.me/9206086151,,,Scooter Rental,0920 608 6151,,,,,11.1644673,119.3983847,https://www.google.com/maps/place/AKIRA+MOTORBIKE+RENTAL%2F+LAUNDRY+SHOP/data=!4m7!3m6!1s0x33b655cb0ec43edd:0xb80e1f53ec883c7f!8m2!3d11.1644673!4d119.3983847!16s%2Fg%2F11x85tf6gx!19sChIJ3T7EDstVtjMRfzyI7FMfDrg?authuser=0&hl=en&rclk=1,"scooter rental in El Nido, Palawan, Philippines",El Nido
VBR MOTORBIKE RENTAL,5.0,(7),,,,,Scooter Rental,,,,,,11.1562153,119.3995635,https://www.google.com/maps/place/VBR+MOTORBIKE+RENTAL/data=!4m7!3m6!1s0x33b655294cd9406b:0xc9923e2d51e8cd5c!8m2!3d11.1562153!4d119.3995635!16s%2Fg%2F11z4qsb2_1!19sChIJa0DZTClVtjMRXM3oUS0-ksk?authuser=0&hl=en&rclk=1,"scooter rental in El Nido, Palawan, Philippines",El Nido
Liberty88 Motorbike Rental,4.7,(45),915 169 7443,https://wa.me/9151697443,,,Scooter Rental,88 Motorbike Rental  4,,,,,11.1987347,119.4241345,https://www.google.com/maps/place/Liberty88+Motorbike+Rental/data=!4m7!3m6!1s0x33b70171508f34ed:0xb07f70eab3dad126!8m2!3d11.1987347!4d119.4241345!16s%2Fg%2F11ssnp42jg!19sChIJ7TSPUHEBtzMRJtHas-pwf7A?authuser=0&hl=en&rclk=1,"scooter rental in El Nido, Palawan, Philippines",El Nido
JEPOY MOTORBIKE RENTAL,3.5,(2),967 870 5959,https://wa.me/9678705959,,,Scooter Rental,0967 870 5959,,,,,11.1885335,119.3961107,https://www.google.com/maps/place/JEPOY+MOTORBIKE+RENTAL/data=!4m7!3m6!1s0x33b655f5aa81c7ef:0x59900b837e979f85!8m2!3d11.1885335!4d119.3961107!16s%2Fg%2F11lzrbfr16!19sChIJ78eBqvVVtjMRhZ-XfoMLkFk?authuser=0&hl=en&rclk=1,"scooter rental in El Nido, Palawan, Philippines",El Nido
Take A Break Palawan Travel and Tours,4.9,(105),912 902 5835,https://wa.me/9129025835,,,Scooter Rental,,,,,,11.1795369,119.3888824,https://www.google.com/maps/place/Take+A+Break+Palawan+Travel+and+Tours/data=!4m7!3m6!1s0x33b6550305814097:0x616f34803b3689b7!8m2!3d11.1795369!4d119.3888824!16s%2Fg%2F11y3ky1npq!19sChIJl0CBBQNVtjMRt4k2O4A0b2E?authuser=0&hl=en&rclk=1,"scooter rental in El Nido, Palawan, Philippines",El Nido
Pala-one Vehicle Rental,4.6,(10),909 338 9006,https://wa.me/9093389006,,https://www.facebook.com/morena.swimmies,Scooter Rental,,https://www.facebook.com/morena.swimmies,,,,11.164275,119.3984063,https://www.google.com/maps/place/Pala-one+Vehicle+Rental/data=!4m7!3m6!1s0x33b655411bedfc73:0x7f3d2855bd49c30c!8m2!3d11.164275!4d119.3984063!16s%2Fg%2F11xvsp57v9!19sChIJc_ztG0FVtjMRDMNJvVUoPX8?authuser=0&hl=en&rclk=1,"scooter rental in El Nido, Palawan, Philippines",El Nido
el biyahero travel and tours,4.8,(19),915 485 7151,https://wa.me/9154857151,,,Scooter Rental,0915 485 7151,,,,,11.1796894,119.3891931,https://www.google.com/maps/place/el+biyahero+travel+and+tours/data=!4m7!3m6!1s0x33b655235dc0827b:0x888a809f95b4918a!8m2!3d11.1796894!4d119.3891931!16s%2Fg%2F11s9hfhsq9!19sChIJe4LAXSNVtjMRipG0lZ-Aiog?authuser=0&hl=en&rclk=1,"scooter rental in El Nido, Palawan, Philippines",El Nido
DÄR VI HYRDE MOPPEN,5.0,(1),,,,,Scooter Rental,,,,,,11.1781315,119.3899913,https://www.google.com/maps/place/D%C3%84R+VI+HYRDE+MOPPEN/data=!4m7!3m6!1s0x33b6559f12a26137:0x23729ae10236a109!8m2!3d11.1781315!4d119.3899913!16s%2Fg%2F11trs4p8nx!19sChIJN2GiEp9VtjMRCaE2AuGaciM?authuser=0&hl=en&rclk=1,"scooter rental in El Nido, Palawan, Philippines",El Nido
B-charms Motorbike Rental,5.0,(1),954 053 1814,https://wa.me/9540531814,,,Scooter Rental,0954 053 1814,,,,,11.1814103,119.3928687,https://www.google.com/maps/place/B-charms+Motorbike+Rental/data=!4m7!3m6!1s0x33b655760e4c5b67:0x327318aad121e384!8m2!3d11.1814103!4d119.3928687!16s%2Fg%2F11jyn456hf!19sChIJZ1tMDnZVtjMRhOMh0aoYczI?authuser=0&hl=en&rclk=1,"scooter rental in El Nido, Palawan, Philippines",El Nido
Jungle View Studio,4.1,(9),,,,,Scooter Rental,,,,,,11.1756189,119.391872,https://www.google.com/maps/place/Jungle+View+Studio/data=!4m7!3m6!1s0x33b655005139918d:0x9ef38c1ec1cc95cc!8m2!3d11.1756189!4d119.391872!16s%2Fg%2F11w3ls5x3l!19sChIJjZE5UQBVtjMRzJXMwR6M854?authuser=0&hl=en&rclk=1,"scooter rental in El Nido, Palawan, Philippines",El Nido
COYOTE WAY BIKE RENTAL/ TRAVEL AND TOURS,4.9,(74),985 899 3982,https://wa.me/9858993982,,,Scooter Rental,,http://coyote-way.com/,,,,11.1955247,119.4225458,https://www.google.com/maps/place/COYOTE+WAY+BIKE+RENTAL%2F+TRAVEL+AND+TOURS/data=!4m7!3m6!1s0x33b6ff004739ef2b:0x4ef021193bcf1927!8m2!3d11.1955247!4d119.4225458!16s%2Fg%2F11x284r4s1!19sChIJK-85RwD_tjMRJxnPOxkh8E4?authuser=0&hl=en&rclk=1,"scooter rental in El Nido, Palawan, Philippines",El Nido
ELmo’s Place,4.9,(31),998 415 7307,https://wa.me/9984157307,,https://www.facebook.com/profile.php?id=61552033802733&mibextid=ZbWKwL,Scooter Rental,0998 415 7307,https://www.facebook.com/profile.php?id=61552033802733&mibextid=ZbWKwL,,,,11.1806683,119.3843842,https://www.google.com/maps/place/ELmo%E2%80%99s+Place/data=!4m11!3m10!1s0x33b6ff8f2228da5b:0x34fac895c6b9aa66!5m3!1s2026-10-31!4m1!1i2!8m2!3d11.1806683!4d119.3843842!16s%2Fg%2F11l5p1g_6t!19sChIJW9ooIo__tjMRZqq5xpXI-jQ?authuser=0&hl=en&rclk=1,"scooter rental in El Nido, Palawan, Philippines",El Nido
Lola Flor's Guest House,4.5,(64),905 298 0236,https://wa.me/9052980236,,,Scooter Rental,0905 298 0236,https://lolaflorsguesthouse.top/,,,,11.1789492,119.3901319,https://www.google.com/maps/place/Lola+Flor%27s+Guest+House/data=!4m11!3m10!1s0x33b655f2760cb195:0x9da3d039e8dabc9f!5m3!1s2026-10-31!4m1!1i2!8m2!3d11.1789492!4d119.3901319!16s%2Fg%2F11tjgx77pc!19sChIJlbEMdvJVtjMRn7za6DnQo50?authuser=0&hl=en&rclk=1,"scooter rental in El Nido, Palawan, Philippines",El Nido
Marianne’s Travel and Tours,4.3,(20),949 790 0356,https://wa.me/9497900356,,https://www.facebook.com/share/i3uAXksbVhVDUVeA/?mibextid=WC7FNe,Scooter Rental,0949 790 0356,https://www.facebook.com/share/i3uAXksbVhVDUVeA/?mibextid=WC7FNe,,,,11.1781013,119.3900058,https://www.google.com/maps/place/Marianne%E2%80%99s+Travel+and+Tours/data=!4m7!3m6!1s0x33b655c613d69dd5:0xa6b9a3cbb6fe2c6c!8m2!3d11.1781013!4d119.3900058!16s%2Fg%2F11y4q5bc9z!19sChIJ1Z3WE8ZVtjMRbCz-tsujuaY?authuser=0&hl=en&rclk=1,"scooter rental in El Nido, Palawan, Philippines",El Nido
My Adventures,4.2,(110),969 202 8289,https://wa.me/9692028289,,,Scooter Rental,0969 202 8289,,,,,11.1811805,119.3910392,https://www.google.com/maps/place/My+Adventures/data=!4m7!3m6!1s0x33b65569e8e62295:0x3514fe96c55cee9b!8m2!3d11.1811805!4d119.3910392!16s%2Fg%2F11gnq81gys!19sChIJlSLm6GlVtjMRm-5cxZb-FDU?authuser=0&hl=en&rclk=1,"scooter rental in El Nido, Palawan, Philippines",El Nido
Lakbay Norte,5.0,(3),928 292 7058,https://wa.me/9282927058,,,Scooter Rental,0928 292 7058,,,,,11.1558939,119.3985089,https://www.google.com/maps/place/Lakbay+Norte/data=!4m7!3m6!1s0x33b655b5b13b5337:0x9a58e64901853ae1!8m2!3d11.1558939!4d119.3985089!16s%2Fg%2F11vj2rp_03!19sChIJN1M7sbVVtjMR4TqFAUnmWJo?authuser=0&hl=en&rclk=1,"scooter rental in El Nido, Palawan, Philippines",El Nido
Joh's Matics Motorbike Rental,5.0,(127),948 090 2775,https://wa.me/9480902775,,,Scooter Rental,0948 090 2775,,,,,11.2049285,119.4243112,https://www.google.com/maps/place/Joh%27s+Matics+Motorbike+Rental/data=!4m7!3m6!1s0x33b70134279b22e1:0x7a4c2d53cacc2eee!8m2!3d11.2049285!4d119.4243112!16s%2Fg%2F11sryz31_1!19sChIJ4SKbJzQBtzMR7i7MylMtTHo?authuser=0&hl=en&rclk=1,"scooter rental in El Nido, Palawan, Philippines",El Nido
Elmer's Motorbike and Car Rental,5.0,(9),994 946 3883,https://wa.me/9949463883,,https://www.facebook.com/Elmersvehiclerental,Scooter Rental,0994 946 3883,https://www.facebook.com/Elmersvehiclerental,,,,11.1558562,119.3991497,https://www.google.com/maps/place/Elmer%27s+Motorbike+and+Car+Rental/data=!4m7!3m6!1s0x33b655e60da40749:0xabb7ef50aa3a9059!8m2!3d11.1558562!4d119.3991497!16s%2Fg%2F11vf2tw84x!19sChIJSQekDeZVtjMRWZA6qlDvt6s?authuser=0&hl=en&rclk=1,"scooter rental in El Nido, Palawan, Philippines",El Nido
Pawikan Hostel El Nido,4.5,(83),943 438 5397,https://wa.me/9434385397,,,Scooter Rental,0943 438 5397,,,,,11.1793845,119.3870202,https://www.google.com/maps/place/Pawikan+Hostel+El+Nido/data=!4m11!3m10!1s0x33b65516f4909775:0xf310625a23a12619!5m3!1s2026-10-31!4m1!1i2!8m2!3d11.1793845!4d119.3870202!16s%2Fg%2F11c3x2fq5_!19sChIJdZeQ9BZVtjMRGSahI1piEPM?authuser=0&hl=en&rclk=1,"scooter rental in El Nido, Palawan, Philippines",El Nido
Dos Hermanos Inn.,4.6,(15),907 557 2580,https://wa.me/9075572580,,,Scooter Rental,0907 557 2580,,,,,11.1807676,119.3843329,https://www.google.com/maps/place/Dos+Hermanos+Inn./data=!4m11!3m10!1s0x33b655dc046e637f:0xa926e63f3dc427f7!5m3!1s2026-10-31!4m1!1i2!8m2!3d11.1807676!4d119.3843329!16s%2Fg%2F11kj1z6jpm!19sChIJf2NuBNxVtjMR9yfEPT_mJqk?authuser=0&hl=en&rclk=1,"scooter rental in El Nido, Palawan, Philippines",El Nido
"Pugad Hostel, El Nido Palawan",4.6,(49),909 623 8053,https://wa.me/9096238053,,,Scooter Rental,0909 623 8053,,,,,11.1783904,119.3917631,"https://www.google.com/maps/place/Pugad+Hostel,+El+Nido+Palawan/data=!4m11!3m10!1s0x33b655e2ae8636ab:0xd348567538f661ef!5m3!1s2026-10-31!4m1!1i2!8m2!3d11.1783904!4d119.3917631!16s%2Fg%2F11xgrq8qbp!19sChIJqzaGruJVtjMR72H2OHVWSNM?authuser=0&hl=en&rclk=1","scooter rental in El Nido, Palawan, Philippines",El Nido
TRES MARIA'S TRAVEL AND TOURS/TICKETING SERVICE,4.4,(29),919 704 7774,https://wa.me/9197047774,,,Scooter Rental,57 Real St,https://tresmariastravel.webtulz.site/,,,,11.1797169,119.3867286,https://www.google.com/maps/place/TRES+MARIA%27S+TRAVEL+AND+TOURS%2FTICKETING+SERVICE/data=!4m7!3m6!1s0x33b65503f60254fd:0x51e6a90e26243529!8m2!3d11.1797169!4d119.3867286!16s%2Fg%2F11fqcb2dm9!19sChIJ_VQC9gNVtjMRKTUkJg6p5lE?authuser=0&hl=en&rclk=1,"scooter rental in El Nido, Palawan, Philippines",El Nido
BEEHIVE EL NIDO,4.6,(51),906 079 5912,https://wa.me/9060795912,,,Scooter Rental,0906 079 5912,http://booking.com/,,,,11.179788,119.3875847,https://www.google.com/maps/place/BEEHIVE+EL+NIDO/data=!4m11!3m10!1s0x33b655c60af72523:0x5d1523e1574a1325!5m3!1s2026-10-31!4m1!1i2!8m2!3d11.179788!4d119.3875847!16s%2Fg%2F11wvk6zbkm!19sChIJIyX3CsZVtjMRJRNKV-EjFV0?authuser=0&hl=en&rclk=1,"scooter rental in El Nido, Palawan, Philippines",El Nido
Dagatan Travel And Tour,3.5,(35),969 152 7942,https://wa.me/9691527942,,,Scooter Rental,0969 152 7942,,,,,11.1812593,119.3911694,https://www.google.com/maps/place/Dagatan+Travel+And+Tour/data=!4m7!3m6!1s0x33b6551585e92871:0xf56c2b7c3ba07189!8m2!3d11.1812593!4d119.3911694!16s%2Fg%2F11cs3qsbjn!19sChIJcSjphRVVtjMRiXGgO3wrbPU?authuser=0&hl=en&rclk=1,"scooter rental in El Nido, Palawan, Philippines",El Nido
Palawan Tours by Sulit Trip Travel & Tours,5.0,(2),966 253 4473,https://wa.me/9662534473,,,Scooter Rental,0966 253 4473,,,,,11.1768924,119.3910516,https://www.google.com/maps/place/Palawan+Tours+by+Sulit+Trip+Travel+%26+Tours/data=!4m7!3m6!1s0x33b6559aa93a1f77:0x29cfad102a19e729!8m2!3d11.1768924!4d119.3910516!16s%2Fg%2F11tflmct_j!19sChIJdx86qZpVtjMRKecZKhCtzyk?authuser=0&hl=en&rclk=1,"scooter rental in El Nido, Palawan, Philippines",El Nido
Bill Tourist Inn,4.0,(199),917 102 1505,https://wa.me/9171021505,,,Scooter Rental,0917 102 1505,https://hotel-ph.com/,,,,11.1785403,119.3911757,https://www.google.com/maps/place/Bill+Tourist+Inn/data=!4m11!3m10!1s0x33b65514503f621b:0x912f2e2962f33b73!5m3!1s2026-10-31!4m1!1i2!8m2!3d11.1785403!4d119.3911757!16s%2Fg%2F11cnttbc3m!19sChIJG2I_UBRVtjMRczvzYikuL5E?authuser=0&hl=en&rclk=1,"scooter rental in El Nido, Palawan, Philippines",El Nido
Blau Hostel,4.6,(38),908 202 2497,https://wa.me/9082022497,,,Scooter Rental,0908 202 2497,,,,,11.178662,119.3918314,https://www.google.com/maps/place/Blau+Hostel/data=!4m11!3m10!1s0x33b655422184f155:0x78dd4d8621a4cdf3!5m3!1s2026-10-31!4m1!1i2!8m2!3d11.178662!4d119.3918314!16s%2Fg%2F11xt709tvp!19sChIJVfGEIUJVtjMR882kIYZN3Xg?authuser=0&hl=en&rclk=1,"scooter rental in El Nido, Palawan, Philippines",El Nido
JAYVEN KAYAK RENTAL (kayaking El nido),5.0,(175),951 295 2114,https://wa.me/9512952114,,,Scooter Rental,0951 295 2114,,,,,11.1697262,119.3945039,https://www.google.com/maps/place/JAYVEN+KAYAK+RENTAL+%28kayaking+El+nido%29/data=!4m7!3m6!1s0x33b65562c8381da9:0x92d1570abfb9a2f8!8m2!3d11.1697262!4d119.3945039!16s%2Fg%2F11svlgvzzj!19sChIJqR04yGJVtjMR-KK5vwpX0ZI?authuser=0&hl=en&rclk=1,"scooter rental in El Nido, Palawan, Philippines",El Nido
Z Garden Hotel,4.9,(149),917 777 0672,https://wa.me/9177770672,,,Scooter Rental,0917 777 0672,https://zgardenhotel.com/,,,,11.1800725,119.3863885,https://www.google.com/maps/place/Z+Garden+Hotel/data=!4m11!3m10!1s0x33b655b7851e0191:0x5bc74e616910e9f6!5m3!1s2026-10-31!4m1!1i2!8m2!3d11.1800725!4d119.3863885!16s%2Fg%2F11ykncqrh4!19sChIJkQEehbdVtjMR9ukQaWFOx1s?authuser=0&hl=en&rclk=1,"scooter rental in El Nido, Palawan, Philippines",El Nido
Anang Balay Turista,4.0,(62),929 603 3589,https://wa.me/9296033589,,,Scooter Rental,0929 603 3589,https://anangbalayturista.top/,,,,11.1801586,119.3873699,https://www.google.com/maps/place/Anang+Balay+Turista/data=!4m11!3m10!1s0x33b655164312f3b5:0x5159fbf0c7dd6d36!5m3!1s2026-10-31!4m1!1i2!8m2!3d11.1801586!4d119.3873699!16s%2Fg%2F12qgk5sdj!19sChIJtfMSQxZVtjMRNm3dx_D7WVE?authuser=0&hl=en&rclk=1,"scooter rental in El Nido, Palawan, Philippines",El Nido
Caltex Corong-corong Gasoline Station,3.9,(36),977 856 1387,https://wa.me/9778561387,,,Scooter Rental,0977 856 1387,,,,,11.171982,119.3945076,https://www.google.com/maps/place/Caltex+Corong-corong+Gasoline+Station/data=!4m7!3m6!1s0x33b65512b3a3d3e1:0x2bc3ffef1259e853!8m2!3d11.171982!4d119.3945076!16s%2Fg%2F11c56bjkh0!19sChIJ4dOjsxJVtjMRU-hZEu__wys?authuser=0&hl=en&rclk=1,"scooter rental in El Nido, Palawan, Philippines",El Nido
Balili Villas,3.5,(38),,,,,Scooter Rental,,,,,,11.1695144,119.3948711,https://www.google.com/maps/place/Balili+Villas/data=!4m11!3m10!1s0x33b655ac715c7057:0xab92c7c758f8476f!5m3!1s2026-10-31!4m1!1i2!8m2!3d11.1695144!4d119.3948711!16s%2Fg%2F11jzsccr6x!19sChIJV3BccaxVtjMRb0f4WMfHkqs?authuser=0&hl=en&rclk=1,"scooter rental in El Nido, Palawan, Philippines",El Nido
MotoBox El Nido,5.0,(7),995 091 9182,https://wa.me/9950919182,https://www.instagram.com/motoboxelnido/,,Scooter Rental,0995 091 9182,https://www.instagram.com/motoboxelnido/,,,,11.2041049,119.4233727,https://www.google.com/maps/place/MotoBox+El+Nido/data=!4m7!3m6!1s0x33b7010e06add9a5:0x8956b8171b930ec6!8m2!3d11.2041049!4d119.4233727!16s%2Fg%2F11t9f0ktc8!19sChIJpdmtBg4BtzMRxg6TGxe4Vok?authuser=0&hl=en&rclk=1,"scooter rental in El Nido, Palawan, Philippines",El Nido
Chelle's Apartelle-Inn,4.0,(75),915 788 9589,https://wa.me/9157889589,,,Scooter Rental,0915 788 9589,,,,,11.1729548,119.3925919,https://www.google.com/maps/place/Chelle%27s+Apartelle-Inn/data=!4m7!3m6!1s0x33b6551399a6d079:0xfed872e379dbe4a9!8m2!3d11.1729548!4d119.3925919!16s%2Fg%2F11f4hp3zy6!19sChIJedCmmRNVtjMRqeTbeeNy2P4?authuser=0&hl=en&rclk=1,"scooter rental in El Nido, Palawan, Philippines",El Nido
Popoy's Motorbike Rental,5.0,(4),994 901 5874,https://wa.me/9949015874,,https://www.facebook.com/share/1BWm1A9Wvu/?mibextid=wwXIfr,Scooter Rental,0994 901 5874,https://www.facebook.com/share/1BWm1A9Wvu/?mibextid=wwXIfr,,,,11.1970996,119.421101,https://www.google.com/maps/place/Popoy%27s+Motorbike+Rental/data=!4m7!3m6!1s0x33b6ff44c759f973:0xc6ec4a01ca665d0a!8m2!3d11.1970996!4d119.421101!16s%2Fg%2F11m5vvsrjm!19sChIJc_lZx0T_tjMRCl1mygFK7MY?authuser=0&hl=en&rclk=1,"scooter rental in El Nido, Palawan, Philippines",El Nido
Jace's Travellers Inn,3.9,(55),,,,https://www.facebook.com/jacestravellersinn,Scooter Rental,,https://www.facebook.com/jacestravellersinn,,,,11.1734919,119.3927237,https://www.google.com/maps/place/Jace%27s+Travellers+Inn/data=!4m7!3m6!1s0x33b703a4ae049ea1:0x35ae4b4638e31d5b!8m2!3d11.1734919!4d119.3927237!16s%2Fg%2F11td3cf88s!19sChIJoZ4ErqQDtzMRWx3jOEZLrjU?authuser=0&hl=en&rclk=1,"scooter rental in El Nido, Palawan, Philippines",El Nido
Krizma Inn,3.6,(38),912 654 8487,https://wa.me/9126548487,,,Scooter Rental,0912 654 8487,,,,,11.1788235,119.3904273,https://www.google.com/maps/place/Krizma+Inn/data=!4m7!3m6!1s0x33b6551449f15609:0x4fd1277eabfdd8c!8m2!3d11.1788235!4d119.3904273!16s%2Fg%2F11cn729prh!19sChIJCVbxSRRVtjMRjN2_6ncS_QQ?authuser=0&hl=en&rclk=1,"scooter rental in El Nido, Palawan, Philippines",El Nido
Virginia Suites,4.4,(83),915 238 7493,https://wa.me/9152387493,,,Scooter Rental,0915 238 7493,,,,,11.1784915,119.3900038,https://www.google.com/maps/place/Virginia+Suites/data=!4m7!3m6!1s0x33b655139a0ab9a9:0x1246d1078ac8afda!8m2!3d11.1784915!4d119.3900038!16s%2Fg%2F11fl0tbznh!19sChIJqbkKmhNVtjMR2q_IigfRRhI?authuser=0&hl=en&rclk=1,"scooter rental in El Nido, Palawan, Philippines",El Nido
U Inn,3.9,(12),,,,,Scooter Rental,,,,,,11.1801168,119.3873591,https://www.google.com/maps/place/U+Inn/data=!4m7!3m6!1s0x33b655a03b4a816f:0xfa5bf363213a19c8!8m2!3d11.1801168!4d119.3873591!16s%2Fg%2F11krtvdtg6!19sChIJb4FKO6BVtjMRyBk6IWPzW_o?authuser=0&hl=en&rclk=1,"scooter rental in El Nido, Palawan, Philippines",El Nido
Petron,3.6,(8),,,,,Scooter Rental,,,,,,11.1803619,119.3868938,https://www.google.com/maps/place/Petron/data=!4m7!3m6!1s0x33b6551645a9fc37:0x383c709b6eb5ce69!8m2!3d11.1803619!4d119.3868938!16s%2Fg%2F119x3s7q5!19sChIJN_ypRRZVtjMRac61bptwPDg?authuser=0&hl=en&rclk=1,"scooter rental in El Nido, Palawan, Philippines",El Nido
Nido Bay Inn,4.2,(22),927 560 8535,https://wa.me/9275608535,,,Scooter Rental,0927 560 8535,,,,,11.1802083,119.3876512,https://www.google.com/maps/place/Nido+Bay+Inn/data=!4m7!3m6!1s0x33b655166840afeb:0x14987dc6db7cbd41!8m2!3d11.1802083!4d119.3876512!16s%2Fg%2F11b73qntb5!19sChIJ669AaBZVtjMRQb1828Z9mBQ?authuser=0&hl=en&rclk=1,"scooter rental in El Nido, Palawan, Philippines",El Nido
"Carandang Tourist Inn, El Nido",4.6,(24),919 595 9489,https://wa.me/9195959489,,,Scooter Rental,0919 595 9489,https://www.philippineshotels.net/en/hotel/carandangfam-inn.html,,,,11.1735401,119.3925064,"https://www.google.com/maps/place/Carandang+Tourist+Inn,+El+Nido/data=!4m7!3m6!1s0x33b65500511eebe3:0x462f09e69e7c7257!8m2!3d11.1735401!4d119.3925064!16s%2Fg%2F11wxfh6jzm!19sChIJ4-seUQBVtjMRV3J8nuYJL0Y?authuser=0&hl=en&rclk=1","scooter rental in El Nido, Palawan, Philippines",El Nido
Kataluma Inn,4.4,(9),,,,,Scooter Rental,,,,,,11.1734954,119.3925964,https://www.google.com/maps/place/Kataluma+Inn/data=!4m7!3m6!1s0x33b65500608c0977:0xe95bd9410a29983a!8m2!3d11.1734954!4d119.3925964!16s%2Fg%2F11y69_pgkd!19sChIJdwmMYABVtjMROpgpCkHZW-k?authuser=0&hl=en&rclk=1,"scooter rental in El Nido, Palawan, Philippines",El Nido
MILVIR TOURIST INN,4.8,(104),,,,,Scooter Rental,,https://milvirtouristinn.top/,,,,11.1726292,119.3944914,https://www.google.com/maps/place/MILVIR+TOURIST+INN/data=!4m7!3m6!1s0x33b65512ca39df71:0x7d2db5a68890b7d0!8m2!3d11.1726292!4d119.3944914!16s%2Fg%2F11v0n2j4t1!19sChIJcd85yhJVtjMR0LeQiKa1LX0?authuser=0&hl=en&rclk=1,"scooter rental in El Nido, Palawan, Philippines",El Nido
eL Seatopia,4.6,(21),995 962 4851,https://wa.me/9959624851,,https://www.facebook.com/el-Seatopia-Beach-Cottages-255852528209316/,Scooter Rental,0995 962 4851,https://www.facebook.com/el-Seatopia-Beach-Cottages-255852528209316/,,,,11.1667865,119.3968228,https://www.google.com/maps/place/eL+Seatopia/data=!4m7!3m6!1s0x33b65539d9342ebd:0x3fad61069ac1e075!8m2!3d11.1667865!4d119.3968228!16s%2Fg%2F11j4ksvzj9!19sChIJvS402TlVtjMRdeDBmgZhrT8?authuser=0&hl=en&rclk=1,"scooter rental in El Nido, Palawan, Philippines",El Nido
Woodland Inn,4.4,(24),926 741 9706,https://wa.me/9267419706,,,Scooter Rental,0926 741 9706,https://www.booking.com/hotel/ph/woodland-inn.html?lang=xu,,,,11.1815686,119.4002488,https://www.google.com/maps/place/Woodland+Inn/data=!4m7!3m6!1s0x33b655de6b58b131:0xb0de5754eea59dff!8m2!3d11.1815686!4d119.4002488!16s%2Fg%2F11s2r4xl2x!19sChIJMbFYa95VtjMR_52l7lRX3rA?authuser=0&hl=en&rclk=1,"scooter rental in El Nido, Palawan, Philippines",El Nido
Casa Juliana Boutique Hotel El Nido,3.8,(70),908 683 3768,https://wa.me/9086833768,,,Scooter Rental,0908 683 3768,,,,,11.1704505,119.3947043,https://www.google.com/maps/place/Casa+Juliana+Boutique+Hotel+El+Nido/data=!4m7!3m6!1s0x33b65579212fea65:0x9487a609aafb68d3!8m2!3d11.1704505!4d119.3947043!16s%2Fg%2F11wbxqg371!19sChIJZeovIXlVtjMR02j7qgmmh5Q?authuser=0&hl=en&rclk=1,"scooter rental in El Nido, Palawan, Philippines",El Nido
Spin Designer Hostel,4.5,(638),917 625 7846,https://wa.me/9176257846,,,Scooter Rental,0917 625 7846,https://www.spinhostel.com/,,,,11.1802154,119.3927521,https://www.google.com/maps/place/Spin+Designer+Hostel/data=!4m7!3m6!1s0x33b655156dd12a7b:0xb6f5849a1c23d89!8m2!3d11.1802154!4d119.3927521!16s%2Fg%2F11bw1zxqml!19sChIJeyrRbRVVtjMRiT3CoUlYbws?authuser=0&hl=en&rclk=1,"scooter rental in El Nido, Palawan, Philippines",El Nido
Just Inn,3.7,(133),919 928 8821,https://wa.me/9199288821,,,Scooter Rental,0919 928 8821,https://hotel-ph.com/,,,,11.1731242,119.3930126,https://www.google.com/maps/place/Just+Inn/data=!4m7!3m6!1s0x33b65512e8908d35:0x51e909ec42c7edff!8m2!3d11.1731242!4d119.3930126!16s%2Fg%2F11dzdh4hqs!19sChIJNY2Q6BJVtjMR_-3HQuwJ6VE?authuser=0&hl=en&rclk=1,"scooter rental in El Nido, Palawan, Philippines",El Nido
Fisheye The Rooms,4.1,(63),999 473 1102,https://wa.me/9994731102,,,Scooter Rental,0999 473 1102,https://fisheyetherooms.top/,,,,11.1803585,119.3905669,https://www.google.com/maps/place/Fisheye+The+Rooms/data=!4m7!3m6!1s0x33b65525ca4f7a67:0xb46e3ce2400331bf!8m2!3d11.1803585!4d119.3905669!16s%2Fg%2F11gyb5g5q6!19sChIJZ3pPyiVVtjMRvzEDQOI8brQ?authuser=0&hl=en&rclk=1,"scooter rental in El Nido, Palawan, Philippines",El Nido
Duli Beach,4.7,(63),,,,,Embassy,,,,,,11.3485947,119.4588573,https://www.google.com/maps/place/Duli+Beach/data=!4m7!3m6!1s0x33b7071cfef79b8b:0xbe042104ab4a5041!8m2!3d11.3485947!4d119.4588573!16s%2Fg%2F11vjbqk45p!19sChIJi5v3_hwHtzMRQVBKqwQhBL4?authuser=0&hl=en&rclk=1,"embassy in El Nido, Palawan, Philippines",El Nido
Puerto Princesa Immigration Field Office,4.3,(58),(048) 433 2248,https://wa.me/0484332248,,,Embassy,433 2248,https://immigration.gov.ph/,,,,9.7680404,118.7484595,https://www.google.com/maps/place/Puerto+Princesa+Immigration+Field+Office/data=!4m7!3m6!1s0x33b5634965ca7563:0xe4f9240a50e55b9a!8m2!3d9.7680404!4d118.7484595!16s%2Fg%2F11rxtw_xj4!19sChIJY3XKZUljtTMRmlvlUAok-eQ?authuser=0&hl=en&rclk=1,"embassy in El Nido, Palawan, Philippines",El Nido
El Nido Municipal Hall,4.1,(28),,,,,Embassy,,,,,,11.1798313,119.390431,https://www.google.com/maps/place/El+Nido+Municipal+Hall/data=!4m7!3m6!1s0x33b65515b62677d7:0xa9fdbef0987b88b0!8m2!3d11.1798313!4d119.390431!16s%2Fg%2F1td_867l!19sChIJ13cmthVVtjMRsIh7mPC-_ak?authuser=0&hl=en&rclk=1,"embassy in El Nido, Palawan, Philippines",El Nido
British Embassy Manila,3.5,(118),,,,,Embassy,120 Upper McKinley Hl,https://www.gov.uk/government/world/philippines,,,,14.540911,121.053947,https://www.google.com/maps/place/British+Embassy+Manila/data=!4m7!3m6!1s0x3397c8eb0164dec1:0x88a1923345fee6c1!8m2!3d14.540911!4d121.053947!16s%2Fg%2F1tmxt3m9!19sChIJwd5kAevIlzMRweb-RTOSoYg?authuser=0&hl=en&rclk=1,"embassy in El Nido, Palawan, Philippines",El Nido
"Consular Agency of the United States, Cebu Philippines",3.8,(85),(032) 231 1261,https://wa.me/0322311261,,,Embassy,6000 Salinas Dr,,,,,10.3250829,123.9050515,"https://www.google.com/maps/place/Consular+Agency+of+the+United+States,+Cebu+Philippines/data=!4m7!3m6!1s0x33a99923bd30d767:0xe296c3e60010d80f!8m2!3d10.3250829!4d123.9050515!16s%2Fg%2F1hc24f6l7!19sChIJZ9cwvSOZqTMRD9gQAObDluI?authuser=0&hl=en&rclk=1","embassy in El Nido, Palawan, Philippines",El Nido
Embassy of the United States of America,3.9,(515),,,,,Embassy,1201 Roxas Blvd,,,,,14.5771562,120.9776688,https://www.google.com/maps/place/Embassy+of+the+United+States+of+America/data=!4m7!3m6!1s0x3397ca2e484343e9:0xc83875debaab237b!8m2!3d14.5771562!4d120.9776688!16s%2Fm%2F02qj823!19sChIJ6UNDSC7KlzMReyOrut51OMg?authuser=0&hl=en&rclk=1,"embassy in El Nido, Palawan, Philippines",El Nido
Bacuit Petrol Station,4.5,(4),,,,,Gas Station,,,,,,11.17216,119.394474,https://www.google.com/maps/place/Bacuit+Petrol+Station/data=!4m7!3m6!1s0x33b65512b66b3893:0xd8abddacf34c94ec!8m2!3d11.17216!4d119.394474!16s%2Fg%2F11cmnk3s94!19sChIJkzhrthJVtjMR7JRM86zdq9g?authuser=0&hl=en&rclk=1,"gas station in El Nido, Palawan, Philippines",El Nido
Unity Gas Station,5.0,(2),,,,,Gas Station,,,,,,11.1838543,119.3945445,https://www.google.com/maps/place/Unity+Gas+Station/data=!4m7!3m6!1s0x33b65507793dec15:0xb6bb9326558cee93!8m2!3d11.1838543!4d119.3945445!16s%2Fg%2F11kk74k69c!19sChIJFew9eQdVtjMRk-6MVSaTu7Y?authuser=0&hl=en&rclk=1,"gas station in El Nido, Palawan, Philippines",El Nido
Petron Lio,4.2,(17),,,,,Gas Station,,,,,,11.1878095,119.4089203,https://www.google.com/maps/place/Petron+Lio/data=!4m7!3m6!1s0x33b6557fb6d2fbeb:0xb5811af475a7d242!8m2!3d11.1878095!4d119.4089203!16s%2Fg%2F11h35n_8z4!19sChIJ6_vStn9VtjMRQtKndfQagbU?authuser=0&hl=en&rclk=1,"gas station in El Nido, Palawan, Philippines",El Nido
Caltex Bobolongan Gasoline Station,4.0,(7),,,,,Gas Station,,,,,,11.155848,119.4083562,https://www.google.com/maps/place/Caltex+Bobolongan+Gasoline+Station/data=!4m7!3m6!1s0x33b655cab6168ed1:0x8ee7291d282536c!8m2!3d11.155848!4d119.4083562!16s%2Fg%2F11j1svlpb6!19sChIJ0Y4WtspVtjMRbFOC0pFy7gg?authuser=0&hl=en&rclk=1,"gas station in El Nido, Palawan, Philippines",El Nido
Caltex Villa Libertad Gasoline Station,3.9,(12),,,,,Gas Station,,,,,,11.1926291,119.4164608,https://www.google.com/maps/place/Caltex+Villa+Libertad+Gasoline+Station/data=!4m7!3m6!1s0x33b655aa3587f5c1:0x21464d32c663a24c!8m2!3d11.1926291!4d119.4164608!16s%2Fg%2F11r8_c8t90!19sChIJwfWHNapVtjMRTKJjxjJNRiE?authuser=0&hl=en&rclk=1,"gas station in El Nido, Palawan, Philippines",El Nido
Phoenix El Nido,4.3,(17),,,,,Gas Station,,,,,,11.2012182,119.4257027,https://www.google.com/maps/place/Phoenix+El+Nido/data=!4m7!3m6!1s0x33b701b094f75f05:0x3e0fead38ad94ff!8m2!3d11.2012182!4d119.4257027!16s%2Fg%2F11tmytktzg!19sChIJBV_3lLABtzMR_5StOK3-4AM?authuser=0&hl=en&rclk=1,"gas station in El Nido, Palawan, Philippines",El Nido
Caltex Bucana- El Nido Gasoline Station,5.0,(3),,,,,Gas Station,,,,,,11.3346736,119.4561525,https://www.google.com/maps/place/Caltex+Bucana-+El+Nido+Gasoline+Station/data=!4m7!3m6!1s0x33b7071273df337d:0xe83ebf46a6c7731d!8m2!3d11.3346736!4d119.4561525!16s%2Fg%2F11kpxz4ddp!19sChIJfTPfcxIHtzMRHXPHpka_Pug?authuser=0&hl=en&rclk=1,"gas station in El Nido, Palawan, Philippines",El Nido
XTRAMILE DIPNAY,5.0,(1),,,,,Gas Station,,,,,,11.3209875,119.5392656,https://www.google.com/maps/place/XTRAMILE+DIPNAY/data=!4m7!3m6!1s0x33b705007fef196d:0xd7bab123b8119151!8m2!3d11.3209875!4d119.5392656!16s%2Fg%2F11vq_6b7w0!19sChIJbRnvfwAFtzMRUZERuCOxutc?authuser=0&hl=en&rclk=1,"gas station in El Nido, Palawan, Philippines",El Nido
Emro-Plus Gas Station,5.0,(1),977 743 0026,https://wa.me/9777430026,,,Gas Station,,,,,,9.7810744,118.7441919,https://www.google.com/maps/place/Emro-Plus+Gas+Station/data=!4m7!3m6!1s0x33b5630073c1a501:0xec5451f1715ee6c5!8m2!3d9.7810744!4d118.7441919!16s%2Fg%2F11yspdt5xh!19sChIJAaXBcwBjtTMRxeZecfFRVOw?authuser=0&hl=en&rclk=1,"gas station in El Nido, Palawan, Philippines",El Nido
Petron Gas Station,4.3,(12),,,,,Gas Station,,http://petron.com/,,,,9.7666342,118.747149,https://www.google.com/maps/place/Petron+Gas+Station/data=!4m7!3m6!1s0x33b56399a381c1b5:0xa2370a4d38aea751!8m2!3d9.7666342!4d118.747149!16s%2Fg%2F11f40t5jgf!19sChIJtcGBo5ljtTMRUaeuOE0KN6I?authuser=0&hl=en&rclk=1,"gas station in El Nido, Palawan, Philippines",El Nido
Fortune Two Three Gas Station,4.0,(1),998 856 7088,https://wa.me/9988567088,,,Gas Station,0998 856 7088,,,,,9.7713889,118.7388889,https://www.google.com/maps/place/Fortune+Two+Three+Gas+Station/data=!4m7!3m6!1s0x33b563a16a507b3d:0xfd2b9f2a08d5a238!8m2!3d9.7713889!4d118.7388889!16s%2Fg%2F11c2bxfkr8!19sChIJPXtQaqFjtTMROKLVCCqfK_0?authuser=0&hl=en&rclk=1,"gas station in El Nido, Palawan, Philippines",El Nido
FilOil Gas Station,5.0,(1),,,,,Gas Station,,,,,,9.7669881,118.7471759,https://www.google.com/maps/place/FilOil+Gas+Station/data=!4m7!3m6!1s0x33b56399a0b7f5f5:0xbf2f893488a3132e!8m2!3d9.7669881!4d118.7471759!16s%2Fg%2F12mjy8q_k!19sChIJ9fW3oJljtTMRLhOjiDSJL78?authuser=0&hl=en&rclk=1,"gas station in El Nido, Palawan, Philippines",El Nido
Caltex Sicsican Gasoline Station,4.2,(18),917 555 1183,https://wa.me/9175551183,,,Gas Station,0917 555 1183,,,,,9.7952587,118.7117657,https://www.google.com/maps/place/Caltex+Sicsican+Gasoline+Station/data=!4m7!3m6!1s0x33b563c53213de4b:0xf3aecf6fc39f1a01!8m2!3d9.7952587!4d118.7117657!16s%2Fg%2F11p3b6m8j9!19sChIJS94TMsVjtTMRARqfw2_PrvM?authuser=0&hl=en&rclk=1,"gas station in El Nido, Palawan, Philippines",El Nido
Unity Gas Station,5.0,(3),,,,,Gas Station,55 El Nido,,,,,10.8173796,119.4979696,https://www.google.com/maps/place/Unity+Gas+Station/data=!4m7!3m6!1s0x33b68b9ab938f28b:0x86954ad0d0a0d309!8m2!3d10.8173796!4d119.4979696!16s%2Fg%2F11b7d3hlzd!19sChIJi_I4uZqLtjMRCdOg0NBKlYY?authuser=0&hl=en&rclk=1,"gas station in El Nido, Palawan, Philippines",El Nido
Jlj Filoil Gas Refilling Station,5.0,(2),998 856 7088,https://wa.me/9988567088,,,Gas Station,0998 856 7088,,,,,9.8433333,118.7361111,https://www.google.com/maps/place/Jlj+Filoil+Gas+Refilling+Station/data=!4m7!3m6!1s0x33b57cee619f4d3f:0xfc35df8a3c17ad08!8m2!3d9.8433333!4d118.7361111!16s%2Fg%2F11csjf04rg!19sChIJP02fYe58tTMRCK0XPIrfNfw?authuser=0&hl=en&rclk=1,"gas station in El Nido, Palawan, Philippines",El Nido
Bar 147 by SPIN,4.8,(269),917 625 7846,https://wa.me/9176257846,,,Gas Station,147 by SPIN  4,https://spinhostel.com/,,,,11.1802134,119.3927695,https://www.google.com/maps/place/Bar+147+by+SPIN/data=!4m7!3m6!1s0x33b655ff62f351a9:0x4b5bb3707dc2d60f!8m2!3d11.1802134!4d119.3927695!16s%2Fg%2F11wfj8nnz6!19sChIJqVHzYv9VtjMRD9bCfXCzW0s?authuser=0&hl=en&rclk=1,"gas station in El Nido, Palawan, Philippines",El Nido
La Palme,3.7,(108),927 700 5150,https://wa.me/9277005150,,,Gas Station,0927 700 5150,https://us2.cloudbeds.com/reservation/Al6VFG,,,,11.1788252,119.3897558,https://www.google.com/maps/place/La+Palme/data=!4m11!3m10!1s0x33b6553efa38e631:0x91fddc45888adfea!5m3!1s2026-10-31!4m1!1i2!8m2!3d11.1788252!4d119.3897558!16s%2Fg%2F11sv_6hccd!19sChIJMeY4-j5VtjMR6t-KiEXc_ZE?authuser=0&hl=en&rclk=1,"gas station in El Nido, Palawan, Philippines",El Nido
Shell,4.4,(10),(048) 434 9883,https://wa.me/0484349883,,,Gas Station,434 9883,https://find.shell.com/ph/fuel/12405269-sh-san-jose-puerto-prin/en_PH,,,,9.783217,118.748111,https://www.google.com/maps/place/Shell/data=!4m7!3m6!1s0x33b563723d7fc9e1:0xdd6d100d7d37f513!8m2!3d9.783217!4d118.748111!16s%2Fg%2F11bwp2mwy9!19sChIJ4cl_PXJjtTMRE_U3fQ0Qbd0?authuser=0&hl=en&rclk=1,"gas station in El Nido, Palawan, Philippines",El Nido
Lakandiwa Tourist Inn,4.3,(28),961 533 0297,https://wa.me/9615330297,,https://www.facebook.com/share/16MdBChrgc/?mibextid=wwXIfr,Gas Station,0961 533 0297,https://www.facebook.com/share/16MdBChrgc/?mibextid=wwXIfr,,,,11.1718653,119.3948099,https://www.google.com/maps/place/Lakandiwa+Tourist+Inn/data=!4m11!3m10!1s0x33b655c14247393d:0x511443b858174ce6!5m3!1s2026-10-31!4m1!1i2!8m2!3d11.1718653!4d119.3948099!16s%2Fg%2F11ww6bks33!19sChIJPTlHQsFVtjMR5kwXWLhDFFE?authuser=0&hl=en&rclk=1,"gas station in El Nido, Palawan, Philippines",El Nido
Cool station restaurant bistro,4.8,(123),935 575 0991,https://wa.me/9355750991,,,Gas Station,0935 575 0991,,,,,11.1873512,119.3945851,https://www.google.com/maps/place/Cool+station+restaurant+bistro/data=!4m7!3m6!1s0x33b6552cb1afa887:0xc58bf8c169e240e!8m2!3d11.1873512!4d119.3945851!16s%2Fg%2F11y3lqr4bs!19sChIJh6ivsSxVtjMRDiSeFoy_WAw?authuser=0&hl=en&rclk=1,"gas station in El Nido, Palawan, Philippines",El Nido
Filoil by Total (Dumaran),4.7,(6),917 522 2032,https://wa.me/9175222032,,,Gas Station,0917 522 2032,,,,,10.49374,119.6755572,https://www.google.com/maps/place/Filoil+by+Total+%28Dumaran%29/data=!4m7!3m6!1s0x33b42722537324a9:0x220acec9a22ef365!8m2!3d10.49374!4d119.6755572!16s%2Fg%2F11g6wxry2n!19sChIJqSRzUyIntDMRZfMuosnOCiI?authuser=0&hl=en&rclk=1,"gas station in El Nido, Palawan, Philippines",El Nido
ARB GASOLINE STATION,4.2,(5),,,,,Gas Station,,,,,,10.8154008,119.4939525,https://www.google.com/maps/place/ARB+GASOLINE+STATION/data=!4m7!3m6!1s0x33b68b90c8fa9587:0x14aa32a8f8ed4e54!8m2!3d10.8154008!4d119.4939525!16s%2Fg%2F11kbbr_bry!19sChIJh5X6yJCLtjMRVE7t-KgyqhQ?authuser=0&hl=en&rclk=1,"gas station in El Nido, Palawan, Philippines",El Nido
Total Gas Station - San Manuel,4.3,(15),,,,,Gas Station,,,,,,9.7811339,118.7486562,https://www.google.com/maps/place/Total+Gas+Station+-+San+Manuel/data=!4m7!3m6!1s0x33b56373d96fbe8f:0xaadf6f6c77f985cd!8m2!3d9.7811339!4d118.7486562!16s%2Fg%2F11dxcj6pwm!19sChIJj75v2XNjtTMRzYX5d2xv36o?authuser=0&hl=en&rclk=1,"gas station in El Nido, Palawan, Philippines",El Nido
Frendz Hostel El Nido,4.5,(757),929 348 7999,https://wa.me/9293487999,,,Gas Station,0929 348 7999,https://frendzresorthostels.com/el-nido/,,,,11.1812087,119.3918747,https://www.google.com/maps/place/Frendz+Hostel+El+Nido/data=!4m11!3m10!1s0x33b655d63691e6c1:0xcd00b08c26c4a858!5m3!1s2026-10-31!4m1!1i2!8m2!3d11.1812087!4d119.3918747!16s%2Fg%2F11h3fth6cl!19sChIJweaRNtZVtjMRWKjEJoywAM0?authuser=0&hl=en&rclk=1,"gas station in El Nido, Palawan, Philippines",El Nido
StarOil Gas Station,4.4,(5),,,,,Gas Station,,,,,,9.7370113,118.7378311,https://www.google.com/maps/place/StarOil+Gas+Station/data=!4m7!3m6!1s0x33b563df3127308f:0x5ea8359277fe2ab9!8m2!3d9.7370113!4d118.7378311!16s%2Fg%2F12mj83rwj!19sChIJjzAnMd9jtTMRuSr-d5I1qF4?authuser=0&hl=en&rclk=1,"gas station in El Nido, Palawan, Philippines",El Nido
Good Day Tattoo El Nido,5.0,(209),,,https://www.instagram.com/elnidotattoo2024?igsh=MXFyams2dnducnczdQ%3D%3D&utm_source=qr,,Gas Station,,https://www.instagram.com/elnidotattoo2024?igsh=MXFyams2dnducnczdQ%3D%3D&utm_source=qr,,,,11.1803786,119.3904639,https://www.google.com/maps/place/Good+Day+Tattoo+El+Nido/data=!4m7!3m6!1s0x33b655f0f9c7b559:0x50150eb5f1525ff2!8m2!3d11.1803786!4d119.3904639!16s%2Fg%2F11y38xmq5k!19sChIJWbXH-fBVtjMR8l9S8bUOFVA?authuser=0&hl=en&rclk=1,"gas station in El Nido, Palawan, Philippines",El Nido
RicGem Place El Nido Palawan,3.8,(166),947 648 6549,https://wa.me/9476486549,,,Gas Station,0947 648 6549,,,,,11.177903,119.3915496,https://www.google.com/maps/place/RicGem+Place+El+Nido+Palawan/data=!4m11!3m10!1s0x33b6553fbc155555:0x369d8178314c4d3f!5m3!1s2026-10-31!4m1!1i2!8m2!3d11.177903!4d119.3915496!16s%2Fg%2F12hnq49qn!19sChIJVVUVvD9VtjMRP01MMXiBnTY?authuser=0&hl=en&rclk=1,"gas station in El Nido, Palawan, Philippines",El Nido
Unity Gas Station,3.8,(16),,,,,Gas Station,,,,,,10.3174974,119.3382436,https://www.google.com/maps/place/Unity+Gas+Station/data=!4m7!3m6!1s0x33b5cbf7a248b553:0x7236f3d8f3bc0df6!8m2!3d10.3174974!4d119.3382436!16s%2Fg%2F11b7cjsqqw!19sChIJU7VIovfLtTMR9g2889jzNnI?authuser=0&hl=en&rclk=1,"gas station in El Nido, Palawan, Philippines",El Nido
Royal Express Fuel - Golden Valley,4.0,(2),,,,,Gas Station,,,,,,9.7990876,118.7254173,https://www.google.com/maps/place/Royal+Express+Fuel+-+Golden+Valley/data=!4m7!3m6!1s0x33b5634eb575b95b:0x5292f311a42eae25!8m2!3d9.7990876!4d118.7254173!16s%2Fg%2F11fq_qx4j7!19sChIJW7l1tU5jtTMRJa4upBHzklI?authuser=0&hl=en&rclk=1,"gas station in El Nido, Palawan, Philippines",El Nido
El Nido Tourism Office,3.5,(15),,,,,Tourist Information,,,https://lh3.googleusercontent.com/gps-cs-s/APNQkAEO9WSLfP_XvB7Wa9hWDbwMxREYv5qsI45IttR0nlVg4twA1e1pA9rqmtx6J_AfOdB4QqsceDe03Vk1B9wKzX06I0X3MBih4rUn_asZ9oio0PWspl-dtjZLlXtclbQbB_MM-fgYLg=w1600-h1200-k-no,,,11.180032,119.3903616,https://www.google.com/maps/place/El+Nido+Tourism+Office/data=!4m7!3m6!1s0x33b65515c4f42b5b:0xb411a6e2893a3e44!8m2!3d11.180032!4d119.3903616!16s%2Fg%2F12ml2mk59!19sChIJWyv0xBVVtjMRRD46ieKmEbQ?authuser=0&hl=en&rclk=1,"tourist information in El Nido, Palawan, Philippines",El Nido
Papaya Beach,4.7,(733),,,,,Tourist Information,,,https://lh3.googleusercontent.com/gps-cs-s/APNQkAF4_6fpdLyL3refls2XhPNzxtVyyCvVd3WhWOBN_3EcRwFUGHXaknOiKzzBTmubrR-a1YbBNz-IVhdfVzIHuN0c0zpqqHpWnJFPJ_VARy2VeovH3yJmm5-t-IkPRuukf9_Cva-jfurO82cf=w1600-h1200-k-no,,,11.1730073,119.3816015,https://www.google.com/maps/place/Papaya+Beach/data=!4m7!3m6!1s0x33b6550f8b230821:0x8396ba7689dc421c!8m2!3d11.1730073!4d119.3816015!16s%2Fg%2F11c2ncc8c8!19sChIJIQgjiw9VtjMRHELciXa6loM?authuser=0&hl=en&rclk=1,"tourist information in El Nido, Palawan, Philippines",El Nido
Taraw Cliff,4.5,(351),,,,,Tourist Information,,,https://lh3.googleusercontent.com/gps-cs-s/APNQkAFBooO71xQQ2w6y8UU016LBrsCOhiafGytsMSPGSimHJV8DIy3PTVOanjKbFQFbRMbYjlY85vkD_74B0BqusgptGj07UitcFaDd99-s6Aw0wu95j-vK3e0mIEZRgYS2Be8q6-bL=w1600-h1200-k-no,,,11.1790798,119.3888629,https://www.google.com/maps/place/Taraw+Cliff/data=!4m7!3m6!1s0x33b6551681e629d1:0xb43db151994522d3!8m2!3d11.1790798!4d119.3888629!16s%2Fg%2F11fy4gms8m!19sChIJ0SnmgRZVtjMR0yJFmVGxPbQ?authuser=0&hl=en&rclk=1,"tourist information in El Nido, Palawan, Philippines",El Nido
El Nido Beach,4.4,(937),,,,,Tourist Information,,,https://lh3.googleusercontent.com/gps-cs-s/APNQkAGI4t_z-psHEZR3w4kjEGjW3zTXlRKpSiFKVMsdz84ah-i4rMliHFVxsQY_0adlAkXhD76qjF-wxPqoYxaJNAmGEwkV-O9VIKbDxEht4eBAr0iMiN5R9QA_3RqFiiMjbyLNBE_3wQ=w1600-h1200-k-no,,,11.1811279,119.3904002,https://www.google.com/maps/place/El+Nido+Beach/data=!4m7!3m6!1s0x33b655108d3d5111:0x5e9058a600616229!8m2!3d11.1811279!4d119.3904002!16s%2Fg%2F11gmvwhk9b!19sChIJEVE9jRBVtjMRKWJhAKZYkF4?authuser=0&hl=en&rclk=1,"tourist information in El Nido, Palawan, Philippines",El Nido
El nido Adventures 360°,4.9,(180),,,,,Tourist Information,,,https://lh3.googleusercontent.com/gps-cs-s/APNQkAH4X41g_HICxl5wOYIHifMFs-T4vV8_ddVrxFRlY1BndRQTowHzsQykV-f5ydNSMPZ2YpbfrA_PC7kNcHwpGryB4NjNLdC4CT3Qj7pCFFaIW_554gv0hR3XkPUzhKb5K5fntJmzIiy2E7FR=w1600-h1200-k-no,,,11.1938421,119.4168424,https://www.google.com/maps/place/El+nido+Adventures+360%C2%B0/data=!4m7!3m6!1s0x33b6ffdd5031fe09:0xe77a1834832c2080!8m2!3d11.1938421!4d119.4168424!16s%2Fg%2F11yqrdgnj2!19sChIJCf4xUN3_tjMRgCAsgzQYeuc?authuser=0&hl=en&rclk=1,"tourist information in El Nido, Palawan, Philippines",El Nido
Malugao Beach,4.2,(13),,,,,Tourist Information,,,https://lh3.googleusercontent.com/gps-cs-s/APNQkAGDbHsVvmBAxgGY4XSJveQ-O8x3nvujxSP3Yx-mmbo7efa4_ij0ZJ8CGUZBMgbuzp7VL78yuC_yvVgKEUamS4lPRvRNIaiSmxqMebE4jjgpmC09XAW6wVwgPQeQ-llG15YEJSeLkA=w1600-h1200-k-no,,,11.198032,119.398546,https://www.google.com/maps/place/Malugao+Beach/data=!4m7!3m6!1s0x33b6552889d653dd:0x3113e2e7f8159a15!8m2!3d11.198032!4d119.398546!16s%2Fg%2F11h6tgmxnr!19sChIJ3VPWiShVtjMRFZoV-OfiEzE?authuser=0&hl=en&rclk=1,"tourist information in El Nido, Palawan, Philippines",El Nido
El Nido Via Ferrata Canopy Walk,4.2,"(1,101)",,,,,Tourist Information,,,https://lh3.googleusercontent.com/gps-cs-s/APNQkAF6y4PF-09TsBA-cocMZozg_6X5BQ_o4vJWGo0naEitkTMnZHLdL-rjEpYyW3-hHK2rnP1V_lm954ZwgPCtENh9mgcEPh_c1aBfcZLXzVxl5RKsEZkVS8o_UpcPtWe_bY2MGg5EiULYZuAg=w1600-h1200-k-no,,,11.1775954,119.3902714,https://www.google.com/maps/place/El+Nido+Via+Ferrata+Canopy+Walk/data=!4m7!3m6!1s0x33b6551414a44709:0xd8086f513f9e7606!8m2!3d11.1775954!4d119.3902714!16s%2Fg%2F11d_dj6v3h!19sChIJCUekFBRVtjMRBnaeP1FvCNg?authuser=0&hl=en&rclk=1,"tourist information in El Nido, Palawan, Philippines",El Nido
Akingventures Travel & Tours,4.9,(46),,,,,Tourist Information,,,https://lh3.googleusercontent.com/gps-cs-s/APNQkAFlpYQpcKbSN0yLTJ7S0kPU4C3LWuPxUm8mCNpTaYHX3VEq67M6zelaCp9xHHWekbKG3XNgRtaqd5JbLxirR4QiogDiN-A7Li9RCp1BgxdydrCanMq_pLUfeU3bglL8_7WrNDcE8Q=w1600-h1200-k-no,,,11.1759544,119.3910779,https://www.google.com/maps/place/Akingventures+Travel+%26+Tours/data=!4m7!3m6!1s0x33b6552b77320a25:0x165fe7fae7158488!8m2!3d11.1759544!4d119.3910779!16s%2Fg%2F11y248mjky!19sChIJJQoydytVtjMRiIQV5_rnXxY?authuser=0&hl=en&rclk=1,"tourist information in El Nido, Palawan, Philippines",El Nido
Lapus Lapus Beach,4.7,(131),,,,,Tourist Information,,,https://lh3.googleusercontent.com/gps-cs-s/APNQkAE4H4PzWq-zEMNE8cbmtTikt_PYXZriUEx_rHyBG065xrWSCn2h0yl7wsqWZHDfgrRFgkZ3q0ODUyOUwnP9seXmpnS2zwwxRH4G9z4LWumO2Y4s-1jSQ6lhL7Hb4I74geeoRcfs=w1600-h1200-k-no,,,11.1675466,119.3875929,https://www.google.com/maps/place/Lapus+Lapus+Beach/data=!4m7!3m6!1s0x33b6550eb83616ed:0xda02edaf2763a4ad!8m2!3d11.1675466!4d119.3875929!16s%2Fg%2F11bbtcbppp!19sChIJ7RY2uA5VtjMRraRjJ6_tAto?authuser=0&hl=en&rclk=1,"tourist information in El Nido, Palawan, Philippines",El Nido
Duli Beach Farm Hostel,4.0,(1),,,,,Tourist Information,,,https://lh3.googleusercontent.com/gps-cs-s/APNQkAG3NDCpRP-huhODTOHS0s_6gRuWyBkm5xezobmYnu0GyKIyWap6CbvFRnLtbgbQO9XlpKQbF7sDjumEfKWLaAyfrMk92QAOPhU3TJU-Usa-lOy-lnxYUJi9WEFwFcjZ2OLH-zG4voGNnRV_=w1600-h1200-k-no,,,11.3500889,119.4613955,https://www.google.com/maps/place/Duli+Beach+Farm+Hostel/data=!4m11!3m10!1s0x33b70799eff05e93:0xf1bc95560d05c425!5m3!1s2026-10-31!4m1!1i2!8m2!3d11.3500889!4d119.4613955!16s%2Fg%2F11z5ldhqkc!19sChIJk17w75kHtzMRJcQFDVaVvPE?authuser=0&hl=en&rclk=1,"tourist information in El Nido, Palawan, Philippines",El Nido
Cervantes Viewdeck,4.2,(21),,,,,Tourist Information,,,https://lh3.googleusercontent.com/gps-cs-s/APNQkAEpiKeDTDvih7urvDQlg_wdAP-79uaxGAt3GskOoYkD5B0PH_Qz45NrD3aj-2yxDpBpeIA00bE_-ArHl8f1B4YF06NXGYlUT8eRdq8tH-U7EsWDe_NcVabkKlcov6NhvB7Fundc8IjCg4QU=w1600-h1200-k-no,,,11.3655371,119.4754426,https://www.google.com/maps/place/Cervantes+Viewdeck/data=!4m7!3m6!1s0x33b709451cbe4bf5:0xc221b68be8aab1d0!8m2!3d11.3655371!4d119.4754426!16s%2Fg%2F11py6yz4g5!19sChIJ9Uu-HEUJtzMR0LGq6Iu2IcI?authuser=0&hl=en&rclk=1,"tourist information in El Nido, Palawan, Philippines",El Nido
Cudugnon Cave,4.5,(352),,,,,Tourist Information,,,https://lh3.googleusercontent.com/gps-cs-s/APNQkAHFflG3Oq78LYECOtfNJ4kUXolL43vWIPTpMk3DrHeEE4ph1qMJXux0ZOjxqxnXbRg24tAl8DM12dvpQUz54ALSZlmAI6TtXtzm1VbEMx989nVS3rmRvUmI1WXfxtKW-GbooXCA=w1600-h1200-k-no,,,11.0844807,119.352553,https://www.google.com/maps/place/Cudugnon+Cave/data=!4m7!3m6!1s0x33b6572010c7e8a9:0xce8062ab4ffc988a!8m2!3d11.0844807!4d119.352553!16s%2Fg%2F1jkwft4sp!19sChIJqejHECBXtjMRipj8T6tigM4?authuser=0&hl=en&rclk=1,"tourist information in El Nido, Palawan, Philippines",El Nido
Small Lagoon to Big Lagoon,4.8,(115),,,,,Tourist Information,,,https://lh3.googleusercontent.com/gps-cs-s/APNQkAECMddQpURiXHJ3hlNAvNO-bWVF2OBtfn-dBorHSPtBoyH3MSWueZUKdR-hggTNMQuhcQ9wHK5BvXpqD_mJX1DVn0_A8gQG11eR6HcfPdrwznMuFymXt8p-RmrAfHZeCH-RypJQ=w1600-h1200-k-no,,,11.1554774,119.322386,https://www.google.com/maps/place/Small+Lagoon+to+Big+Lagoon/data=!4m7!3m6!1s0x33b654773f54e75f:0xc15927c258056569!8m2!3d11.1554774!4d119.322386!16s%2Fg%2F11dxx328gj!19sChIJX-dUP3dUtjMRaWUFWMInWcE?authuser=0&hl=en&rclk=1,"tourist information in El Nido, Palawan, Philippines",El Nido
Maligaya Tree Park,4.0,(1),,,,,Tourist Information,,,https://lh3.googleusercontent.com/gps-cs-s/APNQkAE28V2d6FcGuFpfpCzk2VNEnQ-ZJ7UG6k8V4JjfCvrzhqiPNzLhBAZx0Go6MoUYuRkld76nGqkjWd8SkurA1B8300mA5DK3eW5tQw-iy0rqXU61PX02fp3CLIXvzjD1eT0Ulg=w1600-h1200-k-no,,,11.1775628,119.3897451,https://www.google.com/maps/place/Maligaya+Tree+Park/data=!4m7!3m6!1s0x33b65516a3e85ff3:0xf0042045d49dca22!8m2!3d11.1775628!4d119.3897451!16s%2Fg%2F11c1pksf2k!19sChIJ81_ooxZVtjMRIsqd1EUgBPA?authuser=0&hl=en&rclk=1,"tourist information in El Nido, Palawan, Philippines",El Nido
David John Travel and Tours,4.8,(164),,,,,Tourist Information,,,https://lh3.googleusercontent.com/gps-cs-s/APNQkAHlxz5xnJveyxJ8sIe1SECZm-K6EBlYqBXdXkYXhYLFFOAFZeznAU_-J_pNmccdgjDomsJMVIl_i06j5YdZ64Q4xFPU1nK8J03LJhJrGOl1NTil5XkwaS273cJqJv1ZjOAyFzGH=w1600-h1200-k-no,,,11.1702029,119.3947574,https://www.google.com/maps/place/David+John+Travel+and+Tours/data=!4m7!3m6!1s0x33b6551106900fa5:0x6bcc01e46e0abf20!8m2!3d11.1702029!4d119.3947574!16s%2Fg%2F11flt271mf!19sChIJpQ-QBhFVtjMRIL8KbuQBzGs?authuser=0&hl=en&rclk=1,"tourist information in El Nido, Palawan, Philippines",El Nido
Seatours Palawan,4.9,"(2,204)",,,,,Tourist Information,,,https://lh3.googleusercontent.com/gps-cs-s/APNQkAF6XKlmycO9q446trHBix1UlrUpXILU2nCJxTvow7ulaDKEhlU8dLmnDlBoVJ11nAAf_19YabKBt_SxlNuqc8hR3gks-nxi_VZnSyRJKxfSoAMrc_cLZbaYUZCEBgUxS3sLSfPjvdwZ-mA=w1600-h1200-k-no,,,11.170085,119.3946627,https://www.google.com/maps/place/Seatours+Palawan/data=!4m7!3m6!1s0x33b655e4fa00cf6b:0x43ea3b6fd2c91006!8m2!3d11.170085!4d119.3946627!16s%2Fg%2F11vksynyxm!19sChIJa88A-uRVtjMRBhDJ0m876kM?authuser=0&hl=en&rclk=1,"tourist information in El Nido, Palawan, Philippines",El Nido
Dreams Tour,5.0,(14),,,,,Tourist Information,57 Real St,,https://lh3.googleusercontent.com/gps-cs-s/APNQkAG82V_gKTf9Rz5FquJtByjSo1YkQ0NUtZ5aHHdUkfmPAYA1Fhsa9f9sHp6Kq7X0KQTrUDzT8g1V3twDtieK3DcD9vBwtvhdYtJouuAv2Sqfr9fvyo-2QcYDxIIXod9T9AikGYXV=w1600-h1200-k-no,,,11.1798195,119.3871869,https://www.google.com/maps/place/Dreams+Tour/data=!4m7!3m6!1s0x33b65521ecce09c3:0xfd35f4e6355c1209!8m2!3d11.1798195!4d119.3871869!16s%2Fg%2F11jfbs4v2j!19sChIJwwnO7CFVtjMRCRJcNeb0Nf0?authuser=0&hl=en&rclk=1,"tourist information in El Nido, Palawan, Philippines",El Nido
Señorita Travels,4.8,(99),,,,,Tourist Information,,,https://lh3.googleusercontent.com/gps-cs-s/APNQkAEMo1DAU7-5SbtT5MYZHdimZhGMFR4k5qG8PrrQn1f3ROdAJ4wWW9Nj8oi56eTWFD1PWLti1mtg9bKj089LNJHcSMnf_RwLQVfldaz6rs-D_XV5LULSbSb8k33m2abLBnh7TSTV-w=w1600-h1200-k-no,,,11.1757913,119.3912996,https://www.google.com/maps/place/Se%C3%B1orita+Travels/data=!4m7!3m6!1s0x33b65586328db84f:0x473c8747b62641c8!8m2!3d11.1757913!4d119.3912996!16s%2Fg%2F11jz4cvvjx!19sChIJT7iNMoZVtjMRyEEmtkeHPEc?authuser=0&hl=en&rclk=1,"tourist information in El Nido, Palawan, Philippines",El Nido
Tribe Banua Expedition,4.2,(82),,,,,Tourist Information,,,https://lh3.googleusercontent.com/gps-cs-s/APNQkAFBi3F79YIxjjVLJW7pHEcWdHXzSVZ5tbebifPlPaJSAIbvJPQtkQw1k7Dzl7Vw-EryhJ_LcoEkpvzPX68P5rSkr6td9Pu1uiE4SZbppIJAKJdbd5XLmAUTNvsRP9CoaEsfxQDe=w1600-h1200-k-no,,,11.1799179,119.3880749,https://www.google.com/maps/place/Tribe+Banua+Expedition/data=!4m7!3m6!1s0x33b655ff01f92ff1:0xd8dbbfbd39757488!8m2!3d11.1799179!4d119.3880749!16s%2Fg%2F11vkh_7qhf!19sChIJ8S_5Af9VtjMRiHR1Ob2_29g?authuser=0&hl=en&rclk=1,"tourist information in El Nido, Palawan, Philippines",El Nido
Jemzy Travel and Tours,4.3,(50),,,,,Tourist Information,500 php for the two of us,,https://lh3.googleusercontent.com/gps-cs-s/APNQkAF4VSGM5inAtPvr12veXFocMDQzo20sjH_yxFyPNwDtJYmIgv00V4nDhz5iWvajsJGNiUq6xCUDfUm_rcUXz5iauNbmvI9EZ_Un_xXf6XVIfD8Lj2oP01q6RHgv6y-pYnSbbuyp=w1600-h1200-k-no,,,11.1803293,119.389087,https://www.google.com/maps/place/Jemzy+Travel+and+Tours/data=!4m7!3m6!1s0x33b6551387f6ad5d:0x2e46f4629519901b!8m2!3d11.1803293!4d119.389087!16s%2Fg%2F11ggjd90xp!19sChIJXa32hxNVtjMRG5AZlWL0Ri4?authuser=0&hl=en&rclk=1,"tourist information in El Nido, Palawan, Philippines",El Nido
Isla El Nido travel and tours,4.8,(37),,,,,Tourist Information,,,https://lh3.googleusercontent.com/gps-cs-s/APNQkAFZWA7Gr_-WwG1m-FL4TyJX7bokpesL_FzdAM8AN-3y6_td9eGBKtRmcqN7LRUQt9IkLF81beYy2cV2p-EVChXoTgqoIaZDfB03rl8CLT5-jhTgjr5LdWpByljg7JkgknflRE0=w1600-h1200-k-no,,,11.1802938,119.3888673,https://www.google.com/maps/place/Isla+El+Nido+travel+and+tours/data=!4m7!3m6!1s0x33b65553fb40456b:0x449e54bd526beb7b!8m2!3d11.1802938!4d119.3888673!16s%2Fg%2F11jsbdd86r!19sChIJa0VA-1NVtjMRe-trUr1UnkQ?authuser=0&hl=en&rclk=1,"tourist information in El Nido, Palawan, Philippines",El Nido
Nativ' Exploration Palawan,4.6,(154),,,,,Tourist Information,,,https://lh3.googleusercontent.com/gps-cs-s/APNQkAH5RZE362uZVXXiIK1KXGrETbaTOVFM-R2gu1FKTEGUVGleDq3h-YYjfsINQYKbLtb4aQc60W4gzYJNBKEjxKPt5AWB42GLyJd_0pSvJ4qn-cNwFSKVYzyeXeKcrIIEw4U_AzAMNA=w1600-h1200-k-no,,,11.1760855,119.3914911,https://www.google.com/maps/place/Nativ%27+Exploration+Palawan/data=!4m7!3m6!1s0x33b6559e530b60bf:0x1029bfb5a7d258e7!8m2!3d11.1760855!4d119.3914911!16s%2Fg%2F11cs0rd85q!19sChIJv2ALU55VtjMR51jSp7W_KRA?authuser=0&hl=en&rclk=1,"tourist information in El Nido, Palawan, Philippines",El Nido
KRAKEN TOURS,4.9,(229),,,,,Tourist Information,,,https://lh3.googleusercontent.com/gps-cs-s/APNQkAGITaaqjHUQnoM0bh_JHP1B1rHIlyfGeuxmV1nU-IF-9PMqDXB_YLcUryLOX33khxNfuOK4_NMAAFph2rp-uHWXlzh2ghgRzCzd1UzQcYprZkSXQOcUHmKeSZu0W0VQDAZ9ZKEZ=w1600-h1200-k-no,,,11.1802254,119.3878564,https://www.google.com/maps/place/KRAKEN+TOURS/data=!4m7!3m6!1s0x33b6553f99be841b:0xd85c307ceec836c!8m2!3d11.1802254!4d119.3878564!16s%2Fg%2F11tjhgvlcy!19sChIJG4S-mT9VtjMRbIPszgfDhQ0?authuser=0&hl=en&rclk=1,"tourist information in El Nido, Palawan, Philippines",El Nido
Umi Travel and Tours,4.5,(140),,,,,Tourist Information,,,https://lh3.googleusercontent.com/gps-cs-s/APNQkAHlpcg1CWF6ykd5dF-BMgPvfAUJKmYZEQKhvg_2ISeLELM1NIFbIioIiKawsq1_Kdw4cyE3d-NCq-iOr7B6M_YI-45QwshXBEV7W743OqmJK2SZlbQcft_TUSeTMS4Ow52n_PP4=w1600-h1200-k-no,,,11.1810171,119.3903361,https://www.google.com/maps/place/Umi+Travel+and+Tours/data=!4m7!3m6!1s0x33b65515ed4053a9:0x1091845df74e9c42!8m2!3d11.1810171!4d119.3903361!16s%2Fg%2F11csr1zlm6!19sChIJqVNA7RVVtjMRQpxO912EkRA?authuser=0&hl=en&rclk=1,"tourist information in El Nido, Palawan, Philippines",El Nido
El Nido Palawan Tours,5.0,(18),,,,,Tourist Information,,,https://lh3.googleusercontent.com/gps-cs-s/APNQkAEf_BLoJkb9-gEIOOrwUgds0iXJN_daWVmyH9qyDsz4Hc4aja3lQSiClx04OZmvtGyDooTZhP5r_2dVg1kyLSXg3Bkv-oIIHqO6LBNB8COMMo5Y7p2EjgfOGyywppLMsQ3DYpqhVTl6lkw=w1600-h1200-k-no,,,11.1735168,119.3923994,https://www.google.com/maps/place/El+Nido+Palawan+Tours/data=!4m7!3m6!1s0x33b429f25f3385df:0x97095ddb142ee8ef!8m2!3d11.1735168!4d119.3923994!16s%2Fg%2F11x_yxjymy!19sChIJ34UzX_IptDMR7-guFNtdCZc?authuser=0&hl=en&rclk=1,"tourist information in El Nido, Palawan, Philippines",El Nido
RR Travel and Tours,4.8,(4),,,,,Tourist Information,,,https://lh3.googleusercontent.com/gps-cs-s/APNQkAH_V4CQ-inu_Vyof80pcUnWYIFTXtt4okQ4Dt_n1RAQcWr5wUwkRdD5lODqb-jXK3iJDpkkXWd47IQHRKXA6_zhi8e6_DpkdBSyuO3BjdzZVhTvxgxQVJcyEurG1_Q_-Wm3V9wMOg=w1600-h1200-k-no,,,11.1803295,119.3845586,https://www.google.com/maps/place/RR+Travel+and+Tours/data=!4m7!3m6!1s0x33b65517a27d3c05:0xeb904799c781a201!8m2!3d11.1803295!4d119.3845586!16s%2Fg%2F11f3444yvv!19sChIJBTx9ohdVtjMRAaKBx5lHkOs?authuser=0&hl=en&rclk=1,"tourist information in El Nido, Palawan, Philippines",El Nido
Kapupuruan Travel and Tours,4.5,(51),,,,,Tourist Information,,,https://lh3.googleusercontent.com/gps-cs-s/APNQkAHajD7F961O62XpsLkTq5fAlwClXuGBKpZgz8mRz0A98M97ffHuypSB-XGimooyCIYS2IiGufRffyhfb_e3ap8oqrJ8Mwb_liFHp45srovvWhN__CO0LAJF_uaBPA8y0XD7KAus=w1600-h1200-k-no,,,11.1815006,119.3913193,https://www.google.com/maps/place/Kapupuruan+Travel+and+Tours/data=!4m7!3m6!1s0x33b655158733ad21:0x17b10341c6d1ffc9!8m2!3d11.1815006!4d119.3913193!16s%2Fg%2F11b71_ws_d!19sChIJIa0zhxVVtjMRyf_RxkEDsRc?authuser=0&hl=en&rclk=1,"tourist information in El Nido, Palawan, Philippines",El Nido
The Couch El Nido Travel and Tours,5.0,(556),,,,,Tourist Information,,,https://lh3.googleusercontent.com/gps-cs-s/APNQkAG9Q3dhGn69xqx6ceSvMm1mnW0RXVCM09buPqf42jvqxXww57ozhO9LVStJoD29MgRcJNDiPKF2hfwJD6QgEbTBqoqVNzEtOKavPhBy2aTijJ4SF5bMPeOAnncT-tmX2wXW_PE=w1600-h1200-k-no,,,11.1723447,119.3943427,https://www.google.com/maps/place/The+Couch+El+Nido+Travel+and+Tours/data=!4m7!3m6!1s0x33b655006ff46b91:0x2b547fb1e52fc750!8m2!3d11.1723447!4d119.3943427!16s%2Fg%2F11w3j69msm!19sChIJkWv0bwBVtjMRUMcv5bF_VCs?authuser=0&hl=en&rclk=1,"tourist information in El Nido, Palawan, Philippines",El Nido
Laag Palawan,5.0,(33),,,,,Tourist Information,,https://www.laagpalawan.com/book-online?utm_source=google&utm_medium=book_button&utm_campaign=service_list&rwg_token=AFd1xnEj5bphwl20PSsx91z83M3I2PrqfgHABVAe46M4GmgOM3KN8jsFCO-kkFnpImh0iq1zVvY-n16tvOA8MzhKswwT-wPtrg%3D%3D,https://lh3.googleusercontent.com/gps-cs-s/APNQkAEhj7NZShOp0qVubPCCkYOiMmgpgcTyy6yhi3EW-m-e7TdJTDjHXqNsNp_y2eSEKYvblxwqRsnVTuciOKvNOiIvXZKnH3eeA0hZh9lbFcOqEbO-Mt1DfEkicjHWSFy6kdQ3TTw55XTXMAtq=w1600-h1200-k-no,,,11.1820361,119.3839604,https://www.google.com/maps/place/Laag+Palawan/data=!4m7!3m6!1s0x33b6553d4ef5c10f:0x68556e129fedd0a5!8m2!3d11.1820361!4d119.3839604!16s%2Fg%2F11x7pqxkd5!19sChIJD8H1Tj1VtjMRpdDtnxJuVWg?authuser=0&hl=en&rclk=1,"tourist information in El Nido, Palawan, Philippines",El Nido
Leatherback Travel And Cruise,4.5,(136),,,,,Tourist Information,,,https://lh3.googleusercontent.com/gps-cs-s/APNQkAHNSM3FL4RGtEd3_EFULULr7l3tRDV1CPSQLY8JRy1WMzr-nxjgMCoixDzn8vbbasgU-BSuiCK0R1hYiXZ_t1G7fLL5dIiS2cXYj15-JpAZP_WdCE54X7nKqndEKO_lZKwKka3iZmxzGqI=w1600-h1200-k-no,,,11.1796055,119.3872065,https://www.google.com/maps/place/Leatherback+Travel+And+Cruise/data=!4m7!3m6!1s0x33b655165f34eb47:0x3bb59757182e032!8m2!3d11.1796055!4d119.3872065!16s%2Fg%2F11ggbrmhp8!19sChIJR-s0XxZVtjMRMuCCcXVZuwM?authuser=0&hl=en&rclk=1,"tourist information in El Nido, Palawan, Philippines",El Nido
Z Tours Philippines Travel and Tours,4.7,(248),,,,,Tourist Information,,,https://lh3.googleusercontent.com/gps-cs-s/APNQkAHC7R9r7F8-8IVcOufuWaXQcrHDgPqtQWKS1eSCi8ZpwyIK5LowaJsedlzLN9aqI2GYXD006ux3zxP4G5foTkB8IWcjCsWbyuXoM7ne56JysH5n4v70QpKWG_2ha5UTVqU_xnWv8w=w1600-h1200-k-no,,,11.1632897,119.3982989,https://www.google.com/maps/place/Z+Tours+Philippines+Travel+and+Tours/data=!4m7!3m6!1s0x33b655938c74e6ad:0xe2375a09164a14a9!8m2!3d11.1632897!4d119.3982989!16s%2Fg%2F11tt42rb_6!19sChIJreZ0jJNVtjMRqRRKFglaN-I?authuser=0&hl=en&rclk=1,"tourist information in El Nido, Palawan, Philippines",El Nido
APE TOURS (El Nido and Coron Tours),4.7,(198),,,,,Tourist Information,,,https://lh3.googleusercontent.com/gps-cs-s/APNQkAEUlbygs8kVXiWsHYlIfjL0Ivl8R0I1CIugONsB8jev62DtNy3WPvyjcndXJZsDqq_5YQeOkE_X_bZwTaWcr2hjQxQt_XHotj9ePwkSr2lunnvaFkZ1PBLs-l2ryPfknQeNf_rmbg=w1600-h1200-k-no,,,11.1783424,119.3909581,https://www.google.com/maps/place/APE+TOURS+%28El+Nido+and+Coron+Tours%29/data=!4m7!3m6!1s0x33b6558c46a3bf1b:0x55ff0a218ae6f680!8m2!3d11.1783424!4d119.3909581!16s%2Fg%2F11fd7zlnkm!19sChIJG7-jRoxVtjMRgPbmiiEK_1U?authuser=0&hl=en&rclk=1,"tourist information in El Nido, Palawan, Philippines",El Nido
Outventure,4.0,(3),,,,,Tourist Information,,,https://lh3.googleusercontent.com/gps-cs-s/APNQkAGQKa-03JH_85Bz8eZrQbjYdFzDkKDQQ2RO1_BaQoC23o3asbWQzxNtfmL3-OffKyLgiXYnanfc5ICEsBMlxK_qac3rC9VPoq0ypmXoaGD1LoUXtVB-7jccDKUJGkKAFuTcI_28=w1600-h1200-k-no,,,11.1801551,119.38819,https://www.google.com/maps/place/Outventure/data=!4m7!3m6!1s0x33b65516704a5ecd:0x72ad2f00b6192de5!8m2!3d11.1801551!4d119.38819!16s%2Fg%2F1s046qglb!19sChIJzV5KcBZVtjMR5S0ZtgAvrXI?authuser=0&hl=en&rclk=1,"tourist information in El Nido, Palawan, Philippines",El Nido
Neighbors and Nomads Coworking,4.9,(256),,,,,Coworking Space,,,https://lh3.googleusercontent.com/gps-cs-s/APNQkAG3-NYvMF8XyrpLwR6eqVDPYmMi98v7tnFm90GsEYqOFOLtiDzxkMgS3S9NhQTNOHlVH59sb_ypTcOUdcP3mvO5jHgfokv8PzyQLJ2-QMW12wEWdC2dRy4M9Ib3F-IcIC5ujvFw_usyHSsU=w1600-h1200-k-no,,,11.1835613,119.3930065,https://www.google.com/maps/place/Neighbors+and+Nomads+Coworking/data=!4m7!3m6!1s0x33b655ca52ca451d:0x259eda0c3c74339!8m2!3d11.1835613!4d119.3930065!16s%2Fg%2F11wtvky381!19sChIJHUXKUspVtjMROUPHw6DtWQI?authuser=0&hl=en&rclk=1,"coworking space in El Nido, Palawan, Philippines",El Nido
Neighbors and Nomads Coworking @ Bearcat Travel Lounge & Beach Bar,4.7,(14),,,,,Coworking Space,5 Lio Beach,,https://lh3.googleusercontent.com/gps-cs-s/APNQkAFRs6XQDobn2FzwP93qhPANoNxKx3ffVt7IYmx-J6ijY_QNRbey5VXoNLzh9x7QCjOCO2C2TO4pFDQXedXwv8r3kVUUWmBv6t3wiG5yv21ILjpBpTTKBM26F0LqPhll4KfAEyrwHWh1_64d=w1600-h1200-k-no,,,11.2077768,119.4164508,https://www.google.com/maps/place/Neighbors+and+Nomads+Coworking+@+Bearcat+Travel+Lounge+%26+Beach+Bar/data=!4m7!3m6!1s0x33b7ab13c4a3c8c9:0x25d678aec02dd2ae!8m2!3d11.2077768!4d119.4164508!16s%2Fg%2F11x5k3wndf!19sChIJycijxBOrtzMRrtItwK541iU?authuser=0&hl=en&rclk=1,"coworking space in El Nido, Palawan, Philippines",El Nido
Taraw Rooftop (Speakeasy) Bar by Neighbors and Nomads,4.9,(173),,,,,Coworking Space,,,https://lh3.googleusercontent.com/gps-cs-s/APNQkAFKLRU2vK0k5ZU8ikBk-n2zbHDCEmd6pctxs1_bsJMCVxxbC0FAhLVhQfYl6DTs8aetvKsErFstIy_4pCNr6PaDcBfhUxBZsgpwnZsEtjG2nTsMmPyI3tEszulJuWSN4NzdUNnmCAfxx_I=w1600-h1200-k-no,,,11.1835618,119.3930355,https://www.google.com/maps/place/Taraw+Rooftop+%28Speakeasy%29+Bar+by+Neighbors+and+Nomads/data=!4m7!3m6!1s0x33b6554c11d0de11:0x1be78f38d9319ad!8m2!3d11.1835618!4d119.3930355!16s%2Fg%2F11xf51wfrp!19sChIJEd7QEUxVtjMRrRmTjfN4vgE?authuser=0&hl=en&rclk=1,"coworking space in El Nido, Palawan, Philippines",El Nido
Masayana,4.1,(80),,,,,Coworking Space,,,https://lh3.googleusercontent.com/gps-cs-s/APNQkAGnUIGcanYOtjKy9mAbbFxURyp19V-scxwmUvte2TVBryG6it_acTl-yqQEC-rwM6_0CsgZLWYQli44ubTBwY2stNB52GMo5q34668DZ0nj-ysNk-KqCSGB-jKSyX0VI1Xnh5c0WIKf0wuk=w1600-h1200-k-no,,,11.1879934,119.3963383,https://www.google.com/maps/place/Masayana/data=!4m11!3m10!1s0x33b65530169545ed:0xb66477730b15d5ca!5m3!1s2026-10-31!4m1!1i2!8m2!3d11.1879934!4d119.3963383!16s%2Fg%2F11lcvv6xw2!19sChIJ7UWVFjBVtjMRytUVC3N3ZLY?authuser=0&hl=en&rclk=1,"coworking space in El Nido, Palawan, Philippines",El Nido
Palawan Coworking Club,4.4,(7),,,,,Coworking Space,,,https://lh3.googleusercontent.com/gps-cs-s/APNQkAE-UNRPi6ejaIzGjEhnwiwP8ekhWvEy81G_1hNJBiqZaYc1THC-bMe-4iLaw0BB6GBOR4wSTL1VoG1ukkZwYg4ErOUUM17Oyk-aZlSp0mySD77j-rGA2qEBOSZ1d2enAD0k3ZryNyGSftdF=w1600-h1200-k-no,,,9.7727059,118.7365019,https://www.google.com/maps/place/Palawan+Coworking+Club/data=!4m7!3m6!1s0x33b563007620504d:0x37073d35ed5ac0c6!8m2!3d9.7727059!4d118.7365019!16s%2Fg%2F11yycqmsm9!19sChIJTVAgdgBjtTMRxsBa7TU9Bzc?authuser=0&hl=en&rclk=1,"coworking space in El Nido, Palawan, Philippines",El Nido
"Grounded 100% Arabica Coffee, El Nido Branch",4.6,(528),,,,,Coworking Space,,,https://lh3.googleusercontent.com/gps-cs-s/APNQkAFSDk_njx31kQ3x2Yx5yw0qbVKhGmGloTd3WI_6iQ7AUl-WK4RM37_N-eXlpMGP9w6mLjFQV-zpuynqnpNLl0tgUY7uRL_U2xBvFBRuacvgxAjlU_msqyhdc4jbBlMKBmhX1SlyHCVl8eo=w1600-h1200-k-no,,,11.1799692,119.3892264,"https://www.google.com/maps/place/Grounded+100%25+Arabica+Coffee,+El+Nido+Branch/data=!4m7!3m6!1s0x33b6553971b45ea5:0x5415b37a78540be9!8m2!3d11.1799692!4d119.3892264!16s%2Fg%2F11sjlkt8vt!19sChIJpV60cTlVtjMR6QtUeHqzFVQ?authuser=0&hl=en&rclk=1","coworking space in El Nido, Palawan, Philippines",El Nido
Luway Luway Cafe El Nido 100% Filipino coffee,4.9,(586),,,,,Coworking Space,,,https://lh3.googleusercontent.com/gps-cs-s/APNQkAHz-ZKS-2ahiehO1B_ulIb-gOnIle5u9APA15S5aS2ZWHFP8sawqJCBc-1DcI92CFmhV9H0-PL9ytOEEJUsjwxKJdYo5vvUzK-0sjpUo6XnqS9vWLi-qtqmZXr_F-KFlrkUYj6J2ojVYtws=w1600-h1200-k-no,,,11.1828514,119.3925455,https://www.google.com/maps/place/Luway+Luway+Cafe+El+Nido+100%25+Filipino+coffee/data=!4m7!3m6!1s0x33b6552d5fc76329:0xd7cb38b0f0e67984!8m2!3d11.1828514!4d119.3925455!16s%2Fg%2F11l72ljmsz!19sChIJKWPHXy1VtjMRhHnm8LA4y9c?authuser=0&hl=en&rclk=1,"coworking space in El Nido, Palawan, Philippines",El Nido
Day & Night - Shared Spaces by Corazon,5.0,(3),,,,,Coworking Space,,,https://lh3.googleusercontent.com/gps-cs-s/APNQkAG5Lgmc9QwmE-J1BxO54IF1NIiO7Y1AkLsMW_yIzrG8ljTYSBwN8uUaRkAGPnGMRvf7NjkUgwzvwhEn8nce6vEWgc8h7xuLeQAPNGB1J-jDbateZGaTGhDgWqaxOH84z8josSGH9rigJcfI=w1600-h1200-k-no,,,9.7404613,118.7440064,https://www.google.com/maps/place/Day+%26+Night+-+Shared+Spaces+by+Corazon/data=!4m7!3m6!1s0x33b56381400ba805:0x806634c12f5da40b!8m2!3d9.7404613!4d118.7440064!16s%2Fg%2F11w9hq0xrb!19sChIJBagLQIFjtTMRC6RdL8E0ZoA?authuser=0&hl=en&rclk=1,"coworking space in El Nido, Palawan, Philippines",El Nido
Palawan Pawnshop,4.1,(14),,,,,Currency Exchange,,,,,,11.197136,119.421509,https://www.google.com/maps/place/Palawan+Pawnshop/data=!4m7!3m6!1s0x33b6fffe48979587:0x45dfa20783c4d8a6!8m2!3d11.197136!4d119.421509!16s%2Fg%2F11kjmf_g58!19sChIJh5WXSP7_tjMRptjEgwei30U?authuser=0&hl=en&rclk=1,"currency exchange in El Nido, Palawan, Philippines",El Nido
Doc Peter’s Dental Clinic-El Nido,5.0,(56),917 539 2459,https://wa.me/9175392459,,https://www.facebook.com/Dr.PeterTorres?mibextid=LQQJ4d,Medical Clinic,0917 539 2459,https://www.facebook.com/Dr.PeterTorres?mibextid=LQQJ4d,,,,11.1793029,119.3875416,https://www.google.com/maps/place/Doc+Peter%E2%80%99s+Dental+Clinic-El+Nido/data=!4m7!3m6!1s0x33b655249bad142f:0xdeb39c0e01005837!8m2!3d11.1793029!4d119.3875416!16s%2Fg%2F11t7_jm6mb!19sChIJLxStmyRVtjMRN1gAAQ6cs94?authuser=0&hl=en&rclk=1,"medical clinic in El Nido, Palawan, Philippines",El Nido
Tots Barbershop,4.8,(18),921 320 2792,https://wa.me/9213202792,,,Pharmacy,0921 320 2792,,https://lh3.googleusercontent.com/gps-cs-s/APNQkAE1kvq1h03dLqL30XL8edQsooSe98faB0W1Bh_JtN2hhjeB5oMVo0lJ9vMqgaYESHqJexbWdUTgrxYpPg-PtTC5KtPV3CIH3e2fXc_EdYY3TV10FoY547LnDv9Z8OE1KsrFjkRWkQ=w1600-h1200-k-no,,,11.1797027,119.387561,https://www.google.com/maps/place/Tots+Barbershop/data=!4m7!3m6!1s0x33b65515d0a6b769:0xdca8326ddf0bd4b3!8m2!3d11.1797027!4d119.387561!16s%2Fg%2F11fkq66b_z!19sChIJabem0BVVtjMRs9QL320yqNw?authuser=0&hl=en&rclk=1,"pharmacy in El Nido, Palawan, Philippines",El Nido
Angel Wish,4.2,(932),,,,,Pharmacy,,,https://lh3.googleusercontent.com/gps-cs-s/APNQkAGDMLLrYBcW4UN4ftVHSwYRGzf1dwvFDZjY_lUEsShp6IqPo0Y0vWAnve274x222IeUDhOsGiRe-qTyFjvTmnsotwsZIZE__Lobw3ru3xkmERQ94DlB2S4WiLLzqnavLXcY_RMA=w1600-h1200-k-no,,,11.1804074,119.3889673,https://www.google.com/maps/place/Angel+Wish/data=!4m11!3m10!1s0x33b65515df667235:0x31ab5e3c996f78a1!5m3!1s2026-10-31!4m1!1i2!8m2!3d11.1804074!4d119.3889673!16s%2Fg%2F11c5q_wz2s!19sChIJNXJm3xVVtjMRoXhvmTxeqzE?authuser=0&hl=en&rclk=1,"pharmacy in El Nido, Palawan, Philippines",El Nido
Vanilla Beach El Nido,4.5,(372),,,,,Pharmacy,,,https://lh3.googleusercontent.com/gps-cs-s/APNQkAE5Uq09cicxFz5A0imjl3xnt1EvzV8GJJeBqjwY4fo0L56-AHRsScPYW-7MyOuOHEfUGAhUoxED1DR4lkeVf0gAMSjeQibI0881PlXF_oQKOiV5iUGnRWoHPRTZTGKL-H-fy3OWFXtxULYU=w1600-h1200-k-no,,,11.1469997,119.3969443,https://www.google.com/maps/place/Vanilla+Beach+El+Nido/data=!4m7!3m6!1s0x33b655965cc50629:0xefbab18add617c2d!8m2!3d11.1469997!4d119.3969443!16s%2Fg%2F11f57ftzl1!19sChIJKQbFXJZVtjMRLXxh3Yqxuu8?authuser=0&hl=en&rclk=1,"pharmacy in El Nido, Palawan, Philippines",El Nido
Casa Cecilia,4.4,(449),,,,,Pharmacy,7 so they,,https://lh3.googleusercontent.com/gps-cs-s/APNQkAENBqc636_9X1LS6roXlVCweYYoCTudd4YgRmX8JYGhsrf_8ruMvnWdo-P6dqbzBfGdFr1Pn-kzJsBIaxgJXtsjs27bX3EsTXkXYBuOmk7Kyva65oxoCzNLRBb5JynBbY5yjVKZl_qxfdCF=w1600-h1200-k-no,,,11.1794732,119.38939,https://www.google.com/maps/place/Casa+Cecilia/data=!4m11!3m10!1s0x33b655142b75e627:0x18aa98929b90055!5m3!1s2026-10-31!4m1!1i2!8m2!3d11.1794732!4d119.38939!16s%2Fg%2F1hdzltwjp!19sChIJJ-Z1KxRVtjMRVQC5KYmpigE?authuser=0&hl=en&rclk=1,"pharmacy in El Nido, Palawan, Philippines",El Nido
Balay Paragua,3.9,(124),927 047 8799,https://wa.me/9270478799,,,Pharmacy,0927 047 8799,,https://lh3.googleusercontent.com/gps-cs-s/APNQkAGYZBFE-HevPI3vzm3ofBo7PQ4D8WvPK0xLAG14S0UAzS1Tq5Cu_wGEzzlwPtJv93dvlXrJQJfR-cjVRvK15xjyFSPC6AgpXqiCbW8J9XhrnWL-wM3uQsjc5s1eH7nxIxPK281uGQ=w1600-h1200-k-no,,,11.179067,119.390081,https://www.google.com/maps/place/Balay+Paragua/data=!4m11!3m10!1s0x33b655143501d83b:0x3efa9efb2fb259fa!5m3!1s2026-10-31!4m1!1i2!8m2!3d11.179067!4d119.390081!16s%2Fg%2F11cnc7_b2d!19sChIJO9gBNRRVtjMR-lmyL_ue-j4?authuser=0&hl=en&rclk=1,"pharmacy in El Nido, Palawan, Philippines",El Nido
Barco El Nido Hotel,4.1,(147),962 219 8830,https://wa.me/9622198830,,,Pharmacy,0962 219 8830,,https://lh3.googleusercontent.com/gps-cs-s/APNQkAGZPbe5gwab1WrYjF4cDums1eTQrf2wdQ_yxuDZrpnZJTW9LLi3QxAAqnp0-YHSh8dNos4Zall6CpiHBab9ORbIM4DpkLjLd7YzEggi6mL1WgkZ7N2N55pLzCWFOr2NZrvncOb4-w=w1600-h1200-k-no,,,11.1837866,119.3944594,https://www.google.com/maps/place/Barco+El+Nido+Hotel/data=!4m11!3m10!1s0x33b655c28f45f457:0x3f72ec06949cfd11!5m3!1s2026-10-31!4m1!1i2!8m2!3d11.1837866!4d119.3944594!16s%2Fg%2F11vm8qhc1z!19sChIJV_RFj8JVtjMREf2clAbscj8?authuser=0&hl=en&rclk=1,"pharmacy in El Nido, Palawan, Philippines",El Nido
One El Nido Suite,3.5,(383),929 839 1166,https://wa.me/9298391166,,,Pharmacy,0929 839 1166,,https://lh3.googleusercontent.com/gps-proxy/ALd4DhE7G3Dy0OFBtlUVqJ7ICqJ9mKez9y5RXrFG73zKkPSFixCBVRPyP2QBqlIma1j1foEllaJkADkVCYQhC_tQoBPOILXJf16y9t1k8T-LVEog3sacv6aYn2wTgB2_B8jGnPiKC44Ik9i_g0IC5qMqblY1Kb-F3feaJzcpVQiMejmACYFYa4J6puU9XQ=w1600-h1200-k-no,,,11.1707201,119.3945388,https://www.google.com/maps/place/One+El+Nido+Suite/data=!4m11!3m10!1s0x33b6556d5256078d:0x1a712c036040b819!5m3!1s2026-10-31!4m1!1i2!8m2!3d11.1707201!4d119.3945388!16s%2Fg%2F11d_87cn55!19sChIJjQdWUm1VtjMRGbhAYAMscRo?authuser=0&hl=en&rclk=1,"pharmacy in El Nido, Palawan, Philippines",El Nido
Lime Resort El Nido,3.7,(980),968 688 5364,https://wa.me/9686885364,,,Pharmacy,0968 688 5364,,https://lh3.googleusercontent.com/gps-cs-s/APNQkAGnttg_3M9fIH3Q-VGr-hkkuCfj5H-EZ7aXbuHNSNgVkRWrHepeqfR6szFtTU5eTiR8p5H_7KeIAOXwNyks_sJtkb3_FHd3BeCNK7p7n-Qc48iFw7hfq-VyUUf-nU05A0fE3ued=w1600-h1200-k-no,,,11.1556814,119.3983672,https://www.google.com/maps/place/Lime+Resort+El+Nido/data=!4m11!3m10!1s0x33b655fc8292003d:0xceb42fe0d1f527a6!5m3!1s2026-10-31!4m1!1i2!8m2!3d11.1556814!4d119.3983672!16s%2Fg%2F11s1b0zm8q!19sChIJPQCSgvxVtjMRpif10eAvtM4?authuser=0&hl=en&rclk=1,"pharmacy in El Nido, Palawan, Philippines",El Nido
Neela Tourist Lodge,3.7,(82),928 757 9703,https://wa.me/9287579703,,,Pharmacy,0928 757 9703,,https://lh3.googleusercontent.com/gps-cs-s/APNQkAE6LkoYmoIlz99k_XhbcDj6zUcxHnhwRM6_uA7px6xWl61UnoZfIvJ1gb7XtPKHoDj9YXEPPg0ptRuBLQwrgjyRH4J5cbvC8rXQMGNjpUbLJINWFCWs2glkcQ48xAI4qfWQOTVWvg=w1600-h1200-k-no,,,11.1621357,119.3985051,https://www.google.com/maps/place/Neela+Tourist+Lodge/data=!4m11!3m10!1s0x33b65575bc8147d7:0x6cab128ff8a31257!5m3!1s2026-10-31!4m1!1i2!8m2!3d11.1621357!4d119.3985051!16s%2Fg%2F11fzfbsvt7!19sChIJ10eBvHVVtjMRVxKj-I8Sq2w?authuser=0&hl=en&rclk=1,"pharmacy in El Nido, Palawan, Philippines",El Nido
Focus rooms,4.5,(114),969 275 0260,https://wa.me/9692750260,,,Pharmacy,0969 275 0260,,https://lh3.googleusercontent.com/gps-cs-s/APNQkAFMF6TCe8cDdOAHK3G7A-xbP-xu6Mm_H5Zf88szgwwtQAi98-3UH7xsvF3OkyBIYV85OXG4j3CiqHHptIokzQPUmcaHIIMaizkEPyonNQcZxmeES-q-0sUW-gb4M5QGTN2VLR9ds3Z2wvHi=w1600-h1200-k-no,,,11.1733845,119.3926443,https://www.google.com/maps/place/Focus+rooms/data=!4m11!3m10!1s0x33b6559ebe7b88b9:0xdce26a8f0e61d22e!5m3!1s2026-10-31!4m1!1i2!8m2!3d11.1733845!4d119.3926443!16s%2Fg%2F11hzywxhms!19sChIJuYh7vp5VtjMRLtJhDo9q4tw?authuser=0&hl=en&rclk=1,"pharmacy in El Nido, Palawan, Philippines",El Nido
Charlie's El Nido,4.2,(385),917 704 4209,https://wa.me/9177044209,,,Pharmacy,0917 704 4209,,https://lh3.googleusercontent.com/gps-proxy/ALd4DhHvahqAhcqFQbVZD9LmKs_pdqE9LqeYaQ8v85zvGgY9pweu9qd2msIo9RCk3GS0KCYzh7Vea8RCJrQfJVFaMtRamRqc8AflKpG1dMplKByghqyXhUz9i-sDVTkSaNrWK_MvpNnLcCrOA91DiiiBfOUAFU412OvQlnrMAs80jvoNUbnMZXqH679H=w1600-h1200-k-no,,,11.2095982,119.4238609,https://www.google.com/maps/place/Charlie%27s+El+Nido/data=!4m11!3m10!1s0x33b6ffbcba56ab17:0x82dfea95d6ca20a1!5m3!1s2026-10-31!4m1!1i2!8m2!3d11.2095982!4d119.4238609!16s%2Fg%2F11fnv8022w!19sChIJF6tWurz_tjMRoSDK1pXq34I?authuser=0&hl=en&rclk=1,"pharmacy in El Nido, Palawan, Philippines",El Nido
"Huni Lio, El Nido",4.4,(313),917 570 8179,https://wa.me/9175708179,,,Pharmacy,0917 570 8179,,https://lh3.googleusercontent.com/gps-proxy/ALd4DhFZlkEfSaJMSpEkj6VkHLN9bcaMoMM9afwV4rFowrn8vOTJR5JLz-PMH9GWLCRiqXpKgXuMOVuSYAHQ0Mzo1WKIkb53JGBYDG_9Ql5IF2j8_sxVLzFe4Gch771ADnHdLvyAFEVa1U67p-EgS-m9KzWn80oz7_fTGBK7WC7sKqM0aYDdWAgmzMuvIw=w1600-h1200-k-no,,,11.2090065,119.4176467,"https://www.google.com/maps/place/Huni+Lio,+El+Nido/data=!4m11!3m10!1s0x33b7abcbdaf535c5:0x87deb520e86fd065!5m3!1s2026-10-31!4m1!1i2!8m2!3d11.2090065!4d119.4176467!16s%2Fg%2F11h1fz31ks!19sChIJxTX12surtzMRZdBv6CC13oc?authuser=0&hl=en&rclk=1","pharmacy in El Nido, Palawan, Philippines",El Nido
Lio Wetlands,4.6,(8),,,,,Pharmacy,0 people there usually,,https://lh3.googleusercontent.com/gps-cs-s/APNQkAF1LzKwkhGsaPh1Wsl0VFNr1okY3ZsJ6lSpmcANYInDTmu_xxFy3mGbEpV50kKNXiTrXdSuFGPD6uCLeNzkLsZ1_k1oKZHwL3u68xDNro6GDq-WmP3Cs3agbVeBOH9ftSkLIXTH=w1600-h1200-k-no,,,11.2116821,119.4206327,https://www.google.com/maps/place/Lio+Wetlands/data=!4m7!3m6!1s0x33b701f8407639e7:0x4b0a400ef415e3e0!8m2!3d11.2116821!4d119.4206327!16s%2Fg%2F11pyc7tkdp!19sChIJ5zl2QPgBtzMR4OMV9A5ACks?authuser=0&hl=en&rclk=1,"pharmacy in El Nido, Palawan, Philippines",El Nido
Thai Garden Spa El Nido,4.2,(15),,,,,Massage Spa,,,https://lh3.googleusercontent.com/gps-cs-s/APNQkAE5AoJ_5A3QD3z9arbqWiPn3BvIoFQqCjv9kn3c4C169KgEV5SpFi0_OUVMtyCzcmZQ5iCJ7PqHcZaz5s-nJrx5uzix7O-Bs0bz7lGdTQoxSiVb2AVGHufa4NcyIn_F-dajpwu8RDCF-lH5=w1600-h1200-k-no,,,11.1836491,119.3934114,https://www.google.com/maps/place/Thai+Garden+Spa+El+Nido/data=!4m7!3m6!1s0x33b655f0c9684121:0xac6af743b6df924e!8m2!3d11.1836491!4d119.3934114!16s%2Fg%2F11y5rv8d43!19sChIJIUFoyfBVtjMRTpLftkP3aqw?authuser=0&hl=en&rclk=1,"massage spa in El Nido, Palawan, Philippines",El Nido
CASSIYAH Massage & Spa,3.5,(6),,,,,Massage Spa,,,https://lh3.googleusercontent.com/gps-cs-s/APNQkAF561Gc-wPRFr2mcFmqMpMiJYPmNpFDYpjflE_hekXTLDi35KdNNGo8mkfrJi5iipvQnu373PWFRmNjlO4LA8LCgtEiLnRYpQAncOGsUUvlII527iPfQHFD981zpGS2pUQMo7n5B7fThA-2=w1600-h1200-k-no,,,11.1559979,119.3986154,https://www.google.com/maps/place/CASSIYAH+Massage+%26+Spa/data=!4m7!3m6!1s0x33b655002d16b549:0xf8fd334080d7cce8!8m2!3d11.1559979!4d119.3986154!16s%2Fg%2F11mczfy7n1!19sChIJSbUWLQBVtjMR6MzXgEAz_fg?authuser=0&hl=en&rclk=1,"massage spa in El Nido, Palawan, Philippines",El Nido
Happiness Boutique Resort El Nido,4.7,(268),,,,,Massage Spa,,,https://lh3.googleusercontent.com/gps-cs-s/APNQkAFDrXW-UPDdF8b14kxqFTH2C6qegDG_gvatntu-n5RSB4jbE80NmlcKJwCYPlI8x60FFuk53oPioZanpU--G8pLgI8xia2OQ5ae1bxHzMwTUttWjyCVXnIankmd5cZBMuPhjZclO-8CHG0=w1600-h1200-k-no,,,11.155991,119.3991737,https://www.google.com/maps/place/Happiness+Boutique+Resort+El+Nido/data=!4m11!3m10!1s0x33b6559eb88445a5:0x5f90bdbf97680caa!5m3!1s2026-10-31!4m1!1i2!8m2!3d11.155991!4d119.3991737!16s%2Fg%2F11vhzy30d6!19sChIJpUWEuJ5VtjMRqgxol7-9kF8?authuser=0&hl=en&rclk=1,"massage spa in El Nido, Palawan, Philippines",El Nido
El Nido Mahogany Beach Resort,4.5,(447),,,,,Massage Spa,,,https://lh3.googleusercontent.com/gps-cs-s/APNQkAEZPyegqQ-0PN8bV_NtokTXDyGJsaVzkWubF6-O_G5FF2EFNscVPFRXBCY9cMfHhvODRS5zLMrf7xLbhaBav7LoBQjCChoB-_BJQ6bk8QXOqW3j7Kuu_662BdM1669GUUhFc-gm=w1600-h1200-k-no,,,11.1649956,119.3976619,https://www.google.com/maps/place/El+Nido+Mahogany+Beach+Resort/data=!4m11!3m10!1s0x33b655748c9d1e51:0xd0e90c41a74f2b50!5m3!1s2026-10-31!4m1!1i2!8m2!3d11.1649956!4d119.3976619!16s%2Fg%2F11cmr0p7l5!19sChIJUR6djHRVtjMRUCtPp0EM6dA?authuser=0&hl=en&rclk=1,"massage spa in El Nido, Palawan, Philippines",El Nido
LA SOLEDAD Massage & Spa,3.8,(10),,,,,Massage Spa,,,https://lh3.googleusercontent.com/gps-cs-s/APNQkAECdh2Yf6qydJ_kLup2Y38cXy9JpOxAK05QTiksLUCSQu8oT86SgwdcCqP_MwF0P08EqF-UxAQDGyMETqoSVUJms_gYREUDzElsQZ4RBj6F3o6wr1DKC3YPpcriu3lbDIGEWOqUSw=w1600-h1200-k-no,,,11.1784358,119.389878,https://www.google.com/maps/place/LA+SOLEDAD+Massage+%26+Spa/data=!4m7!3m6!1s0x33b655143a4c8d61:0x33bad2cba4823887!8m2!3d11.1784358!4d119.389878!16s%2Fg%2F11krpf57kx!19sChIJYY1MOhRVtjMRhziCpMvSujM?authuser=0&hl=en&rclk=1,"massage spa in El Nido, Palawan, Philippines",El Nido
Rooftop Bar,4.3,(275),,,,,Massage Spa,,,https://lh3.googleusercontent.com/gps-cs-s/APNQkAG6zsjZFm3BBH9tYNFLnLPD5TI9R_unuZECUbiuPMtUG1lDjrbaOKB9MOEJthW77IUkBzjSGmsJm5RNG7fgONPNzXGAcy3HdHcy325dD66R4vMBdWj7dfpqf0DH8Gz0Kxiutw-M=w1600-h1200-k-no,,,11.1803769,119.389536,https://www.google.com/maps/place/Rooftop+Bar/data=!4m7!3m6!1s0x33b65515dd545725:0x845f4bddb470971d!8m2!3d11.1803769!4d119.389536!16s%2Fg%2F11c5_nxmbq!19sChIJJVdU3RVVtjMRHZdwtN1LX4Q?authuser=0&hl=en&rclk=1,"massage spa in El Nido, Palawan, Philippines",El Nido
"Piece Lio, El Nido",4.9,(709),,,,,Massage Spa,,,https://lh3.googleusercontent.com/gps-cs-s/APNQkAE5-5UcAoiojCgmZCJNwHHS7b8YKKuIRl9SNlVXwzVUUNwcjRcKXrjomG2oAfgnWjV7ZmSLMjsGIWGw-SleXWSF5POaNFsQF3XpmTwJbZBkZEDyKvYqIU6ZSFORWSBDeeNUanmQ=w1600-h1200-k-no,,,11.206496,119.4173195,"https://www.google.com/maps/place/Piece+Lio,+El+Nido/data=!4m11!3m10!1s0x33b7abec3b8f5069:0x5566e017ce9b4795!5m3!1s2026-10-31!4m1!1i2!8m2!3d11.206496!4d119.4173195!16s%2Fg%2F11v_8y79pm!19sChIJaVCPO-yrtzMRlUebzhfgZlU?authuser=0&hl=en&rclk=1","massage spa in El Nido, Palawan, Philippines",El Nido
El Nido COCO RESORT,4.2,(436),,,,,Massage Spa,,,https://lh3.googleusercontent.com/gps-cs-s/APNQkAEgrUAe7dr2WouIBAQjTKn7qnxl8nHRlhVlK6YTtYCDy4wlrVBGXXbQsg-7vunkYhXo1n9CLNbLlpHv2AFrLzQ5uxLQc1gSjKkR6A7dJQ0n1Xk5N_YwNOECg8D1r0i71u0kw4_CDKgz-IbL=w1600-h1200-k-no,,,11.1654552,119.3978124,https://www.google.com/maps/place/El+Nido+COCO+RESORT/data=!4m11!3m10!1s0x33b655747d79c28b:0xfd32c82054d9a724!5m3!1s2026-10-31!4m1!1i2!8m2!3d11.1654552!4d119.3978124!16s%2Fg%2F11cn5n2qlw!19sChIJi8J5fXRVtjMRJKfZVCDIMv0?authuser=0&hl=en&rclk=1,"massage spa in El Nido, Palawan, Philippines",El Nido
Atalaya Resort & Restaurant El Nido,4.9,(151),,,,,Massage Spa,,,https://lh3.googleusercontent.com/gps-cs-s/APNQkAEB5KP6CjBNEX7u3pMmNc0mmNPAulw069fGyvxuCjsrHW046H7dgkYnEbqZE38hvh969pnL5knCU3x90rhsfRYn5aQeKJN6B7DVZdWhGZipbIX9hPoJZ1qrhNkdNn_r88Vn_HdfFZCa0Ud9=w1600-h1200-k-no,,,11.2355651,119.4277184,https://www.google.com/maps/place/Atalaya+Resort+%26+Restaurant+El+Nido/data=!4m11!3m10!1s0x33b70147eef269ab:0xdef3995b5a78c14c!5m3!1s2026-10-31!4m1!1i2!8m2!3d11.2355651!4d119.4277184!16s%2Fg%2F11y5v8zk0_!19sChIJq2ny7kcBtzMRTMF4WluZ894?authuser=0&hl=en&rclk=1,"massage spa in El Nido, Palawan, Philippines",El Nido
Ver De El Nido,4.8,"(1,070)",,,,,Massage Spa,,,https://lh3.googleusercontent.com/gps-cs-s/APNQkAHwB55dhulxhvzxA0cjudhTbz6Hjg_uaOfRsHux1yKLggzHQT3JDhMQ-16mrP7N3rW00xZRIz5wrbHonZrlHaCudG3r4rRIi8bEMDXCC402Ur6uyUaqVh-CplZS_c_fVfrh9huSQlO8St8=w1600-h1200-k-no,,,11.1801787,119.389393,https://www.google.com/maps/place/Ver+De+El+Nido/data=!4m7!3m6!1s0x33b655f107fdc7a5:0xb29ce8a26736985e!8m2!3d11.1801787!4d119.389393!16s%2Fg%2F11qbfh37hr!19sChIJpcf9B_FVtjMRXpg2Z6LonLI?authuser=0&hl=en&rclk=1,"massage spa in El Nido, Palawan, Philippines",El Nido
Jinjer Restaurant by Cadlao El Nido Resort,4.7,(206),,,,,Massage Spa,,,https://lh3.googleusercontent.com/gps-cs-s/APNQkAE5suyynyBSI-2bupvMqmjI81H3Mk_SjMqZFc8IXCP6rkd6UflHXxljfdybJWE1YRdM7mtE10j1hasZ7i9-yT_0SfQ2QrMQZKyW9SH-gkM6c1Km3vTsBI2yNqreZMwH0TWn7H8=w1600-h1200-k-no,,,11.1882662,119.3949552,https://www.google.com/maps/place/Jinjer+Restaurant+by+Cadlao+El+Nido+Resort/data=!4m7!3m6!1s0x33b655ccd636ccb5:0x9339be3a2417ce11!8m2!3d11.1882662!4d119.3949552!16s%2Fg%2F11sf67kjp0!19sChIJtcw21sxVtjMREc4XJDq-OZM?authuser=0&hl=en&rclk=1,"massage spa in El Nido, Palawan, Philippines",El Nido
Morning Walsh Resort,4.0,(62),,,,,Massage Spa,,,https://lh3.googleusercontent.com/gps-proxy/ALd4DhEj0S7H4RvkIyXrUZLlVk4P0wjmny1it_zTBl0ggFTdW0QQ29tl8nhX_2ytUTf4qH4MBzai8r0gaq9_CTNCLkfNuus4YzRqgAJtnP4Qjuw9Cf5UTClRjKvf2_sjeaeKKNawgTuMc3fqMDZvSPPvCVicljeqH2BKiVtJqtAdtkFBeiG87fPQ-Bcr=w1600-h1200-k-no,,,11.1630398,119.397456,https://www.google.com/maps/place/Morning+Walsh+Resort/data=!4m11!3m10!1s0x33b6557500ff322f:0x620b7ebbefe16170!5m3!1s2026-10-31!4m1!1i2!8m2!3d11.1630398!4d119.397456!16s%2Fg%2F11cs60jt2n!19sChIJLzL_AHVVtjMRcGHh77t-C2I?authuser=0&hl=en&rclk=1,"massage spa in El Nido, Palawan, Philippines",El Nido
Brunch El nido,4.7,"(1,855)",,,,,Public Wi-Fi,,,https://lh3.googleusercontent.com/gps-cs-s/APNQkAE7YrlysuKapyoz3nCgCJXkAKl7OKvWI83Up0NgFacYzuVTAuDydEi0gWVWmBXrMw6Y-DWLLh_9ul7rpLoahrpV_yjmKhpNXb0xH0SBcy3w6dqHVOI-KElHDg63k7q_KFg8_0aOLg=w1600-h1200-k-no,,,11.1796505,119.389547,https://www.google.com/maps/place/Brunch+El+nido/data=!4m7!3m6!1s0x33b65586c7983f59:0xd4dc7800de1c03c!8m2!3d11.1796505!4d119.389547!16s%2Fg%2F11t27j882v!19sChIJWT-Yx4ZVtjMRPMDhDYDHTQ0?authuser=0&hl=en&rclk=1,"public wifi in El Nido, Palawan, Philippines",El Nido
Kopi Bake,4.3,(276),,,,,Public Wi-Fi,,,https://lh3.googleusercontent.com/gps-cs-s/APNQkAF2WMWs0iBmLKN-_L_JvPKb7HXZwW70GZ3p6VVP1ANROvVJMR0XYp7OD8UaOn_11hhfV19wljndyZXMPx9jweJFDvmVD9CDQwW39g6rsa3uuHEIdNicIe1NbFXybz00zopMzUoO=w1600-h1200-k-no,,,11.1798173,119.3895095,https://www.google.com/maps/place/Kopi+Bake/data=!4m7!3m6!1s0x33b655a7772d8203:0x226df8b437769786!8m2!3d11.1798173!4d119.3895095!16s%2Fg%2F11f9w7yh31!19sChIJA4Itd6dVtjMRhpd2N7T4bSI?authuser=0&hl=en&rclk=1,"public wifi in El Nido, Palawan, Philippines",El Nido
Hama Coffee El Nido,4.6,(857),,,,,Public Wi-Fi,,,https://lh3.googleusercontent.com/gps-cs-s/APNQkAHHKilxbORQqi5K2GY2FMQi2RYhhnQD5tt-yFsHT74IdmIOiKAp5kvgkq5jk1Ap0SOd8hdsI9sR4jp8kaAMbUO9S5xKHFVxoo2Xznu6hVGTfjzCXkrC8MBqSraLQzSyD_S8W07Q_w=w1600-h1200-k-no,,,11.1827629,119.3922543,https://www.google.com/maps/place/Hama+Coffee+El+Nido/data=!4m7!3m6!1s0x33b655fecf7a27af:0x6b111a0709850746!8m2!3d11.1827629!4d119.3922543!16s%2Fg%2F11tk9wcd3h!19sChIJryd6z_5VtjMRRgeFCQcaEWs?authuser=0&hl=en&rclk=1,"public wifi in El Nido, Palawan, Philippines",El Nido
The Apartments At El Nido,4.9,(497),,,,,Public Wi-Fi,,,https://lh3.googleusercontent.com/gps-cs-s/APNQkAFzDfExkWTKHSItSZVWx1HfODWwws7liOJj3Glx3GcVIylExkt9XhdOxp-oo0U5AR-TFnd7G9DKWDFhUGvRn-ZB5Q5V9ilsei82bnqrvKXDuDzwV8BYX864x6Bt4aYeLN85IH00=w1600-h1200-k-no,,,11.1810917,119.3916943,https://www.google.com/maps/place/The+Apartments+At+El+Nido/data=!4m7!3m6!1s0x33b6550a61790919:0x4c97dd63b7d98f2!8m2!3d11.1810917!4d119.3916943!16s%2Fg%2F11fnym96p_!19sChIJGQl5YQpVtjMR8ph9O9Z9yQQ?authuser=0&hl=en&rclk=1,"public wifi in El Nido, Palawan, Philippines",El Nido
Balayniporrah Bistro,4.4,(166),,,,,Public Wi-Fi,,,https://lh3.googleusercontent.com/gps-cs-s/APNQkAE9SAbcTdTRTGMIFV5pzCgzGTMGWndb-5K22XY5OL4ASS66H8rgiOA0QQXKebji1pBzHXdypUwwbLOyvqZ08Iu1TnmiGuNcvRI8WdjE5vmAILEUsjUFUh81JcVWxroiS9LYOSUI=w1600-h1200-k-no,,,11.1782704,119.3905564,https://www.google.com/maps/place/Balayniporrah+Bistro/data=!4m7!3m6!1s0x33b65580f4c79ff7:0xcc584cc28ed09c0c!8m2!3d11.1782704!4d119.3905564!16s%2Fg%2F11sx0bwnx9!19sChIJ95_H9IBVtjMRDJzQjsJMWMw?authuser=0&hl=en&rclk=1,"public wifi in El Nido, Palawan, Philippines",El Nido
Mountainside Inn,4.2,(61),,,,,Public Wi-Fi,,,https://lh3.googleusercontent.com/gps-proxy/ALd4DhH6cVSWMENnL215RXZOVYLOQNviQ8MUYIeOm3Kms9O4vWLE51FMRWDryWYpycOgEZFgHqCX0jPtb0NHSNC-3rC_NGFaCSvlnjdwdym_HT2HAtqssrkMev5gsqVwUcdPXOO2R_VtZZBpwtlNbDB_5YYxKIe1jqp0_GkiItoOp2Ei6xlOI-sukwoI=w1600-h1200-k-no,,,11.178147,119.389873,https://www.google.com/maps/place/Mountainside+Inn/data=!4m11!3m10!1s0x33b655143c4f74c1:0xf1ce8ef232c9db30!5m3!1s2026-10-31!4m1!1i2!8m2!3d11.178147!4d119.389873!16s%2Fg%2F11cly80sqg!19sChIJwXRPPBRVtjMRMNvJMvKOzvE?authuser=0&hl=en&rclk=1,"public wifi in El Nido, Palawan, Philippines",El Nido
Yacht Wreck Bar,4.8,(284),,,,,Public Wi-Fi,,,https://lh3.googleusercontent.com/gps-cs-s/APNQkAH91WTSEuRL9fMRNHFkxEwc0_8Q2jqqlYYF_8BZfuzvl5ldFmQNcipQtXflaYMGMFfVqpLq7XNMKWUrSNV5yYWBQeHYJWwLmoPCcgqnGXQqu_VealCMkLXTf_sqJZRXSB_FWta-=w1600-h1200-k-no,,,11.1811575,119.3906959,https://www.google.com/maps/place/Yacht+Wreck+Bar/data=!4m7!3m6!1s0x33b655cf2eaa09f3:0xa5540d4b1fb670b7!8m2!3d11.1811575!4d119.3906959!16s%2Fg%2F11trjxvpkk!19sChIJ8wmqLs9VtjMRt3C2H0sNVKU?authuser=0&hl=en&rclk=1,"public wifi in El Nido, Palawan, Philippines",El Nido
Happiness Hostel,4.7,(261),,,,,Public Wi-Fi,,,https://lh3.googleusercontent.com/gps-cs-s/APNQkAHNGEEAbL30n9lQAZrJLXRdSEcUv0PPuxtaV_KUSRXWJ_UcBIH4Kw1uZF3yC8hiM4CmOvhiH7ldLRTblWwmpniTVv2idNgWQH_Gfua8FcjJanrUXBS_367GhAvHTDVOAgNjB0A=w1600-h1200-k-no,,,11.1802241,119.3883027,https://www.google.com/maps/place/Happiness+Hostel/data=!4m11!3m10!1s0x33b655d331232539:0x1011fdf3c4784609!5m3!1s2026-10-31!4m1!1i2!8m2!3d11.1802241!4d119.3883027!16s%2Fg%2F11fhvmhx_b!19sChIJOSUjMdNVtjMRCUZ4xPP9ERA?authuser=0&hl=en&rclk=1,"public wifi in El Nido, Palawan, Philippines",El Nido
P Gomez Pension,4.1,(85),,,,,Public Wi-Fi,,,https://lh3.googleusercontent.com/gps-proxy/ALd4DhEY5-GTVMgAjQqdqEY_t0TG1-u1dpZYQgQ0iVSrgiyIVfkYCZykzF1jrSVpqqmlMAYqzDVa-eFl7MY9QvXEa4pCFI6NRsxPzfEHKuR0fHs60uAxkBQjM4OP2u21T2xJ6PRmQ0neOANuZY60p1j92OiAZ0sXE_faAupFy3QO9HN-yY8XtsKH47ryFw=w1600-h1200-k-no,,,11.1792679,119.3894256,https://www.google.com/maps/place/P+Gomez+Pension/data=!4m11!3m10!1s0x33b655142cd41add:0xc21e2c4c9761c39e!5m3!1s2026-10-31!4m1!1i2!8m2!3d11.1792679!4d119.3894256!16s%2Fg%2F11cmcxjw7s!19sChIJ3RrULBRVtjMRnsNhl0wsHsI?authuser=0&hl=en&rclk=1,"public wifi in El Nido, Palawan, Philippines",El Nido
El Nido Viewdeck,3.9,(302),,,,,Public Wi-Fi,,,https://lh3.googleusercontent.com/gps-proxy/ALd4DhE6C5SeI_fDdxll6JI0TIO8tdwRNyaw58-54VpiUx1CLphTeNeMrGBNnRzBt8dvMCd-PND9HWq0TpSr4dSdxGDxgykNveuNciq56mzngO4ZR8ycMeJmo3ZH_b2UEsCAVkPacZsxwMl7FQ7SQGd8oc2ABcjf-zvgablLrn61mUtMnZPAZbGoZ5b-lw=w1600-h1200-k-no,,,11.1753995,119.3917054,https://www.google.com/maps/place/El+Nido+Viewdeck/data=!4m11!3m10!1s0x33b655137526bdcd:0x8906ced46767e6d3!5m3!1s2026-10-31!4m1!1i2!8m2!3d11.1753995!4d119.3917054!16s%2Fg%2F1hc0vr92m!19sChIJzb0mdRNVtjMR0-ZnZ9TOBok?authuser=0&hl=en&rclk=1,"public wifi in El Nido, Palawan, Philippines",El Nido
Chica Chica El Nido,4.5,(632),,,,,Public Wi-Fi,5313 Taytay,,https://lh3.googleusercontent.com/gps-cs-s/APNQkAFqBgJ2RqFsoLTr3AphZJq9LfSwbX0jlo5LkqTqkWSPSQJpoBwpWovbcvEQCAgdSPKrese-W8voeRc8iWUWH6b-iz5G86orXKHfXvF-JaXYQ_H5bDBwg5lb1sah_kcqtmD-gZ36XXHu6US0=w1600-h1200-k-no,,,11.1566775,119.399639,https://www.google.com/maps/place/Chica+Chica+El+Nido/data=!4m7!3m6!1s0x33b655099416ca71:0x59b210ea54902e2!8m2!3d11.1566775!4d119.399639!16s%2Fg%2F11thktptr9!19sChIJccoWlAlVtjMR4gJJpQ4hmwU?authuser=0&hl=en&rclk=1,"public wifi in El Nido, Palawan, Philippines",El Nido
ZEN Hostel OMP El Nido,3.8,(90),,,,,Public Wi-Fi,,,https://lh3.googleusercontent.com/gps-cs-s/APNQkAELBckAG3Lc6EdtHjk8EB3WFJULRtDkQNhqUTbx3vPIDUUFqXjWgc3NX2cgFI6BNXapLmnmYh0Ncjo2aYM3a2u6jpBpYWBQG8Ii6mxpW4TPjvqy-TN04Fx2y0rLeQNFaSU77LGB=w1600-h1200-k-no,,,11.1806786,119.3904887,https://www.google.com/maps/place/ZEN+Hostel+OMP+El+Nido/data=!4m11!3m10!1s0x33b65515c5b37f0d:0xd9518b5d32bb5be1!5m3!1s2026-10-31!4m1!1i2!8m2!3d11.1806786!4d119.3904887!16s%2Fg%2F11cr_7ld67!19sChIJDX-zxRVVtjMR4Vu7Ml2LUdk?authuser=0&hl=en&rclk=1,"public wifi in El Nido, Palawan, Philippines",El Nido
Big Paul Hostel - El Nido,4.0,(95),,,,,Public Wi-Fi,,,https://lh3.googleusercontent.com/gps-cs-s/APNQkAHlJ_NZveDCKHzYn8GEr10M_z8-6n5Sar85Fhv2d_NSrZG_sCf2Z0xZZoDuJZf6-PrvxXdrufE7eYAscz-MBECVabNQdpnnzqBqz9D3NDOBHI7PGwJ1gy7KWuAYeoCOZ0ekjwNk=w1600-h1200-k-no,,,11.1637983,119.3984391,https://www.google.com/maps/place/Big+Paul+Hostel+-+El+Nido/data=!4m11!3m10!1s0x33b65575b2349851:0xfb4c6e3f2385229f!5m3!1s2026-10-31!4m1!1i2!8m2!3d11.1637983!4d119.3984391!16s%2Fg%2F11f4pkccfx!19sChIJUZg0snVVtjMRnyKFIz9uTPs?authuser=0&hl=en&rclk=1,"public wifi in El Nido, Palawan, Philippines",El Nido
Kings Landing Hostel,4.3,(42),,,,,Public Wi-Fi,,,https://lh3.googleusercontent.com/gps-proxy/ALd4DhHzYSGFEPZ7fe4963P3utoHKhQrUnzgJwPPJMWh_FwdUqdnAe6sB3O33AbKxKnYqC35mNDQaXldMpywgeE3Q1BEsBFwWcH6iLgk14cVMUr7gqYPokC6NnK8-s4RBQbEIRHqa7brAzBf2L0KgSe13oO2eQHrtC8-bWhk-Skz7iKTOHnFfweW4cN2=w1600-h1200-k-no,,,11.1792961,119.3874653,https://www.google.com/maps/place/Kings+Landing+Hostel/data=!4m11!3m10!1s0x33b655150df72813:0x6ffb5aef8f0727a1!5m3!1s2026-10-31!4m1!1i2!8m2!3d11.1792961!4d119.3874653!16s%2Fg%2F11f124cf0g!19sChIJEyj3DRVVtjMRoScHj-9a-28?authuser=0&hl=en&rclk=1,"public wifi in El Nido, Palawan, Philippines",El Nido
Altrov'e Express,4.2,(549),,,,,Public Wi-Fi,,,https://lh3.googleusercontent.com/gps-cs-s/APNQkAFWAb-KWdGWE9WLN-ERz0fZ2qCtgDPtKQI1ZvNaAKcQveUDA9uOq_DWxx2Y6zW1ExnDTqarZg_-BvwQWs-CvzCF0LHpNcHVPOWQZwbVJVMIcz2bLSb7XwBn757835x-0LT_x0LV=w1600-h1200-k-no,,,11.1811226,119.3912897,https://www.google.com/maps/place/Altrov%27e+Express/data=!4m7!3m6!1s0x33b655158061fa53:0x591d6dcd10100c2a!8m2!3d11.1811226!4d119.3912897!16s%2Fg%2F11b7803jt6!19sChIJU_phgBVVtjMRKgwQEM1tHVk?authuser=0&hl=en&rclk=1,"public wifi in El Nido, Palawan, Philippines",El Nido
"Bed, Bunks, and Beyond Hostel El Nido",4.0,(6),,,,,Public Wi-Fi,,,https://lh3.googleusercontent.com/gps-cs-s/APNQkAFU48aRQYBBbT7sPPSLmk-LFubXd-AZhbORi_o-TPIxxp14jPlybgRAOasqzSbHU-A-Z4rLFIZT_lArV1xb3nANiq0V61-1bZSk6xUY86h6qPVG5AME0DoM3ehsPDrh9iJrQXAwig=w1600-h1200-k-no,,,11.1800507,119.3849696,"https://www.google.com/maps/place/Bed,+Bunks,+and+Beyond+Hostel+El+Nido/data=!4m11!3m10!1s0x33b655dd94927499:0x5bf4ddf2e667d97b!5m3!1s2026-10-31!4m1!1i2!8m2!3d11.1800507!4d119.3849696!16s%2Fg%2F11h49kz36y!19sChIJmXSSlN1VtjMRe9ln5vLd9Fs?authuser=0&hl=en&rclk=1","public wifi in El Nido, Palawan, Philippines",El Nido
La Soledad Guest House,4.4,(112),,,,,Public Wi-Fi,,,https://lh3.googleusercontent.com/gps-cs-s/APNQkAGRdyJdb6pfEYTKIPiPuFG5Qzvig4KFMAQNuEIy1VBwa5XLUBKNnNS3YGf9wYZyP0NpmnvboAP2HpMMnXMtM8my8AhDzOxPTRsk1SH8JHSXbxxFHSivxfkyBJv3kS23RIqytzDN=w1600-h1200-k-no,,,11.1783042,119.3897351,https://www.google.com/maps/place/La+Soledad+Guest+House/data=!4m11!3m10!1s0x33b6551471513e5f:0x3bd298e7ec1cb889!5m3!1s2026-10-31!4m1!1i2!8m2!3d11.1783042!4d119.3897351!16s%2Fg%2F11hb389ps7!19sChIJXz5RcRRVtjMRibgc7OeY0js?authuser=0&hl=en&rclk=1,"public wifi in El Nido, Palawan, Philippines",El Nido
Dormitelsph El Nido,3.5,(112),,,,,Public Wi-Fi,,,https://lh3.googleusercontent.com/gps-proxy/ALd4DhGRx8uU5yySmKBppeyMsT545rxqyoEzhvK2CxXeJTjLiWT8yoTA6go4aEPxMc5JB8-q46wrInTd6ow6QINmM27yq7rHxGCwxmNbxBJzQWj0XjI4JKHEerbOl5G57WD0AWsoTzKGZygMLm4F8UEU-yOHJjzjk3GJoaTAD4WHe20VM47ezdmO9Kfi2A=w1600-h1200-k-no,,,11.1634118,119.3976592,https://www.google.com/maps/place/Dormitelsph+El+Nido/data=!4m11!3m10!1s0x33b6557320356f31:0xa3d5f41dc010549b!5m3!1s2026-10-31!4m1!1i2!8m2!3d11.1634118!4d119.3976592!16s%2Fg%2F11cm_hcvkn!19sChIJMW81IHNVtjMRm1QQwB301aM?authuser=0&hl=en&rclk=1,"public wifi in El Nido, Palawan, Philippines",El Nido
Outpost Beach Hostel,4.5,(663),,,,,Public Wi-Fi,,,https://lh3.googleusercontent.com/gps-cs-s/APNQkAHiae7Lmdjqa0kvaR1rwkaqfL5YAag-2oYWwosyyQxJtKOJTN8Z5k1SkEWl36r3j3V8AjbrTk6htTwd4nPievqcsCcM9fcrEphRt4wNJFE2uTySTKWkK7Rbtea-GuKzDhmKXlTnYHWlBsf8=w1600-h1200-k-no,,,11.1574869,119.3979511,https://www.google.com/maps/place/Outpost+Beach+Hostel/data=!4m11!3m10!1s0x33b6559ee370d0a5:0x78be6d8c7c210444!5m3!1s2026-10-31!4m1!1i2!8m2!3d11.1574869!4d119.3979511!16s%2Fg%2F11g69z33n9!19sChIJpdBw455VtjMRRAQhfIxtvng?authuser=0&hl=en&rclk=1,"public wifi in El Nido, Palawan, Philippines",El Nido
Telesfora Resto Bar,3.9,(143),,,,,Public Wi-Fi,,,https://lh3.googleusercontent.com/gps-cs-s/APNQkAHVwZBiwzdqqGqy-fiD4imG4SkQiSx5UHTnr2Q1q52TbAnp4CVgcH_RG6n42eJajl0DeP5bm1u0GVdd4Ld8INAXobMg3bZw3QkpuWncpM4ZuuA8G73NitDGSx9zJ_FrvG45BkwW=w1600-h1200-k-no,,,11.1638455,119.3984154,https://www.google.com/maps/place/Telesfora+Resto+Bar/data=!4m11!3m10!1s0x33b6553cea3fdef7:0xc7f40122b335d364!5m3!1s2026-10-31!4m1!1i2!8m2!3d11.1638455!4d119.3984154!16s%2Fg%2F12m941q9w!19sChIJ994_6jxVtjMRZNM1syIB9Mc?authuser=0&hl=en&rclk=1,"public wifi in El Nido, Palawan, Philippines",El Nido
El Nido Lofts,4.3,(18),,,,,Public Wi-Fi,,,https://lh3.googleusercontent.com/gps-cs-s/APNQkAEeQg_8RzzHSxlNbUV9UNNZyDzmboAVOsWL_L8cjj70Oez1pvMMm088Hi_GD4pMQo2JffzT7IdDRRCJssBgpy5a1taqWqv1TPsByLsvS-GxgEoHMW5JwDDTyyARKEtlGrcqdpDr53szSHc=w1600-h1200-k-no,,,11.1733534,119.3949758,https://www.google.com/maps/place/El+Nido+Lofts/data=!4m11!3m10!1s0x33b6558e2e372f2f:0x7fd105d91eb96107!5m3!1s2026-10-31!4m1!1i2!8m2!3d11.1733534!4d119.3949758!16s%2Fg%2F11y3wxcw4z!19sChIJLy83Lo5VtjMRB2G5HtkF0X8?authuser=0&hl=en&rclk=1,"public wifi in El Nido, Palawan, Philippines",El Nido
"Forest Camp El Nido, Palawan",3.8,(57),,,,,Public Wi-Fi,,,https://lh3.googleusercontent.com/gps-proxy/ALd4DhGmsgA8g_CfQk77Z6hiFcgiCVFrn52G3EU8Owo6MIDOc3VPbkTR1TqECH0sT3IUsWYo69qOXZnJSdxh6p3rvjIbjNcZUSqj0IkxDZZRkJtJeZwZjbDlxWPn-6Ytg18GoG8JPyNlVa413fw51zRSF_KilSoYSCGKZkXFgjAbNiQeXttg7ti1hEz1=w1600-h1200-k-no,,,11.1873302,119.397441,"https://www.google.com/maps/place/Forest+Camp+El+Nido,+Palawan/data=!4m11!3m10!1s0x33b655c68ca7b06f:0x81d5d63291ef7d2c!5m3!1s2026-10-31!4m1!1i2!8m2!3d11.1873302!4d119.397441!16s%2Fg%2F11h88fmqyj!19sChIJb7CnjMZVtjMRLH3vkTLW1YE?authuser=0&hl=en&rclk=1","public wifi in El Nido, Palawan, Philippines",El Nido
Amakan,3.7,(348),,,,,Public Wi-Fi,,,https://lh3.googleusercontent.com/gps-cs-s/APNQkAGqjzs9o50K1i44O6XguHKwdW7-pBrPzatc1vFVoMtmrwvOb4xTJetNoFZflqQBVFFAHx2uwaO9IMCHfSQbpeDaPhRnS7oQsixdWvDc2vhoBx6sjrJ2rfDvW15NqqMvFGaWJBSObw=w1600-h1200-k-no,,,11.1782978,119.3906767,https://www.google.com/maps/place/Amakan/data=!4m11!3m10!1s0x33b6551445bd22ad:0xc7de8658085e5834!5m3!1s2026-10-31!4m1!1i2!8m2!3d11.1782978!4d119.3906767!16s%2Fg%2F11dxbpdsd9!19sChIJrSK9RRRVtjMRNFheCFiG3sc?authuser=0&hl=en&rclk=1,"public wifi in El Nido, Palawan, Philippines",El Nido
Lolo Oyong El Nido Pension House,4.2,(81),,,,,Public Wi-Fi,,,https://lh3.googleusercontent.com/gps-proxy/ALd4DhEi-wBYKIYjcHgt7XvBWFqh64REyy-WEVt08aay0MyMtvk7AZ63BjJ3vU7a3C1ioBM-50qK322Isnf6AHYX8Eta6dQpuQ9TU681smado0qmGp7CxKCHTWp3S_gYmw5Gj7ZABH_j-Qi3yUKZh41T6WSsavkRpDbddpyWGacE9UkfBQwZPN3CSUCS=w1600-h1200-k-no,,,11.178181,119.3898745,https://www.google.com/maps/place/Lolo+Oyong+El+Nido+Pension+House/data=!4m11!3m10!1s0x33b655146eec99fd:0x58ba0238f37b65f9!5m3!1s2026-10-31!4m1!1i2!8m2!3d11.178181!4d119.3898745!16s%2Fg%2F11b73ntgqn!19sChIJ_ZnsbhRVtjMR-WV78zgCulg?authuser=0&hl=en&rclk=1,"public wifi in El Nido, Palawan, Philippines",El Nido
Full House El Nido,4.4,(45),,,,,Public Wi-Fi,,,https://lh3.googleusercontent.com/gps-cs-s/APNQkAGhJDwAE1jeTaA8YKqb4Gwi-swXjoWuitQXYz9X983u3VKknyUl9CEFpaQ3IjQtCQLgR2_dN_wcakMNX-CawrGt0vski5XWkGMkH42tEb5kFbodnnGvxqeFV5LKfGPDP-2fzMpx=w1600-h1200-k-no,,,11.1764126,119.3917607,https://www.google.com/maps/place/Full+House+El+Nido/data=!4m7!3m6!1s0x33b6551381b6fc6b:0xcad5f4f0be8d8e97!8m2!3d11.1764126!4d119.3917607!16s%2Fg%2F11bzz_rm3x!19sChIJa_y2gRNVtjMRl46NvvD01co?authuser=0&hl=en&rclk=1,"public wifi in El Nido, Palawan, Philippines",El Nido
David Guesthouse,4.3,(73),,,,,Public Wi-Fi,,,https://lh3.googleusercontent.com/gps-cs-s/APNQkAF-eYfryaVuZNU5Zo3LH-34N2BfEtC0GxNv12brSAbIzQ518iuP5A58E8FmQLw8xlapOVUEXuq9BGkNRU1dHFG4vnC8ktWuRIvuy3uYs2otzi5jmP1KSgfF40POk6Ox3p10tcg0=w1600-h1200-k-no,,,11.1788156,119.3902818,https://www.google.com/maps/place/David+Guesthouse/data=!4m11!3m10!1s0x33b65514363d05b5:0x63329b9ff7300a26!5m3!1s2026-10-31!4m1!1i2!8m2!3d11.1788156!4d119.3902818!16s%2Fg%2F11g6hzg6p1!19sChIJtQU9NhRVtjMRJgow95-bMmM?authuser=0&hl=en&rclk=1,"public wifi in El Nido, Palawan, Philippines",El Nido
Charry Sulad iPhone Store,3.7,(3),,,,,Sim Card,,,https://streetviewpixels-pa.googleapis.com/v1/thumbnail?panoid=CP_TuHNhbpBYt06n0tJGVQ&cb_client=search.gws-prod.gps&w=80&h=92&yaw=273.42365&pitch=0&thumbfov=100,,,11.1633832,119.3984206,https://www.google.com/maps/place/Charry+Sulad+iPhone+Store/data=!4m7!3m6!1s0x33b655007a2d4fbd:0xa3feadf744cbe13a!8m2!3d11.1633832!4d119.3984206!16s%2Fg%2F11x1tfx_5q!19sChIJvU8tegBVtjMROuHLRPet_qM?authuser=0&hl=en&rclk=1,"sim card in El Nido, Palawan, Philippines",El Nido
Grace Olson Store,5.0,(2),,,,,Convenience Store,57 Real St,,https://streetviewpixels-pa.googleapis.com/v1/thumbnail?panoid=o44Qwe73lH5Wc4kKbym0Cw&cb_client=search.gws-prod.gps&w=80&h=92&yaw=342.74854&pitch=0&thumbfov=100,,,11.1798122,119.3879714,https://www.google.com/maps/place/Grace+Olson+Store/data=!4m7!3m6!1s0x33b65515da0343cf:0x8f9b0c4a6849a7!8m2!3d11.1798122!4d119.3879714!16s%2Fg%2F11ggb5xmdg!19sChIJz0MD2hVVtjMRp0loSgybjwA?authuser=0&hl=en&rclk=1,"convenience store in El Nido, Palawan, Philippines",El Nido
Sherylmae Store,5.0,(1),,,,,Convenience Store,,,https://streetviewpixels-pa.googleapis.com/v1/thumbnail?panoid=iZVVGwoei3OL2_5Gwz-Dcw&cb_client=search.gws-prod.gps&w=80&h=92&yaw=230.34753&pitch=0&thumbfov=100,,,11.1798297,119.3891175,https://www.google.com/maps/place/Sherylmae+Store/data=!4m7!3m6!1s0x33b65515d70c9c0b:0xf89257937abdb0bc!8m2!3d11.1798297!4d119.3891175!16s%2Fg%2F11hcjwv28g!19sChIJC5wM1xVVtjMRvLC9epNXkvg?authuser=0&hl=en&rclk=1,"convenience store in El Nido, Palawan, Philippines",El Nido
Chloei's Store,5.0,(2),,,,,Convenience Store,,,https://streetviewpixels-pa.googleapis.com/v1/thumbnail?panoid=TiKy-sTK5R7MvE9qude8Vw&cb_client=search.gws-prod.gps&w=80&h=92&yaw=311.49152&pitch=0&thumbfov=100,,,11.1790169,119.3900668,https://www.google.com/maps/place/Chloei%27s+Store/data=!4m7!3m6!1s0x33b655143466a27f:0x93e4e8b960b9a6e2!8m2!3d11.1790169!4d119.3900668!16s%2Fg%2F11hcjwt6wd!19sChIJf6JmNBRVtjMR4qa5YLno5JM?authuser=0&hl=en&rclk=1,"convenience store in El Nido, Palawan, Philippines",El Nido
ELJE KC STORE,5.0,(2),,,,,Convenience Store,,,https://lh3.googleusercontent.com/gps-cs-s/APNQkAGvn5mvMo56vOnOcOP5DDjhXvJ_zHQO6Qc6LMDOBTDN9rWIqcsI11ENd5TL0iOrZs1mpJ-XE8H1fG012dz97YyV9hJw5Zejsrybdtot6FOF57z_9mhI_zmE7DBYN8Xv_2Y2cw=w1600-h1200-k-no,,,11.1643058,119.3984036,https://www.google.com/maps/place/ELJE+KC+STORE/data=!4m7!3m6!1s0x33b6552939f62b11:0x2681873fabab680!8m2!3d11.1643058!4d119.3984036!16s%2Fg%2F11v0v6ftdr!19sChIJESv2OSlVtjMRgLa6-nMYaAI?authuser=0&hl=en&rclk=1,"convenience store in El Nido, Palawan, Philippines",El Nido
"Don Macchiattos (Cebu's First 39 Pesos Coffee) - El Nido, Philippines",4.7,(69),907 168 6050,https://wa.me/9071686050,,,Convenience Store,39 Pesos Coffee,,https://lh3.googleusercontent.com/gps-cs-s/APNQkAE1aUqxDVu_9E-niY4xwrG5xuIjArrATyMbMj6EB-5uK7cXTZcsJ8JzGDD8qhkbxJ2EmgpPEalzf-WhmMNZPzxucuabjswZdb9jG8G7XQAC1UOtdBDSI-bJaHiWf9i_Omnq69R3iB3spTeg=w1600-h1200-k-no,,,11.1799188,119.3888789,"https://www.google.com/maps/place/Don+Macchiattos+%28Cebu%27s+First+39+Pesos+Coffee%29+-+El+Nido,+Philippines/data=!4m7!3m6!1s0x33b655003bc9327d:0xb5a7729565c5e3a!8m2!3d11.1799188!4d119.3888789!16s%2Fg%2F11w3874b7s!19sChIJfTLJOwBVtjMROl5cVil3Wgs?authuser=0&hl=en&rclk=1","convenience store in El Nido, Palawan, Philippines",El Nido
Midtown El Nido Bakery,3.9,(260),,,,,Convenience Store,,,https://lh3.googleusercontent.com/gps-cs-s/APNQkAGtAiLOA6l139WjJTYW9Y6JPEGqKkmJlXRLrYU9tEw8xDqBQBjXYAftf8g-uexoEpJO6gNJo5CBpKZuetHXIWeX2ZhMnmNQ_d1mI_1MmREgK5ykKGfqqVZYpSYGp0Eb3HVMb14=w1600-h1200-k-no,,,11.179534,119.3893623,https://www.google.com/maps/place/Midtown+El+Nido+Bakery/data=!4m7!3m6!1s0x33b65515d3f4e7bb:0xcd40784aa9acfea3!8m2!3d11.179534!4d119.3893623!16s%2Fg%2F11r9_3984!19sChIJu-f00xVVtjMRo_6sqUp4QM0?authuser=0&hl=en&rclk=1,"convenience store in El Nido, Palawan, Philippines",El Nido
Valdez Store,5.0,(3),,,,,Convenience Store,,,https://lh3.googleusercontent.com/gps-cs-s/APNQkAHAHflukvv_mhG6EoZj-ftQJ3wHLNxv_sJlE8Yl1DsfnPAOuMgwC_RwoO7W6OI91_khd_IOczzcqNdmx1UdWLoY0yh-248xPtv7XA4xagmn1UTj5O6oswsZRYt_ClFzzoJrxfM8MUdKGyY=w1600-h1200-k-no,,,11.1825044,119.3923635,https://www.google.com/maps/place/Valdez+Store/data=!4m7!3m6!1s0x33b6553fc921a677:0xaf94259017f19b1a!8m2!3d11.1825044!4d119.3923635!16s%2Fg%2F11ggb5x5l_!19sChIJd6YhyT9VtjMRGpvxF5AllK8?authuser=0&hl=en&rclk=1,"convenience store in El Nido, Palawan, Philippines",El Nido
Carne ymas frozen products,4.4,(13),999 474 6037,https://wa.me/9994746037,,,Convenience Store,0999 474 6037,,https://lh3.googleusercontent.com/gps-cs-s/APNQkAEpuM852KIlyov7SP07rnlioulskW9ovfiOFYIVmpWXJFXy_sXAd7FXR7KsLYsAJe1R5FTdBx91uBccLsFk_Rd7HyEJt4XgPSgZ9clmQeTaR3wyNjcaNHWDmRqk6UMSa9YA-osG=w1600-h1200-k-no,,,11.1796923,119.3873565,https://www.google.com/maps/place/Carne+ymas+frozen+products/data=!4m7!3m6!1s0x33b6553de570877b:0xd70a3cdb53be13f1!8m2!3d11.1796923!4d119.3873565!16s%2Fg%2F11t3bswt1v!19sChIJe4dw5T1VtjMR8RO-U9s8Ctc?authuser=0&hl=en&rclk=1,"convenience store in El Nido, Palawan, Philippines",El Nido
Yolk & Yogurt Bar El Nido (yoyobar ph),4.9,(41),995 428 1779,https://wa.me/9954281779,,,Convenience Store,0995 428 1779,,https://lh3.googleusercontent.com/gps-cs-s/APNQkAENxaWNNPCmcqc8QUx7QPrZ2C8AvGrocVL7u3KfHioFrk9Kk5TZgKk5iJWSeitvvhQ1XdOie5zpGaJSmMohnLll3FE1u1XcPkvPHZuEgTPhAEF-0ZlodeLjlpqMcNrGw17oRIfCiAhTuupV=w1600-h1200-k-no,,,11.1789978,119.3897083,https://www.google.com/maps/place/Yolk+%26+Yogurt+Bar+El+Nido+%28yoyobar+ph%29/data=!4m7!3m6!1s0x33b655cef3673641:0xf673e31a471bbbda!8m2!3d11.1789978!4d119.3897083!16s%2Fg%2F11n4wcmfj1!19sChIJQTZn885VtjMR2rsbRxrjc_Y?authuser=0&hl=en&rclk=1,"convenience store in El Nido, Palawan, Philippines",El Nido
Green Market,5.0,(5),,,,,Convenience Store,,,https://lh3.googleusercontent.com/gps-cs-s/APNQkAG5KKEPJ2wEZiDvUTN6zI_4rPSl9rvqhX0koCMMyh4oU7YO0iQGqcnrZCStYjFtVWIXqvSqx7PzHMlJLfhLjRmC_yUT3Rd5aKkWfklz-woLlzZsBaP1ExMqSBHPVUlWzcHkSHOfKi5pGNyf=w1600-h1200-k-no,,,11.1979792,119.4217927,https://www.google.com/maps/place/Green+Market/data=!4m7!3m6!1s0x33b6ff0072f58bc5:0x402972f979c82835!8m2!3d11.1979792!4d119.4217927!16s%2Fg%2F11ypchtz35!19sChIJxYv1cgD_tjMRNSjIeflyKUA?authuser=0&hl=en&rclk=1,"convenience store in El Nido, Palawan, Philippines",El Nido
YoNido! Island Froyo,4.9,(62),998 598 4051,https://wa.me/9985984051,,,Convenience Store,0998 598 4051,,https://lh3.googleusercontent.com/gps-cs-s/APNQkAE8Zp-DypAdaZoEAyVnrtlEsFh6pHvCAOIwCFGKgzfP_EPZcbBk8d92WfVOxs879GDs2ktkR94NhDnrNzHUQ8OR-_d28K01_7F2qDR_ynXz_zL6E1pJT63MjDhpuN7fWPCy7B3eZxxHcA=w1600-h1200-k-no,,,11.179958,119.3893914,https://www.google.com/maps/place/YoNido!+Island+Froyo/data=!4m7!3m6!1s0x33b655ed62b1d92f:0x5fb18f266b75ce76!8m2!3d11.179958!4d119.3893914!16s%2Fg%2F11ytp2h6hn!19sChIJL9mxYu1VtjMRds51ayaPsV8?authuser=0&hl=en&rclk=1,"convenience store in El Nido, Palawan, Philippines",El Nido
REMZ FROZENHUB AND BAKER'S HILL PRODUCT,5.0,(4),916 287 9312,https://wa.me/9162879312,,,Convenience Store,0916 287 9312,,https://lh3.googleusercontent.com/gps-cs-s/APNQkAGaFR2Gab6ZNPDyK4_gigRcdA64GmQIhrclSyByjOwmTScAon-44FO2WQvfAWYg5Y2sBC0Ti2bu8Irj6GJpLuttFuj1Yvsw7V2eYqAqH0I6XRT5dpcxkC-vDW8abAtHQ8xUxrCS4jnjhR79=w1600-h1200-k-no,,,11.1808549,119.3928095,https://www.google.com/maps/place/REMZ+FROZENHUB+AND+BAKER%27S+HILL+PRODUCT/data=!4m7!3m6!1s0x33b6550036272571:0xdafea034fab85b5a!8m2!3d11.1808549!4d119.3928095!16s%2Fg%2F11z3zw58kd!19sChIJcSUnNgBVtjMRWlu4-jSg_to?authuser=0&hl=en&rclk=1,"convenience store in El Nido, Palawan, Philippines",El Nido
Vapers And Riders Shop El Nido,4.8,(68),967 729 7499,https://wa.me/9677297499,,,Convenience Store,0967 729 7499,,https://lh3.googleusercontent.com/gps-cs-s/APNQkAF3eHRYatAOwguSpIecu6Lfs06P8M-hws-dz95GyxsaZL-s-XF_mG2514ZmnyXpK9ejyKiGn8Ee9h7UeVPVxHTcfJF1hwXbFizEGJ_mxO53cR86krKIJJ2cPgqYmoP7gOT57vuoPQ=w1600-h1200-k-no,,,11.1790236,119.3900829,https://www.google.com/maps/place/Vapers+And+Riders+Shop+El+Nido/data=!4m7!3m6!1s0x33b655d50ff81b0b:0xb64bfd5e92227291!8m2!3d11.1790236!4d119.3900829!16s%2Fg%2F11trqgvldg!19sChIJCxv4D9VVtjMRkXIikl79S7Y?authuser=0&hl=en&rclk=1,"convenience store in El Nido, Palawan, Philippines",El Nido
LULA BURST,5.0,(13),,,,,Convenience Store,,,https://lh3.googleusercontent.com/gps-cs-s/APNQkAER7s9wjoU6a0YTpDbRayb_u3zXO3-wR43gGY2_uWGTF8l2YZ1vkbba_2dvl4u6NgiMzK75kbgBDUkCKKoabo9702Ek0FQSzd7hzyIOUs1sxqH87tNJtlzQOa4x0mvqs3TaArRm_iHlzwaZ=w1600-h1200-k-no,,,11.1817881,119.3917799,https://www.google.com/maps/place/LULA+BURST/data=!4m7!3m6!1s0x33b655005b801249:0x769b467ed42b2412!8m2!3d11.1817881!4d119.3917799!16s%2Fg%2F11x1ns0qzc!19sChIJSRKAWwBVtjMREiQr1H5Gm3Y?authuser=0&hl=en&rclk=1,"convenience store in El Nido, Palawan, Philippines",El Nido
Meatlandia El Nido,5.0,(1),968 613 2169,https://wa.me/9686132169,,,Convenience Store,0968 613 2169,,https://lh3.googleusercontent.com/gps-cs-s/APNQkAH9jK-q6KRFaPL4JUwgu96HOVanI-Z_00bcL943WIvEUxFofrW5UyWPhbj0gNuYyOM9hbbkh0eEc_5t1GySgTUAEIXeyQevLjYSaLUIzdmTlUmya6HgcvrVnBvh2r7lQtJIxdz2=w1600-h1200-k-no,,,11.1775215,119.3903945,https://www.google.com/maps/place/Meatlandia+El+Nido/data=!4m7!3m6!1s0x33b6559d739bbfdb:0xb480344325e4dc20!8m2!3d11.1775215!4d119.3903945!16s%2Fg%2F11fs00lz2y!19sChIJ27-bc51VtjMRINzkJUM0gLQ?authuser=0&hl=en&rclk=1,"convenience store in El Nido, Palawan, Philippines",El Nido
Wanderskye Islands El Nido,5.0,(9),,,,,Convenience Store,1070 Rizal St,,https://lh3.googleusercontent.com/gps-cs-s/APNQkAF2DIx4d8UamiaZ6C51Wo6DH-RApirYHGpKGss2Sq3bzRo4tb1RqfWn8L-9aj7HY4XEmiwLN2JKZ4FjBLE70Fz7sUBaT8GUwqfgJ3A9PmgTDeSHF7eOo5DYZMPjZ6q3LXDJMxxHwl0ljssT=w1600-h1200-k-no,,,11.1794248,119.3896046,https://www.google.com/maps/place/Wanderskye+Islands+El+Nido/data=!4m7!3m6!1s0x33b655006a5362bd:0x80cfab2e47ba692!8m2!3d11.1794248!4d119.3896046!16s%2Fg%2F11yr113v0w!19sChIJvWJTagBVtjMRkqZ75LL6DAg?authuser=0&hl=en&rclk=1,"convenience store in El Nido, Palawan, Philippines",El Nido
TropicalTreats,4.9,(133),997 677 6580,https://wa.me/9976776580,,,Convenience Store,0997 677 6580,,https://lh3.googleusercontent.com/gps-cs-s/APNQkAF2nj2rCoRrthxF8Kr7gEZy2AKw8B6yW5Sg1buBWes9E4TSftNcBzG2ugkEkbILMCVnQqfp04FDDiAEbiDRLVdSh9CRS0Br1eWDZGgKWf3N1x4euRc3AVJ0dobN8FM2oW-AWgnYL2ilAkY=w1600-h1200-k-no,,,11.180403,119.3890679,https://www.google.com/maps/place/TropicalTreats/data=!4m7!3m6!1s0x33b655d84d8570c1:0x23545a06284a6847!8m2!3d11.180403!4d119.3890679!16s%2Fg%2F11zkcspzdl!19sChIJwXCFTdhVtjMRR2hKKAZaVCM?authuser=0&hl=en&rclk=1,"convenience store in El Nido, Palawan, Philippines",El Nido
CREPES SUR ROUS EL NIDO,4.6,(9),946 725 9884,https://wa.me/9467259884,,,Convenience Store,0946 725 9884,,https://lh3.googleusercontent.com/gps-cs-s/APNQkAGpN7p5LeKvqhDc_vXJvBL-DdR8jP8uMWXgBFi-d8WULT800RyeQ0gqJCAL8kY5mopUiw8PmZfRxrWRkTM7Sp9yJJ3nOX1-Bvz-JUwSoUoDR0APMcMsX5cRwcj_u4GMa3iT6o7n=w1600-h1200-k-no,,,11.17988,119.3896338,https://www.google.com/maps/place/CREPES+SUR+ROUS+EL+NIDO/data=!4m7!3m6!1s0x33b655e2c96a8487:0xf1b2c4914f4a98c6!8m2!3d11.17988!4d119.3896338!16s%2Fg%2F11vwvd1dvj!19sChIJh4RqyeJVtjMRxphKT5HEsvE?authuser=0&hl=en&rclk=1,"convenience store in El Nido, Palawan, Philippines",El Nido
Isa Pa,4.9,(187),997 201 6817,https://wa.me/9972016817,,,Convenience Store,0997 201 6817,,https://lh3.googleusercontent.com/gps-cs-s/APNQkAERT7Fe0v_GR_3NWBAKh3Wu-aRXHqE7_Z9fjXOgpD4jteGAQVLfTTR0zYUK_ppKZE-ILO5MoTcZ-lYkxpFddmGufZmHrlEwbsW1is_z4feShENN9pBF_i8itRpBlIfPWy5fvsvg1A=w1600-h1200-k-no,,,11.181591,119.3915951,https://www.google.com/maps/place/Isa+Pa/data=!4m7!3m6!1s0x33b655291bb44d29:0xfc365f427bd6120a!8m2!3d11.181591!4d119.3915951!16s%2Fg%2F11vbcjlsdp!19sChIJKU20GylVtjMRChLWe0JfNvw?authuser=0&hl=en&rclk=1,"convenience store in El Nido, Palawan, Philippines",El Nido
"Bite and Brew, El Nido Palawan",4.7,(145),926 042 2736,https://wa.me/9260422736,,,Convenience Store,0926 042 2736,https://www.google.com/searchviewer/42?cvd=CLw_EicKJeICIjIgEhkiF9LX29IPEQoNL2cvMTF2ZDl4ZjNjMxgAOgMI8A0%3D&hl=en-PH&gl=ph&fo_m=MfohQo559jFvMUOzJVpjPL1YMfZ3bInYwBDuMfaXTPp5KXh-&utm_source=tactile&gei=nZYmauzNBOXl2roP5rixsQ4&ei=nZYmauzNBOXl2roP5rixsQ4&fo_s=OA&opi=79508299&ebb=1&cs=0&foub=mcpp,https://lh3.googleusercontent.com/gps-cs-s/APNQkAHnuroKLOWeOM484PyaUN7BcsGCl43Q-uanq6KEFhOAYCIwT1UIG49QY1ZPs3Dj74QAt71Pz28JYWjnVfdQ2QOij4ZVtg2Z8uOQJK0UdeoQieaqMzssrI7k9KhMQ-A0bRfnC-LcF39W7J5F=w1600-h1200-k-no,,,11.1783435,119.3909628,"https://www.google.com/maps/place/Bite+and+Brew,+El+Nido+Palawan/data=!4m7!3m6!1s0x33b655a29b4cde47:0x26a6c8a37c74b879!8m2!3d11.1783435!4d119.3909628!16s%2Fg%2F11vd9xf3c3!19sChIJR95Mm6JVtjMRebh0fKPIpiY?authuser=0&hl=en&rclk=1","convenience store in El Nido, Palawan, Philippines",El Nido
Oz El Nido,4.8,(573),,,,,Convenience Store,,,https://lh3.googleusercontent.com/gps-cs-s/APNQkAEgQY6WThIzfWEQyA2rAy1wfIZvxy5-iXv4dvWmjIQZ11BZ_neZkWdYLN9YA4JxlZ5S2plNSWTrxkak2AdA1EId0xApG4iZPQT8-8EeVXZEnM3dlNutyII8z6_z-sFPRt2qj181=w1600-h1200-k-no,,,11.1803228,119.3896724,https://www.google.com/maps/place/Oz+El+Nido/data=!4m7!3m6!1s0x33b6555ea48e02fb:0x2f838a81cf9ecb64!8m2!3d11.1803228!4d119.3896724!16s%2Fg%2F11szctp1rl!19sChIJ-wKOpF5VtjMRZMuez4GKgy8?authuser=0&hl=en&rclk=1,"convenience store in El Nido, Palawan, Philippines",El Nido
Slurp,4.9,(48),969 608 0618,https://wa.me/9696080618,,,Convenience Store,0969 608 0618,,https://lh3.googleusercontent.com/gps-cs-s/APNQkAFscZCvXs4qUfgNc_kgQytOvkK1AljU7a4SFF6BJ3BLCxz8G2VreKD5Yu2hyeORmuizPUKEKJif6VTtmWGh6BHSgu0gVU6V40S8QDAWENXk1jTpjG0g-2Yfw6x--WIgvV_HMZy7_g=w1600-h1200-k-no,,,11.1804881,119.3892671,https://www.google.com/maps/place/Slurp/data=!4m7!3m6!1s0x33b65537f2a069fd:0x6ec11788af651623!8m2!3d11.1804881!4d119.3892671!16s%2Fg%2F11wnc3ljsx!19sChIJ_Wmg8jdVtjMRIxZlr4gXwW4?authuser=0&hl=en&rclk=1,"convenience store in El Nido, Palawan, Philippines",El Nido
ANGLE BAR BOUTIQUE - EL NIDO,4.2,(18),,,,,Convenience Store,,,https://lh3.googleusercontent.com/gps-cs-s/APNQkAHDAn1Wk6tR_s6vrwIttW7El43qVIG9nTVICXG_ZXEt4sZJXhLYnXEJKONY0AEnkw9UDwwivvol0vnkbsu2px-likwYBKSLM0tnP2yK0ENXNxGjnEY0jir2wPfx8mXx6a_fydJu=w1600-h1200-k-no,,,11.1759236,119.3911079,https://www.google.com/maps/place/ANGLE+BAR+BOUTIQUE+-+EL+NIDO/data=!4m7!3m6!1s0x33b65513900ad289:0xfd73056d4cb4c31d!8m2!3d11.1759236!4d119.3911079!16s%2Fg%2F11ckqyc6g4!19sChIJidIKkBNVtjMRHcO0TG0Fc_0?authuser=0&hl=en&rclk=1,"convenience store in El Nido, Palawan, Philippines",El Nido
SUMMER EVRYDY PH,4.7,(10),915 784 0516,https://wa.me/9157840516,,,Convenience Store,0915 784 0516,,https://lh3.googleusercontent.com/gps-cs-s/APNQkAE5mc1NqKegvvDUWwGm4sYI30u86W8-zfibmwJSdJZY5tq3EeIBfdWooQielmAlivrvrKHaEWkWEk1mhlgK5907_qswqiqAxJjaBfAiwWr-2tnQEQ4qlYbTdIjyx4ZOghh3YPlq=w1600-h1200-k-no,,,11.1793836,119.389595,https://www.google.com/maps/place/SUMMER+EVRYDY+PH/data=!4m7!3m6!1s0x33b65550b9921bf5:0x9593a2cfa03d0ee8!8m2!3d11.1793836!4d119.389595!16s%2Fg%2F11sq4sgxrz!19sChIJ9RuSuVBVtjMR6A49oM-ik5U?authuser=0&hl=en&rclk=1,"convenience store in El Nido, Palawan, Philippines",El Nido
Kierstine Bakeshop,4.8,(63),,,,,Convenience Store,1 Amboy St,,https://lh3.googleusercontent.com/gps-cs-s/APNQkAEiqsEirZg8Pqyis68QxN5vHE_JdXgeS_Uv70enylNyI_6kAfsNCtOnpwSneTwWbHKFHTfJTHef1Y5R3UUMAbXEW1jji-FVoZUIKTFO7R_oEjDAWKVoh5SY8h5xyXzPCUMLv1E=w1600-h1200-k-no,,,11.1783472,119.3909786,https://www.google.com/maps/place/Kierstine+Bakeshop/data=!4m7!3m6!1s0x33b655cf47eddcbf:0x6ebf557fd78590b4!8m2!3d11.1783472!4d119.3909786!16s%2Fg%2F11vb2h4fbq!19sChIJv9ztR89VtjMRtJCF139Vv24?authuser=0&hl=en&rclk=1,"convenience store in El Nido, Palawan, Philippines",El Nido
Gusto Gelato,4.2,(113),927 924 6577,https://wa.me/9279246577,,,Convenience Store,0927 924 6577,,https://lh3.googleusercontent.com/gps-cs-s/APNQkAEI96vTMYno_eJWA4ai-9I69ZuzBHPRZ7GB7TsBaJ0CgIPrOF1HjTFZ5RJVSuLmjD8GLJm1aFBrZ8XA5arTAiThzH6tmBpJ08JgwLD9etT_d-puAhqYPysHMJAgf8SEiXIB4WRT=w1600-h1200-k-no,,,11.1804152,119.3891382,https://www.google.com/maps/place/Gusto+Gelato/data=!4m7!3m6!1s0x33b6559de5013f23:0x5addf0ab45ae07d5!8m2!3d11.1804152!4d119.3891382!16s%2Fg%2F11shkycqkc!19sChIJIz8B5Z1VtjMR1QeuRavw3Vo?authuser=0&hl=en&rclk=1,"convenience store in El Nido, Palawan, Philippines",El Nido
Seacaffeinated,4.8,(29),956 720 6197,https://wa.me/9567206197,,,Convenience Store,0956 720 6197,,https://lh3.googleusercontent.com/gps-cs-s/APNQkAHVs0fafZHlZoWgQzCGsAPA7SOG1Lf1Lr3BJH0HRZG6uzSv0Z_06xL5U6QBy8bO07XIwb6kHhuLNgpRrLqRVFenCWr9y34-pRg2JX9LWFw1UhLx2XT1oL90EGR0t667yDNtNq8m-sfWuVcZ=w1600-h1200-k-no,,,11.1807112,119.3906137,https://www.google.com/maps/place/Seacaffeinated/data=!4m7!3m6!1s0x33b655bf7f754813:0xe4517cd88ae4bf9b!8m2!3d11.1807112!4d119.3906137!16s%2Fg%2F11sz9p0nkr!19sChIJE0h1f79VtjMRm7_kith8UeQ?authuser=0&hl=en&rclk=1,"convenience store in El Nido, Palawan, Philippines",El Nido
Pepper's Store,5.0,(1),,,,,Convenience Store,,,https://lh3.googleusercontent.com/gps-cs-s/APNQkAEKF0eMsVqcNedrVTDyNk3jGEpumRSm_M8K-QjTkg86VzIaosklIYUfXa7Zi4exIfKcUbEeHzc2TTwZEVBqpoBUqAS1Ivifc9w6OKzAhXMU1S1CYOOBMChf24R705UD-pOhOcU=w1600-h1200-k-no,,,11.1934665,119.4169691,https://www.google.com/maps/place/Pepper%27s+Store/data=!4m7!3m6!1s0x33b655001422de3f:0x9c4cdb09bd8e329a!8m2!3d11.1934665!4d119.4169691!16s%2Fg%2F11whl67958!19sChIJP94iFABVtjMRmjKOvQnbTJw?authuser=0&hl=en&rclk=1,"convenience store in El Nido, Palawan, Philippines",El Nido
Sapporo Swirl El Nido Town,4.2,(35),,,,,Convenience Store,,,https://lh3.googleusercontent.com/gps-cs-s/APNQkAFfF4Cvxj7gbP9LsxqWWnBqhOA3SPDGVzp3vNVRBsHEjhbzJ7-3LNLHTRnB5vQGb2SF3L6XncvV3RD0UEdahxEhOUs4W2wGgddiOhipO4tFXd38Ba-ZuEWdEQiAVBGPCoZRctLoznS1Qs1y=w1600-h1200-k-no,,,11.1804824,119.3896829,https://www.google.com/maps/place/Sapporo+Swirl+El+Nido+Town/data=!4m7!3m6!1s0x33b655757a02a781:0x9fe33bffa0aa0777!8m2!3d11.1804824!4d119.3896829!16s%2Fg%2F11ycyt1_7p!19sChIJgacCenVVtjMRdweqoP87458?authuser=0&hl=en&rclk=1,"convenience store in El Nido, Palawan, Philippines",El Nido
CHINGU BUKO HOUSE,5.0,(3),917 510 4891,https://wa.me/9175104891,,,Convenience Store,0917 510 4891,,https://lh3.googleusercontent.com/gps-cs-s/APNQkAGuGQidIp5O2AaVGqxS5FsE_M7wp-A7JomjHpbOdo-weNPO7_v4dVQ13te73yY8f93mU17dFu54_dcvFvUT7zz7hj5VIyF5p5qNM6fa8mMmZxwtSh4oILfv2szx3bBBLX2CCe3CxkDA9vnX=w1600-h1200-k-no,,,11.1802154,119.3903177,https://www.google.com/maps/place/CHINGU+BUKO+HOUSE/data=!4m7!3m6!1s0x33b6550079508b25:0x98bb21b01715b61b!8m2!3d11.1802154!4d119.3903177!16s%2Fg%2F11z254wv1l!19sChIJJYtQeQBVtjMRG7YVF7Ahu5g?authuser=0&hl=en&rclk=1,"convenience store in El Nido, Palawan, Philippines",El Nido
Janu Coffee and Tea,5.0,(463),956 399 6464,https://wa.me/9563996464,,,Convenience Store,0956 399 6464,,https://lh3.googleusercontent.com/gps-cs-s/APNQkAGs6zgY9CIudzXIGCIxIJaRkrZnrR74OP4T9NzD1UJzA5vN8At4FOD--NuNX9YuafoTsmBTeS3Cjnkatw8zxe__aEg7RLGEwPgkdRVD5emZ3Nr8by8do2Aqri0X14KFryV1qHYqgZUgnZA=w1600-h1200-k-no,,,11.1799982,119.389205,https://www.google.com/maps/place/Janu+Coffee+and+Tea/data=!4m7!3m6!1s0x33b655f561a0392b:0x10fa5500ccaf8bed!8m2!3d11.1799982!4d119.389205!16s%2Fg%2F11x8qfwpnh!19sChIJKzmgYfVVtjMR7YuvzABV-hA?authuser=0&hl=en&rclk=1,"convenience store in El Nido, Palawan, Philippines",El Nido
Pets’Mart,4.8,(8),,,,,Convenience Store,,,https://lh3.googleusercontent.com/gps-cs-s/APNQkAGaoxL0uJkvo1czFCJigSa6Il3NU910LkgFFrr2A_uBmb5QQZwtxoG1lLex0257jizcYfSij-w5z6jhFSahZUFaoJC4LCWVNMjIN0kgn0IC0NX8IfSZbRSGsz1cYCOd-wlFNZO2=w1600-h1200-k-no,,,11.1805054,119.3915367,https://www.google.com/maps/place/Pets%E2%80%99Mart/data=!4m7!3m6!1s0x33b65537c25d5015:0x18479ed45fe8e7e!8m2!3d11.1805054!4d119.3915367!16s%2Fg%2F11rwq7h9vm!19sChIJFVBdwjdVtjMRfo7-Re15hAE?authuser=0&hl=en&rclk=1,"convenience store in El Nido, Palawan, Philippines",El Nido
From Seed to Cup Cafè and Diner,4.7,(233),906 448 9531,https://wa.me/9064489531,,,Convenience Store,0906 448 9531,,https://lh3.googleusercontent.com/gps-cs-s/APNQkAGR2sBuKINQlRR13wRG0M7l7XxYJn8dUangJbKa0VLYJkvjaRhm4L3lmUKuE_8ZIq_RX1EHoqdw7XWlwT1mBohlWUxN_od3czkpUW3drEVMfzxVcj655noheUvyrmcVEVgWaWc=w1600-h1200-k-no,,,11.1797543,119.3885384,https://www.google.com/maps/place/From+Seed+to+Cup+Caf%C3%A8+and+Diner/data=!4m7!3m6!1s0x33b65545812e9fe3:0x122179bf32268524!8m2!3d11.1797543!4d119.3885384!16s%2Fg%2F11vlsyjmc7!19sChIJ458ugUVVtjMRJIUmMr95IRI?authuser=0&hl=en&rclk=1,"convenience store in El Nido, Palawan, Philippines",El Nido
Puerto Deli El Nido,5.0,(7),928 200 5633,https://wa.me/9282005633,,,Convenience Store,0928 200 5633,,https://lh3.googleusercontent.com/gps-cs-s/APNQkAHIaElcR-aPOrRHKqxF0B6itQtum1cf9j2x-dhWyXlTCP48aDKWrasFdiySBwGTC2P5oDajj1APs09MIe-Z-7Xkb3kpufCghWW79uHWuH0woe9ucGiUIfJPQC2k39V48cs3X9KmWQ=w1600-h1200-k-no,,,11.1734967,119.392597,https://www.google.com/maps/place/Puerto+Deli+El+Nido/data=!4m7!3m6!1s0x33b65555cd0d8391:0x1867a1a9751aeddb!8m2!3d11.1734967!4d119.392597!16s%2Fg%2F11vst1dsgv!19sChIJkYMNzVVVtjMR2-0adamhZxg?authuser=0&hl=en&rclk=1,"convenience store in El Nido, Palawan, Philippines",El Nido
Zip and Bite,4.6,(5),,,,,Convenience Store,,,https://lh3.googleusercontent.com/gps-cs-s/APNQkAGdxxqnQfB_NtXzKPBsWHP1Kuc8guO0Krwhr5jtqz5OVfcgZ6W8aZBNQWuEVFaT6vb797zb9ixINwRMjymnFi1dfVHE2huxPpOu4RYDimZ_SD_b0nsrMqGGqeh_VVl56s7q8vs=w1600-h1200-k-no,,,11.1814049,119.3915037,https://www.google.com/maps/place/Zip+and+Bite/data=!4m7!3m6!1s0x33b655572ec6c809:0xc7c54b5918013e38!8m2!3d11.1814049!4d119.3915037!16s%2Fg%2F11khrr6j7_!19sChIJCcjGLldVtjMROD4BGFlLxcc?authuser=0&hl=en&rclk=1,"convenience store in El Nido, Palawan, Philippines",El Nido
Tales Of The Islands,4.6,(644),,,,,Convenience Store,,,https://lh3.googleusercontent.com/gps-cs-s/APNQkAEoyygBA2atJ84na12ztnq8421KnwQux_SuIj-uRtCFf08mWkfMog1uWm3mtMuWFsRYeRq0_en9gJ-TKZLnaPnzYGgOoZ_Z2WxL89lI8ah6rCWUfxQjGZlwYHN05lZkohoV30YIp_wy4p0=w1600-h1200-k-no,,,11.1802859,119.388804,https://www.google.com/maps/place/Tales+Of+The+Islands/data=!4m7!3m6!1s0x33b6552df322f63d:0x77e64c2bc311df9c!8m2!3d11.1802859!4d119.388804!16s%2Fg%2F11y30zv16y!19sChIJPfYi8y1VtjMRnN8RwytM5nc?authuser=0&hl=en&rclk=1,"convenience store in El Nido, Palawan, Philippines",El Nido
Gusto Gelato + Bistro,4.4,(902),927 924 6576,https://wa.me/9279246576,,,Convenience Store,0927 924 6576,,https://lh3.googleusercontent.com/gps-cs-s/APNQkAGZVgSefGWQC6Xel5_sZIk01ctk6Ehj3YO5bCE6CJTZgL_70DGO3hblO9wWPuVdliY7lUp_w93TI8cuW7d-UPl9MlkNmUhoV5id_-23Ez_LZX3vKSiiRgYyIvqfxuBAN3ZsPlzT=w1600-h1200-k-no,,,11.1810732,119.3910979,https://www.google.com/maps/place/Gusto+Gelato+%2B+Bistro/data=!4m7!3m6!1s0x33b65515857a180b:0x2806b3094cca0a4e!8m2!3d11.1810732!4d119.3910979!16s%2Fg%2F11c2kgb23p!19sChIJCxh6hRVVtjMRTgrKTAmzBig?authuser=0&hl=en&rclk=1,"convenience store in El Nido, Palawan, Philippines",El Nido
Manu Brew El nido,4.6,(36),920 226 2476,https://wa.me/9202262476,,,Convenience Store,0920 226 2476,,https://lh3.googleusercontent.com/gps-cs-s/APNQkAHejORQ5fYaS8Ynt5a0k8cXdNQjLdIDWFe_ljNvGWhDvh5HTgQhBf_MEhPzdLpFSzSiaWJQ1aEaEomEMTFojNnrpp6zqKV__mYaSa-Fc87fpLLS0AEiWlAPbAwH8GpGGyb-1bnJ9n_AIWp6=w1600-h1200-k-no,,,11.1631006,119.3988407,https://www.google.com/maps/place/Manu+Brew+El+nido/data=!4m7!3m6!1s0x33b655e4ef3ed42f:0x747eecfca845c827!8m2!3d11.1631006!4d119.3988407!16s%2Fg%2F11s0t6f_12!19sChIJL9Q-7-RVtjMRJ8hFqPzsfnQ?authuser=0&hl=en&rclk=1,"convenience store in El Nido, Palawan, Philippines",El Nido
Dayō Cafe El Nido,3.9,(328),,,,,Convenience Store,,,https://lh3.googleusercontent.com/gps-cs-s/APNQkAFjQJQL_Grf_YqvlSEXNDeMIPfubL8vRpSndxzune7OhfdSxJHGPdIRVT8wzMpeD8lTTycvchJbhFCA3X21qCabNVlr8RCpHuh9_62Jl9V5EiwMa2SX-eZ84P6HH_-teaaTCrbP_HZ-Cqv7=w1600-h1200-k-no,,,11.1803729,119.3889723,https://www.google.com/maps/place/Day%C5%8D+Cafe+El+Nido/data=!4m7!3m6!1s0x33b655b36ba5b289:0xbd98f98af517e09!8m2!3d11.1803729!4d119.3889723!16s%2Fg%2F11sf0lc8n2!19sChIJibKla7NVtjMRCX5Rr5iP2Qs?authuser=0&hl=en&rclk=1,"convenience store in El Nido, Palawan, Philippines",El Nido
Gusto Gelato,4.5,(86),956 672 2030,https://wa.me/9566722030,,,Convenience Store,0956 672 2030,,https://lh3.googleusercontent.com/gps-cs-s/APNQkAGZmiERnRWNgiKSqi2gL1J-19YiDMHSMrWPH1LQm4Y_TiD0E280dM-C6GicydKzOkSfRyXa4kUzpCjr06TnYcCCKiSvc48tcC2BOzXpdVMScBAzF8yMnaOAYMg_z80fI7UqD4k=w1600-h1200-k-no,,,11.1835611,119.3929861,https://www.google.com/maps/place/Gusto+Gelato/data=!4m7!3m6!1s0x33b655bd591b6b9d:0x85edfb60486dbea3!8m2!3d11.1835611!4d119.3929861!16s%2Fg%2F11w8nb_24q!19sChIJnWsbWb1VtjMRo75tSGD77YU?authuser=0&hl=en&rclk=1,"convenience store in El Nido, Palawan, Philippines",El Nido
Brew•Ha•Ha,3.8,(4),,,,,Convenience Store,,,https://lh3.googleusercontent.com/gps-cs-s/APNQkAHzfq-QxcuRNs8VWabi8DNRc97-ERjGRRls2VSt1vYPmnezswY2njkimbehzOXANea2vYjDnu8gtUdn9kdDffXIQuL3j3xvWCeds5XQKUiuldDI3hFTiN0BILuicjDaE_oyqKwjFA=w1600-h1200-k-no,,,11.1820958,119.3916649,https://www.google.com/maps/place/Brew%E2%80%A2Ha%E2%80%A2Ha/data=!4m7!3m6!1s0x33b655833cc8aa8b:0x418e226c6acb9f84!8m2!3d11.1820958!4d119.3916649!16s%2Fg%2F11smv66b2t!19sChIJi6rIPINVtjMRhJ_LamwijkE?authuser=0&hl=en&rclk=1,"convenience store in El Nido, Palawan, Philippines",El Nido
Blend & Grind,4.7,(837),961 885 2637,https://wa.me/9618852637,,,Convenience Store,0961 885 2637,,https://lh3.googleusercontent.com/gps-cs-s/APNQkAHkDZ23weAsmk95NLVxIqjomhzTKKcPPiUSjbGW4PEvlfBZg-bkyILcrd_7Cr3umSES623hpveE9nVczxng0nDgMJwPE_5yz1rDbhbYZfN4N_VxVPm7fQs8XcghrM7VeL3b3mcBxj3IwhRR=w1600-h1200-k-no,,,11.1632948,119.39775,https://www.google.com/maps/place/Blend+%26+Grind/data=!4m7!3m6!1s0x33b6553e0f36ac99:0x2849ded0a0d03067!8m2!3d11.1632948!4d119.39775!16s%2Fg%2F11tsfwgks1!19sChIJmaw2Dz5VtjMRZzDQoNDeSSg?authuser=0&hl=en&rclk=1,"convenience store in El Nido, Palawan, Philippines",El Nido
Nikibaker,4.7,(139),,,,,Convenience Store,,,https://lh3.googleusercontent.com/gps-cs-s/APNQkAHfjkorrmZjdf6a01udF45mkUM9LXBxmqq7yullwoleok72Xo55PN7EKRfMWwRie_j-2Q2oYZ-xABK071c7EvJ0EoWGBvRDjBiltCg6Kf8t9640WjqTzxqkzRq67YUMumD80Ev7bLlDLaU=w1600-h1200-k-no,,,11.1832458,119.393198,https://www.google.com/maps/place/Nikibaker/data=!4m7!3m6!1s0x33b655f490b4c251:0x8095043ed340387f!8m2!3d11.1832458!4d119.393198!16s%2Fg%2F11lvttdt0_!19sChIJUcK0kPRVtjMRfzhA0z4ElYA?authuser=0&hl=en&rclk=1,"convenience store in El Nido, Palawan, Philippines",El Nido
StockAlley,5.0,(1),917 346 1004,https://wa.me/9173461004,,,Convenience Store,8 Sitio Uno,,https://streetviewpixels-pa.googleapis.com/v1/thumbnail?panoid=57H3DOQiGlOQpjHOY6o7Kg&cb_client=search.gws-prod.gps&w=80&h=92&yaw=148.87032&pitch=0&thumbfov=100,,,11.2040572,119.4233309,https://www.google.com/maps/place/StockAlley/data=!4m7!3m6!1s0x33b701b50a02e0bd:0x2a5650b21958f7f4!8m2!3d11.2040572!4d119.4233309!16s%2Fg%2F11pzwwdv49!19sChIJveACCrUBtzMR9PdYGbJQVio?authuser=0&hl=en&rclk=1,"convenience store in El Nido, Palawan, Philippines",El Nido
Ukay Ukay By:Cassie,5.0,(1),,,,,Convenience Store,,,https://lh3.googleusercontent.com/gps-cs-s/APNQkAHjIOwUISYJJReuqVhdZYQItNWIONo-QkNuGlUpYvbffv8JNpR_dU0ToO30-hdfriTqFQKBhLFPvJsxAqsyIGQsT61IW2sTwI3p_G3Z4QS5WZWgjKCobHONOske-tp-2SRt5jRVVH5gNdav=w1600-h1200-k-no,,,11.1971274,119.4241065,https://www.google.com/maps/place/Ukay+Ukay+By:Cassie/data=!4m7!3m6!1s0x33b6ff00582d36ff:0x1791d1d7e9ff943!8m2!3d11.1971274!4d119.4241065!16s%2Fg%2F11nc77zlv8!19sChIJ_zYtWAD_tjMRQ_mffh0deQE?authuser=0&hl=en&rclk=1,"convenience store in El Nido, Palawan, Philippines",El Nido
Pong's Pares El Nido,4.2,(193),927 868 4320,https://wa.me/9278684320,,,Convenience Store,0927 868 4320,,https://lh3.googleusercontent.com/gps-cs-s/APNQkAEo52JxPEKFThbjX_5N6LfV78nQgv-3IaF_tIyNdRw2u26X41JIaC4tptTgQut_zPsukDQ3qFRtwEXxuskXxzS8y7RkAQ1z8q064F5wfHGxZP1FQMIqnn_CU7zbXX4Cadk3ATOwow=w1600-h1200-k-no,,,11.1789729,119.3901903,https://www.google.com/maps/place/Pong%27s+Pares+El+Nido/data=!4m7!3m6!1s0x33b65559ea4075f1:0x5631152fcdd2356a!8m2!3d11.1789729!4d119.3901903!16s%2Fg%2F11rypph7p3!19sChIJ8XVA6llVtjMRajXSzS8VMVY?authuser=0&hl=en&rclk=1,"convenience store in El Nido, Palawan, Philippines",El Nido
Spin Space Laundry,4.9,(10),931 945 4977,https://wa.me/9319454977,,,Laundry,0931 945 4977,,,,,11.1811091,119.3926255,https://www.google.com/maps/place/Spin+Space+Laundry/data=!4m7!3m6!1s0x33b655006b56db27:0x5acfd0fb619f9c61!8m2!3d11.1811091!4d119.3926255!16s%2Fg%2F11xnvtsj63!19sChIJJ9tWawBVtjMRYZyfYfvQz1o?authuser=0&hl=en&rclk=1,"laundry in El Nido, Palawan, Philippines",El Nido
Aqua Clean,4.0,(23),920 961 6430,https://wa.me/9209616430,,,Laundry,0920 961 6430,,,,,11.1632833,119.3988013,https://www.google.com/maps/place/Aqua+Clean/data=!4m7!3m6!1s0x33b6553f916520d3:0x669dc6d8d126b271!8m2!3d11.1632833!4d119.3988013!16s%2Fg%2F11yn02kfr5!19sChIJ0yBlkT9VtjMRcbIm0djGnWY?authuser=0&hl=en&rclk=1,"laundry in El Nido, Palawan, Philippines",El Nido
Pralnia laundry,5.0,(1),,,,,Laundry,,,,,,11.1812746,119.3914441,https://www.google.com/maps/place/Pralnia+laundry/data=!4m7!3m6!1s0x33b6550001d894e3:0x47dff6c2a4f6aef2!8m2!3d11.1812746!4d119.3914441!16s%2Fg%2F11y_zg724p!19sChIJ45TYAQBVtjMR8q72pML230c?authuser=0&hl=en&rclk=1,"laundry in El Nido, Palawan, Philippines",El Nido
Maligaya Barangay Hall,4.7,(3),,,,,Public Restroom,,,,,,11.1774697,119.3901671,https://www.google.com/maps/place/Maligaya+Barangay+Hall/data=!4m7!3m6!1s0x33b6551411c75313:0xa9eb5d29c4c887bd!8m2!3d11.1774697!4d119.3901671!16s%2Fg%2F11c1q9ckjz!19sChIJE1PHERRVtjMRvYfIxCld66k?authuser=0&hl=en&rclk=1,"public restroom in El Nido, Palawan, Philippines",El Nido
Barangay hall,5.0,(2),,,,,Public Restroom,,,,,,11.1803392,119.3888388,https://www.google.com/maps/place/Barangay+hall/data=!4m7!3m6!1s0x33b6551675e95223:0x14568d1d6d6b2b9d!8m2!3d11.1803392!4d119.3888388!16s%2Fg%2F11g7321f8y!19sChIJI1LpdRZVtjMRnStrbR2NVhQ?authuser=0&hl=en&rclk=1,"public restroom in El Nido, Palawan, Philippines",El Nido
Wild Rose Inn,3.8,(62),969 229 3241,https://wa.me/9692293241,,,Luggage Storage,0969 229 3241,https://wildroseinnelnido.top/,,,,11.1823088,119.3923183,https://www.google.com/maps/place/Wild+Rose+Inn/data=!4m11!3m10!1s0x33b65512f06976b9:0x3b83e14b0ea2b4ce!5m3!1s2026-10-31!4m1!1i2!8m2!3d11.1823088!4d119.3923183!16s%2Fg%2F11s7hv7d0_!19sChIJuXZp8BJVtjMRzrSiDkvhgzs?authuser=0&hl=en&rclk=1,"luggage storage in El Nido, Palawan, Philippines",El Nido
Haqqy Life El Nido,4.8,(745),916 682 9170,https://wa.me/9166829170,,,Luggage Storage,0916 682 9170,http://www.haqqy.life/,,,,11.1811869,119.3918843,https://www.google.com/maps/place/Haqqy+Life+El+Nido/data=!4m7!3m6!1s0x33b655cebeab5a09:0xc8e8f71658162d18!8m2!3d11.1811869!4d119.3918843!16s%2Fg%2F11j90ycgvp!19sChIJCVqrvs5VtjMRGC0WWBb36Mg?authuser=0&hl=en&rclk=1,"luggage storage in El Nido, Palawan, Philippines",El Nido
Kame House Backpackers,4.3,(177),921 982 2001,https://wa.me/9219822001,,,Luggage Storage,0921 982 2001,,,,,11.1656151,119.3980364,https://www.google.com/maps/place/Kame+House+Backpackers/data=!4m11!3m10!1s0x33b6559ebe7b88b9:0xe6dba7116d4971a9!5m3!1s2026-10-31!4m1!1i2!8m2!3d11.1656151!4d119.3980364!16s%2Fg%2F11f611ldzr!19sChIJuYh7vp5VtjMRqXFJbRGn2-Y?authuser=0&hl=en&rclk=1,"luggage storage in El Nido, Palawan, Philippines",El Nido
Payapa El Nido,4.6,(13),905 231 0826,https://wa.me/9052310826,,,Luggage Storage,0905 231 0826,https://payapa-elnido.com/,,,,11.1801882,119.3881209,https://www.google.com/maps/place/Payapa+El+Nido/data=!4m11!3m10!1s0x33b655318ea8eb87:0x7476ebd513c34fe6!5m3!1s2026-10-31!4m1!1i2!8m2!3d11.1801882!4d119.3881209!16s%2Fg%2F11lv_jnjz4!19sChIJh-uojjFVtjMR5k_DE9XrdnQ?authuser=0&hl=en&rclk=1,"luggage storage in El Nido, Palawan, Philippines",El Nido
Castaway Expeditions by Outpost Hostel El Nido,4.9,(852),969 479 8977,https://wa.me/9694798977,,,Luggage Storage,0969 479 8977,https://www.castawaytours.ph/,,,,11.1574768,119.3979489,https://www.google.com/maps/place/Castaway+Expeditions+by+Outpost+Hostel+El+Nido/data=!4m7!3m6!1s0x33b6551543b3c5e7:0xbe38b8137780365a!8m2!3d11.1574768!4d119.3979489!16s%2Fg%2F11vf7n9ctz!19sChIJ58WzQxVVtjMRWjaAdxO4OL4?authuser=0&hl=en&rclk=1,"luggage storage in El Nido, Palawan, Philippines",El Nido
LOLO Panding INN,3.6,(69),947 893 1481,https://wa.me/9478931481,,https://www.facebook.com/LOLO-Panding-INN-609432619140288/,Luggage Storage,0947 893 1481,https://www.facebook.com/LOLO-Panding-INN-609432619140288/,,,,11.1746492,119.39151,https://www.google.com/maps/place/LOLO+Panding+INN/data=!4m11!3m10!1s0x33b65513a8a1979d:0xcf7969396c6bb0d!5m3!1s2026-10-31!4m1!1i2!8m2!3d11.1746492!4d119.39151!16s%2Fg%2F11ddxqvx3y!19sChIJnZehqBNVtjMRDbvGlpOW9ww?authuser=0&hl=en&rclk=1,"luggage storage in El Nido, Palawan, Philippines",El Nido
Tandikan Suites El Nido,4.5,(21),917 635 2003,https://wa.me/9176352003,,,Luggage Storage,0917 635 2003,,,,,11.1874492,119.3961863,https://www.google.com/maps/place/Tandikan+Suites+El+Nido/data=!4m11!3m10!1s0x33b655d0c1440f5d:0x5df7059bc7d90773!5m3!1s2026-10-31!4m1!1i2!8m2!3d11.1874492!4d119.3961863!16s%2Fg%2F11yfn5y06b!19sChIJXQ9EwdBVtjMRcwfZx5sF910?authuser=0&hl=en&rclk=1,"luggage storage in El Nido, Palawan, Philippines",El Nido
Joaquinn Bed & Breakfast,3.8,(122),916 779 8366,https://wa.me/9167798366,,,Luggage Storage,0916 779 8366,https://joaquinnbnb.top/,,,,11.180033,119.386679,https://www.google.com/maps/place/Joaquinn+Bed+%26+Breakfast/data=!4m11!3m10!1s0x33b65516515b5821:0x86a0aca84e423d0f!5m3!1s2026-10-31!4m1!1i2!8m2!3d11.180033!4d119.386679!16s%2Fg%2F11bbrlgffy!19sChIJIVhbURZVtjMRDz1CTqisoIY?authuser=0&hl=en&rclk=1,"luggage storage in El Nido, Palawan, Philippines",El Nido
Sip Sunset Lounge & Bar,4.8,"(2,213)",960 684 9112,https://wa.me/9606849112,https://www.instagram.com/sip_sunset_lounge_elnido/,,Luggage Storage,0960 684 9112,https://www.instagram.com/sip_sunset_lounge_elnido/,,,,11.1676379,119.3963299,https://www.google.com/maps/place/Sip+Sunset+Lounge+%26+Bar/data=!4m7!3m6!1s0x33b655b2a40e8ae7:0x2339c0dd72681047!8m2!3d11.1676379!4d119.3963299!16s%2Fg%2F11scfm64y5!19sChIJ54oOpLJVtjMRRxBoct3AOSM?authuser=0&hl=en&rclk=1,"luggage storage in El Nido, Palawan, Philippines",El Nido
South Anchorage Inn,4.4,(196),917 886 6020,https://wa.me/9178866020,,,Luggage Storage,0917 886 6020,https://www.southanchorageinn.com/en/,,,,11.1794044,119.3896277,https://www.google.com/maps/place/South+Anchorage+Inn/data=!4m11!3m10!1s0x33b655e22646d91b:0x202b5ed6b933d1d7!5m3!1s2026-10-31!4m1!1i2!8m2!3d11.1794044!4d119.3896277!16s%2Fg%2F11fm1wrdk_!19sChIJG9lGJuJVtjMR19EzudZeKyA?authuser=0&hl=en&rclk=1,"luggage storage in El Nido, Palawan, Philippines",El Nido
"Hertz Car Rental - Lio Airport, El Nido",4.2,(60),935 200 6293,https://wa.me/9352006293,,,Luggage Storage,0935 200 6293,https://www.hertzphilippines.com/,,,,11.2044716,119.4122848,"https://www.google.com/maps/place/Hertz+Car+Rental+-+Lio+Airport,+El+Nido/data=!4m7!3m6!1s0x33b7abdf6eb69d6b:0x3d5d3083508649d7!8m2!3d11.2044716!4d119.4122848!16s%2Fg%2F11h8h25hgk!19sChIJa522bt-rtzMR10mGUIMwXT0?authuser=0&hl=en&rclk=1","luggage storage in El Nido, Palawan, Philippines",El Nido
Mam Olson Pensione House,3.6,(59),927 919 0722,https://wa.me/9279190722,,https://www.facebook.com/MAM-OLSON-Pensionne-HOUSE-1392206454413847/,Luggage Storage,0927 919 0722,https://www.facebook.com/MAM-OLSON-Pensionne-HOUSE-1392206454413847/,,,,11.1776565,119.3904863,https://www.google.com/maps/place/Mam+Olson+Pensione+House/data=!4m11!3m10!1s0x33b6551385709e85:0x46e1dc300bfb8e6!5m3!1s2026-10-31!4m1!1i2!8m2!3d11.1776565!4d119.3904863!16s%2Fg%2F11c1n708p_!19sChIJhZ5whRNVtjMR5ri_AMMdbgQ?authuser=0&hl=en&rclk=1,"luggage storage in El Nido, Palawan, Philippines",El Nido
Mansion Buenavista,4.8,(213),949 805 9550,https://wa.me/9498059550,,,Luggage Storage,0949 805 9550,https://mansionbuenavistaelnido.com/,,,,11.1770249,119.3918585,https://www.google.com/maps/place/Mansion+Buenavista/data=!4m11!3m10!1s0x33b655147f67bb81:0xad8d06700b9b3711!5m3!1s2026-10-31!4m1!1i2!8m2!3d11.1770249!4d119.3918585!16s%2Fg%2F11bztqhpbf!19sChIJgbtnfxRVtjMRETebC3AGja0?authuser=0&hl=en&rclk=1,"luggage storage in El Nido, Palawan, Philippines",El Nido
Raje Residence Hotel El Nido Palawan,3.7,(121),908 821 6745,https://wa.me/9088216745,,,Luggage Storage,0908 821 6745,https://hotel-ph.com/,,,,11.1730825,119.3931037,https://www.google.com/maps/place/Raje+Residence+Hotel+El+Nido+Palawan/data=!4m11!3m10!1s0x33b65512bf7089e9:0xebbce996e5c93218!5m3!1s2026-10-31!4m1!1i2!8m2!3d11.1730825!4d119.3931037!16s%2Fg%2F11cpppqms3!19sChIJ6YlwvxJVtjMRGDLJ5ZbpvOs?authuser=0&hl=en&rclk=1,"luggage storage in El Nido, Palawan, Philippines",El Nido
Hutch Lodging House,4.8,(80),905 279 0275,https://wa.me/9052790275,,,Luggage Storage,0905 279 0275,https://www.booking.com/Share-yx2w3Q,,,,11.1870532,119.3962785,https://www.google.com/maps/place/Hutch+Lodging+House/data=!4m11!3m10!1s0x33b65590c980a1bf:0x30f4482d83c2480d!5m3!1s2026-10-31!4m1!1i2!8m2!3d11.1870532!4d119.3962785!16s%2Fg%2F11sq5hqt72!19sChIJv6GAyZBVtjMRDUjCgy1I9DA?authuser=0&hl=en&rclk=1,"luggage storage in El Nido, Palawan, Philippines",El Nido
Bale Cabugao,4.6,(168),953 254 9627,https://wa.me/9532549627,,https://www.facebook.com/profile.php?id=100063883756533&mibextid=ZbWKwL,Luggage Storage,0953 254 9627,https://www.facebook.com/profile.php?id=100063883756533&mibextid=ZbWKwL,,,,11.1849873,119.3939159,https://www.google.com/maps/place/Bale+Cabugao/data=!4m11!3m10!1s0x33b655d62e2f15ab:0x589ab78b255e8beb!5m3!1s2026-10-31!4m1!1i2!8m2!3d11.1849873!4d119.3939159!16s%2Fg%2F11fkm8_76w!19sChIJqxUvLtZVtjMR64teJYu3mlg?authuser=0&hl=en&rclk=1,"luggage storage in El Nido, Palawan, Philippines",El Nido
Maya Hostel El Nido,3.7,(124),,,,https://www.facebook.com/mayahostelelnido,Luggage Storage,,https://www.facebook.com/mayahostelelnido,,,,11.1674952,119.3971402,https://www.google.com/maps/place/Maya+Hostel+El+Nido/data=!4m11!3m10!1s0x33b655dfcd24fce1:0x3cdf3820b18ba59c!5m3!1s2026-10-31!4m1!1i2!8m2!3d11.1674952!4d119.3971402!16s%2Fg%2F11whdlljlq!19sChIJ4fwkzd9VtjMRnKWLsSA43zw?authuser=0&hl=en&rclk=1,"luggage storage in El Nido, Palawan, Philippines",El Nido
Elnido Zipline - Palawan Zipline Adventure Inc.,4.1,(466),950 884 0111,https://wa.me/9508840111,,,Luggage Storage,0950 884 0111,,,,,11.1440792,119.3968286,https://www.google.com/maps/place/Elnido+Zipline+-+Palawan+Zipline+Adventure+Inc./data=!4m7!3m6!1s0x33b65594f8a21cd1:0x753b395ed2a3bb83!8m2!3d11.1440792!4d119.3968286!16s%2Fg%2F11dxkl68ww!19sChIJ0Ryi-JRVtjMRg7uj0l45O3U?authuser=0&hl=en&rclk=1,"luggage storage in El Nido, Palawan, Philippines",El Nido
OIA Beach Hostel - El Nido,4.5,(129),906 160 4582,https://wa.me/9061604582,,,Luggage Storage,0906 160 4582,https://book-directonline.com/properties/oiahostel,,,,11.1885798,119.3952633,https://www.google.com/maps/place/OIA+Beach+Hostel+-+El+Nido/data=!4m11!3m10!1s0x33b65558119d00f3:0x7cc3f26ec2b45414!5m3!1s2026-10-31!4m1!1i2!8m2!3d11.1885798!4d119.3952633!16s%2Fg%2F11l6z9245_!19sChIJ8wCdEVhVtjMRFFS0wm7yw3w?authuser=0&hl=en&rclk=1,"luggage storage in El Nido, Palawan, Philippines",El Nido
J Boutique Hotel El Nido,4.5,(128),917 108 7713,https://wa.me/9171087713,,,Luggage Storage,0917 108 7713,,,,,11.1763085,119.3912799,https://www.google.com/maps/place/J+Boutique+Hotel+El+Nido/data=!4m11!3m10!1s0x33b6551cc54cb41d:0x77b68cc4ff00029e!5m3!1s2026-10-31!4m1!1i2!8m2!3d11.1763085!4d119.3912799!16s%2Fg%2F11v07b3z3l!19sChIJHbRMxRxVtjMRngIA_8SMtnc?authuser=0&hl=en&rclk=1,"luggage storage in El Nido, Palawan, Philippines",El Nido
AP KALA beach bar & modern cafe,4.5,(627),998 326 8558,https://wa.me/9983268558,,,Luggage Storage,0998 326 8558,,,,,11.1838006,119.3928057,https://www.google.com/maps/place/AP+KALA+beach+bar+%26+modern+cafe/data=!4m7!3m6!1s0x33b6557e57f03189:0x38f8906847bc3d7e!8m2!3d11.1838006!4d119.3928057!16s%2Fg%2F11vjc2rsjw!19sChIJiTHwV35VtjMRfj28R2iQ-Dg?authuser=0&hl=en&rclk=1,"luggage storage in El Nido, Palawan, Philippines",El Nido
El Nido Garden Resort,3.9,(924),915 489 9009,https://wa.me/9154899009,,,Luggage Storage,0915 489 9009,http://elnidogardenresortph.com/,,,,11.1841202,119.3931007,https://www.google.com/maps/place/El+Nido+Garden+Resort/data=!4m11!3m10!1s0x33b6553f0af6274f:0xfa365a8d45e67a1!5m3!1s2026-10-31!4m1!1i2!8m2!3d11.1841202!4d119.3931007!16s%2Fg%2F1tds474g!19sChIJTyf2Cj9VtjMRoWde1Khlow8?authuser=0&hl=en&rclk=1,"luggage storage in El Nido, Palawan, Philippines",El Nido
Aquaholik Travel and Tours,4.3,(114),970 935 3644,https://wa.me/9709353644,,,Luggage Storage,0970 935 3644,https://aquaholikelnido.com/,,,,11.1632392,119.3987823,https://www.google.com/maps/place/Aquaholik+Travel+and+Tours/data=!4m7!3m6!1s0x33b6557b8c29b2f5:0x40d3cee171083ac1!8m2!3d11.1632392!4d119.3987823!16s%2Fg%2F11hdpd8bhj!19sChIJ9bIpjHtVtjMRwToIceHO00A?authuser=0&hl=en&rclk=1,"luggage storage in El Nido, Palawan, Philippines",El Nido
Banana Grove Backpackers Inn,4.7,(64),926 772 1088,https://wa.me/9267721088,,,Luggage Storage,0926 772 1088,https://radekstraveltips.com/banana-grove-elnido-philippines,,,,11.1928215,119.4244401,https://www.google.com/maps/place/Banana+Grove+Backpackers+Inn/data=!4m11!3m10!1s0x33b6fffbf75c9c3d:0x88245a8546ea32dc!5m3!1s2026-10-31!4m1!1i2!8m2!3d11.1928215!4d119.4244401!16s%2Fg%2F11fml3gc64!19sChIJPZxc9_v_tjMR3DLqRoVaJIg?authuser=0&hl=en&rclk=1,"luggage storage in El Nido, Palawan, Philippines",El Nido
Lakwa Motel,4.8,(41),954 249 6310,https://wa.me/9542496310,,,Luggage Storage,0954 249 6310,https://www.lakwa.ph/motel,,,,11.205509,119.418725,https://www.google.com/maps/place/Lakwa+Motel/data=!4m11!3m10!1s0x33b7000768bdfc25:0xc51e57d646628751!5m3!1s2026-10-31!4m1!1i2!8m2!3d11.205509!4d119.418725!16s%2Fg%2F11wr048gnp!19sChIJJfy9aAcAtzMRUYdiRtZXHsU?authuser=0&hl=en&rclk=1,"luggage storage in El Nido, Palawan, Philippines",El Nido
La Casa Teresa Tourist Inn,3.5,(310),956 913 1696,https://wa.me/9569131696,,,Luggage Storage,0956 913 1696,,,,,11.1561575,119.3992054,https://www.google.com/maps/place/La+Casa+Teresa+Tourist+Inn/data=!4m11!3m10!1s0x33b6559e4c3f298f:0xa79d00d365e1fb21!5m3!1s2026-10-31!4m1!1i2!8m2!3d11.1561575!4d119.3992054!16s%2Fg%2F12hk32ck4!19sChIJjyk_TJ5VtjMRIfvhZdMAnac?authuser=0&hl=en&rclk=1,"luggage storage in El Nido, Palawan, Philippines",El Nido
Rosanna's Pension,4.1,(286),920 605 4631,https://wa.me/9206054631,,,Luggage Storage,0920 605 4631,https://rosannaspension.top/,,,,11.1827833,119.3922457,https://www.google.com/maps/place/Rosanna%27s+Pension/data=!4m11!3m10!1s0x33b6553fd446aaab:0xd55e435e6c2451ed!5m3!1s2026-10-31!4m1!1i2!8m2!3d11.1827833!4d119.3922457!16s%2Fg%2F11c0r5tss2!19sChIJq6pG1D9VtjMR7VEkbF5DXtU?authuser=0&hl=en&rclk=1,"luggage storage in El Nido, Palawan, Philippines",El Nido
The Nest El Nido Beach Resort,4.3,(305),917 327 2425,https://wa.me/9173272425,,,Luggage Storage,0917 327 2425,http://www.thenestelnido.com/,,,,11.1877123,119.3948912,https://www.google.com/maps/place/The+Nest+El+Nido+Beach+Resort/data=!4m11!3m10!1s0x33b65538a3db83d7:0x63448f9edd11f895!5m3!1s2026-10-31!4m1!1i2!8m2!3d11.1877123!4d119.3948912!16s%2Fg%2F11c5qpqgbz!19sChIJ14PbozhVtjMRlfgR3Z6PRGM?authuser=0&hl=en&rclk=1,"luggage storage in El Nido, Palawan, Philippines",El Nido
Holy Smoke Mediterranean Food House,4.6,"(1,051)",927 026 5433,https://wa.me/9270265433,,,Luggage Storage,,,,,,11.1807447,119.3905836,https://www.google.com/maps/place/Holy+Smoke+Mediterranean+Food+House/data=!4m7!3m6!1s0x33b655e7a2750eef:0x23968307b7dd652c!8m2!3d11.1807447!4d119.3905836!16s%2Fg%2F11h76l5m2r!19sChIJ7w51oudVtjMRLGXdtweDliM?authuser=0&hl=en&rclk=1,"luggage storage in El Nido, Palawan, Philippines",El Nido
Tour A,4.9,(7),,,,,Luggage Storage,,,,,,11.1515947,119.3163225,https://www.google.com/maps/place/Tour+A/data=!4m7!3m6!1s0x33b653b1401d0837:0x488cbe02f749fb33!8m2!3d11.1515947!4d119.3163225!16s%2Fg%2F11h2js03ry!19sChIJNwgdQLFTtjMRM_tJ9wK-jEg?authuser=0&hl=en&rclk=1,"luggage storage in El Nido, Palawan, Philippines",El Nido
Bulskamp Inn,4.4,(196),917 844 3441,https://wa.me/9178443441,,,Luggage Storage,0917 844 3441,https://bulskampinn.top/,,,,11.1810276,119.391725,https://www.google.com/maps/place/Bulskamp+Inn/data=!4m11!3m10!1s0x33b65515822870cf:0x721a080ead50f708!5m3!1s2026-10-31!4m1!1i2!8m2!3d11.1810276!4d119.391725!16s%2Fg%2F1v_sksnw!19sChIJz3AoghVVtjMRCPdQrQ4IGnI?authuser=0&hl=en&rclk=1,"luggage storage in El Nido, Palawan, Philippines",El Nido
Kalye Artisano,4.5,(166),917 107 0637,https://wa.me/9171070637,,,Luggage Storage,0917 107 0637,https://www.kalyeartisano.com/,,,,11.2056236,119.418869,https://www.google.com/maps/place/Kalye+Artisano/data=!4m7!3m6!1s0x33b7000763a6d989:0x79bf92e43555f234!8m2!3d11.2056236!4d119.418869!16s%2Fg%2F11f3s8jh41!19sChIJidmmYwcAtzMRNPJVNeSSv3k?authuser=0&hl=en&rclk=1,"luggage storage in El Nido, Palawan, Philippines",El Nido
H Hotel El Nido - Vegetarian Vegan Hotel,4.7,(698),917 636 4459,https://wa.me/9176364459,,,Luggage Storage,0917 636 4459,https://hhotelelnido.com/,,,,11.1799526,119.3893385,https://www.google.com/maps/place/H+Hotel+El+Nido+-+Vegetarian+Vegan+Hotel/data=!4m11!3m10!1s0x33b655d9bb53c351:0x4e850cc361ed3259!5m3!1s2026-10-31!4m1!1i2!8m2!3d11.1799526!4d119.3893385!16s%2Fg%2F11rsqllkfn!19sChIJUcNTu9lVtjMRWTLtYcMMhU4?authuser=0&hl=en&rclk=1,"luggage storage in El Nido, Palawan, Philippines",El Nido
Cadlao El Nido Resort & Restaurant,4.5,(742),917 589 7069,https://wa.me/9175897069,,,Luggage Storage,0917 589 7069,https://cadlaoelnido.com/,,,,11.1878324,119.3952885,https://www.google.com/maps/place/Cadlao+El+Nido+Resort+%26+Restaurant/data=!4m11!3m10!1s0x33b65538cf7f5e8b:0xd966d972231807d!5m3!1s2026-10-31!4m1!1i2!8m2!3d11.1878324!4d119.3952885!16s%2Fg%2F1hf57tc3z!19sChIJi15_zzhVtjMRfYAxIpdtlg0?authuser=0&hl=en&rclk=1,"luggage storage in El Nido, Palawan, Philippines",El Nido
Lio Palm Villas,4.9,(49),992 935 7324,https://wa.me/9929357324,,,Luggage Storage,0992 935 7324,,,,,11.1904268,119.4200919,https://www.google.com/maps/place/Lio+Palm+Villas/data=!4m11!3m10!1s0x33b6ff00413526cb:0x75075bd1e0b036c6!5m3!1s2026-10-31!4m1!1i2!8m2!3d11.1904268!4d119.4200919!16s%2Fg%2F11vwn8nc66!19sChIJyyY1QQD_tjMRxjaw4NFbB3U?authuser=0&hl=en&rclk=1,"luggage storage in El Nido, Palawan, Philippines",El Nido
Cuna Hotel,3.8,(660),(032) 346 0421,https://wa.me/0323460421,,,Luggage Storage,346 0421,https://www.elnido.cunahotels.com/,,,,11.1811342,119.3918765,https://www.google.com/maps/place/Cuna+Hotel/data=!4m11!3m10!1s0x33b655ca7be4b579:0x22a0c1548a619918!5m3!1s2026-10-31!4m1!1i2!8m2!3d11.1811342!4d119.3918765!16s%2Fg%2F11f66tcqv9!19sChIJebXke8pVtjMRGJlhilTBoCI?authuser=0&hl=en&rclk=1,"luggage storage in El Nido, Palawan, Philippines",El Nido
Ka Salo Restaurant,4.0,(36),912 342 8117,https://wa.me/9123428117,,,Luggage Storage,0912 342 8117,,,,,11.1994832,119.4239505,https://www.google.com/maps/place/Ka+Salo+Restaurant/data=!4m7!3m6!1s0x33b655269af07ac1:0x338e7242d7103d24!8m2!3d11.1994832!4d119.4239505!16s%2Fg%2F11vklxnkk4!19sChIJwXrwmiZVtjMRJD0Q10JyjjM?authuser=0&hl=en&rclk=1,"luggage storage in El Nido, Palawan, Philippines",El Nido
El Nido Grill @Lio Beach,4.3,(262),,,,,Luggage Storage,,,,,,11.2083823,119.4165681,https://www.google.com/maps/place/El+Nido+Grill+@Lio+Beach/data=!4m7!3m6!1s0x33b7aaa8135d9c4b:0xef6d93c01c545a1d!8m2!3d11.2083823!4d119.4165681!16s%2Fg%2F11dfk_nsjb!19sChIJS5xdE6iqtzMRHVpUHMCTbe8?authuser=0&hl=en&rclk=1,"luggage storage in El Nido, Palawan, Philippines",El Nido
Las Cabanas Beach Resort,4.3,(776),,,,,Luggage Storage,,https://lascabanasbeachresort.com/,,,,11.1440874,119.3929982,https://www.google.com/maps/place/Las+Cabanas+Beach+Resort/data=!4m11!3m10!1s0x33b655be40878bb7:0x10004a4f6b927da0!5m3!1s2026-10-31!4m1!1i2!8m2!3d11.1440874!4d119.3929982!16s%2Fg%2F11gzf8l5t!19sChIJt4uHQL5VtjMRoH2Sa09KABA?authuser=0&hl=en&rclk=1,"luggage storage in El Nido, Palawan, Philippines",El Nido
Orange Pearl Beach Resort,3.7,(428),,,,,Luggage Storage,3384 8546,https://hotel-ph.com/,,,,11.145321,119.3951879,https://www.google.com/maps/place/Orange+Pearl+Beach+Resort/data=!4m11!3m10!1s0x33b700349cbeb759:0xfdc59af02f279734!5m3!1s2026-10-31!4m1!1i2!8m2!3d11.145321!4d119.3951879!16s%2Fg%2F1hf0jxwjw!19sChIJWbe-nDQAtzMRNJcnL_Caxf0?authuser=0&hl=en&rclk=1,"luggage storage in El Nido, Palawan, Philippines",El Nido
El Nido Resorts Jetty Lounge,5.0,(4),,,,,Transportation,,,,,,11.2072999,119.415909,https://www.google.com/maps/place/El+Nido+Resorts+Jetty+Lounge/data=!4m7!3m6!1s0x33b7ab000d8a8a0d:0xa5188f89e6362837!8m2!3d11.2072999!4d119.415909!16s%2Fg%2F11y37cvjbg!19sChIJDYqKDQCrtzMRNyg25omPGKU?authuser=0&hl=en&rclk=1,"transportation in El Nido, Palawan, Philippines",El Nido
El Nest Travel and Tours,4.2,(6),909 270 0523,https://wa.me/9092700523,,,Transportation,,,,,,11.1797226,119.3880794,https://www.google.com/maps/place/El+Nest+Travel+and+Tours/data=!4m7!3m6!1s0x33b655d7d8e16591:0x683e4525161e833!8m2!3d11.1797226!4d119.3880794!16s%2Fg%2F11vtb612kh!19sChIJkWXh2NdVtjMRM-hhUVLkgwY?authuser=0&hl=en&rclk=1,"transportation in El Nido, Palawan, Philippines",El Nido
Glamping at Karuna El Nido,4.5,(61),917 162 6013,https://wa.me/9171626013,,,Transportation,0917 162 6013,https://glampingatkarunaelnido.com/,,,,11.1655775,119.3996968,https://www.google.com/maps/place/Glamping+at+Karuna+El+Nido/data=!4m11!3m10!1s0x33b655d6bcaeeab1:0x374bf9a1785e5677!5m3!1s2026-10-31!4m1!1i2!8m2!3d11.1655775!4d119.3996968!16s%2Fg%2F11txqjvtvc!19sChIJsequvNZVtjMRd1ZeeKH5Szc?authuser=0&hl=en&rclk=1,"transportation in El Nido, Palawan, Philippines",El Nido
C Djacob Haven and tourist inn,3.7,(27),,,,,Transportation,,,,,,11.1730576,119.3931873,https://www.google.com/maps/place/C+Djacob+Haven+and+tourist+inn/data=!4m11!3m10!1s0x33b65500569558a3:0x1ab18c328b3f3637!5m3!1s2026-10-31!4m1!1i2!8m2!3d11.1730576!4d119.3931873!16s%2Fg%2F11vqlq19_9!19sChIJo1iVVgBVtjMRNzY_izKMsRo?authuser=0&hl=en&rclk=1,"transportation in El Nido, Palawan, Philippines",El Nido
El Nido Cliffside Cottages,3.8,(180),917 320 9149,https://wa.me/9173209149,,,Transportation,0917 320 9149,,,,,11.1774309,119.3904454,https://www.google.com/maps/place/El+Nido+Cliffside+Cottages/data=!4m11!3m10!1s0x33b655140d5a0003:0xa4ee89fc54ba8105!5m3!1s2026-10-31!4m1!1i2!8m2!3d11.1774309!4d119.3904454!16s%2Fg%2F1pp2tjz87!19sChIJAwBaDRRVtjMRBYG6VPyJ7qQ?authuser=0&hl=en&rclk=1,"transportation in El Nido, Palawan, Philippines",El Nido
Bunakidz Lodging,4.0,(79),912 405 9509,https://wa.me/9124059509,,,Transportation,0912 405 9509,,,,,11.1778284,119.3900651,https://www.google.com/maps/place/Bunakidz+Lodging/data=!4m11!3m10!1s0x33b6551412dce30b:0x12bc72ed28822644!5m3!1s2026-10-31!4m1!1i2!8m2!3d11.1778284!4d119.3900651!16s%2Fg%2F1hf3j58gm!19sChIJC-PcEhRVtjMRRCaCKO1yvBI?authuser=0&hl=en&rclk=1,"transportation in El Nido, Palawan, Philippines",El Nido
Inngo Tourist Inn,3.9,(337),916 264 6001,https://wa.me/9162646001,,,Transportation,0916 264 6001,http://www.inngotouristinn.com/,,,,11.1830287,119.39262,https://www.google.com/maps/place/Inngo+Tourist+Inn/data=!4m11!3m10!1s0x33b6553fba49d009:0xb8cd596e6ba23434!5m3!1s2026-10-31!4m1!1i2!8m2!3d11.1830287!4d119.39262!16s%2Fg%2F1vnnfxzw!19sChIJCdBJuj9VtjMRNDSia25Zzbg?authuser=0&hl=en&rclk=1,"transportation in El Nido, Palawan, Philippines",El Nido
Sanse,4.2,(93),917 892 5828,https://wa.me/9178925828,,https://web.facebook.com/sanseboutiquehotelelnido,Transportation,0917 892 5828,https://web.facebook.com/sanseboutiquehotelelnido,,,,11.1803695,119.3906214,https://www.google.com/maps/place/Sanse/data=!4m7!3m6!1s0x33b655aeea080e4f:0xa6072fc88fcaf4ea!8m2!3d11.1803695!4d119.3906214!16s%2Fg%2F11hdy1_lwt!19sChIJTw4I6q5VtjMR6vTKj8gvB6Y?authuser=0&hl=en&rclk=1,"transportation in El Nido, Palawan, Philippines",El Nido
LAULE'A HOSTEL,3.9,(48),,,,,Transportation,,https://lauleahostel.top/,,,,11.1790408,119.3895275,https://www.google.com/maps/place/LAULE%27A+HOSTEL/data=!4m7!3m6!1s0x33b655142dc38b35:0x425f7e3f5242f70f!8m2!3d11.1790408!4d119.3895275!16s%2Fg%2F11fy1c_f_d!19sChIJNYvDLRRVtjMRD_dCUj9-X0I?authuser=0&hl=en&rclk=1,"transportation in El Nido, Palawan, Philippines",El Nido
Corner Crib El Nido Hostel,4.3,(63),,,,,Transportation,8 Maligaya,https://us2.cloudbeds.com/reservation/8Iq6RQ,,,,11.1726244,119.3947322,https://www.google.com/maps/place/Corner+Crib+El+Nido+Hostel/data=!4m7!3m6!1s0x33b6554ffe90fa35:0x2dc63d4d8e3e5d34!8m2!3d11.1726244!4d119.3947322!16s%2Fg%2F11y7mdl674!19sChIJNfqQ_k9VtjMRNF0-jk09xi0?authuser=0&hl=en&rclk=1,"transportation in El Nido, Palawan, Philippines",El Nido
Novie's Tourist Inn,3.7,(219),985 359 0702,https://wa.me/9853590702,,,Transportation,0985 359 0702,,,,,11.1631023,119.3988406,https://www.google.com/maps/place/Novie%27s+Tourist+Inn/data=!4m7!3m6!1s0x33b65572e444c0e7:0x3b3fb1dc39cce8f4!8m2!3d11.1631023!4d119.3988406!16s%2Fg%2F12qhdf6vr!19sChIJ58BE5HJVtjMR9OjMOdyxPzs?authuser=0&hl=en&rclk=1,"transportation in El Nido, Palawan, Philippines",El Nido
Juana Motorbike Rental,4.8,(33),919 954 2863,https://wa.me/9199542863,,,Scooter Rental,0919 954 2863,,,,,11.1804612,119.3915454,https://www.google.com/maps/place/Juana+Motorbike+Rental/data=!4m7!3m6!1s0x33b655ce70c89bbb:0x1f640db17b14938c!8m2!3d11.1804612!4d119.3915454!16s%2Fg%2F11m75c59pr!19sChIJu5vIcM5VtjMRjJMUe7ENZB8?authuser=0&hl=en&rclk=1,"scooter rental in El Nido, Palawan, Philippines",El Nido
Clock 8 Motorbike Rental,5.0,(1),,,,,Scooter Rental,8 Motorbike Rental  5,,,,,11.1765899,119.391739,https://www.google.com/maps/place/Clock+8+Motorbike+Rental/data=!4m7!3m6!1s0x33b655d703a04ba9:0xe0e0805e87e612df!8m2!3d11.1765899!4d119.391739!16s%2Fg%2F11txbglsy6!19sChIJqUugA9dVtjMR3xLmh16A4OA?authuser=0&hl=en&rclk=1,"scooter rental in El Nido, Palawan, Philippines",El Nido
"St. Francis of Assisi Parish Church - El Nido, Palawan",4.5,(56),,,,,Embassy,10 minutes from port area,,,,,11.1796274,119.389851,"https://www.google.com/maps/place/St.+Francis+of+Assisi+Parish+Church+-+El+Nido,+Palawan/data=!4m7!3m6!1s0x33b65515cf75d7bb:0xcdd58b00777757a4!8m2!3d11.1796274!4d119.389851!16s%2Fg%2F11fy1dxg2c!19sChIJu9d1zxVVtjMRpFd3dwCL1c0?authuser=0&hl=en&rclk=1","embassy in El Nido, Palawan, Philippines",El Nido
Brannigan Travel & Tours EL Nido Palawan,4.6,(33),906 250 0058,https://wa.me/9062500058,,,Tourist Information,0906 250 0058,http://www.branniganadventures.com/,,,,11.1798331,119.3874949,https://www.google.com/maps/place/Brannigan+Travel+%26+Tours+EL+Nido+Palawan/data=!4m7!3m6!1s0x33b65512ed6e17c9:0xb5f191807e96a448!8m2!3d11.1798331!4d119.3874949!16s%2Fg%2F11kq8_5ldn!19sChIJyRdu7RJVtjMRSKSWfoCR8bU?authuser=0&hl=en&rclk=1,"tourist information in El Nido, Palawan, Philippines",El Nido
Tarawis Elnido Island Tours,4.0,(58),917 423 8764,https://wa.me/9174238764,,,Tourist Information,0917 423 8764,https://tarawiselnidoislandtours.com/,,,,11.1784484,119.3899944,https://www.google.com/maps/place/Tarawis+Elnido+Island+Tours/data=!4m7!3m6!1s0x33b655143981bb69:0x5c41f539468f055b!8m2!3d11.1784484!4d119.3899944!16s%2Fg%2F11b7st3vkx!19sChIJabuBORRVtjMRWwWPRjn1QVw?authuser=0&hl=en&rclk=1,"tourist information in El Nido, Palawan, Philippines",El Nido
Jhannas travel and tours,4.0,(73),998 886 6540,https://wa.me/9988866540,,,Tourist Information,0998 886 6540,,,,,11.1801972,119.387347,https://www.google.com/maps/place/Jhannas+travel+and+tours/data=!4m7!3m6!1s0x33b6550526bc3201:0xd05dea39b4ef1dbc!8m2!3d11.1801972!4d119.387347!16s%2Fg%2F11h523d440!19sChIJATK8JgVVtjMRvB3vtDnqXdA?authuser=0&hl=en&rclk=1,"tourist information in El Nido, Palawan, Philippines",El Nido
Dos hermanos travel & tour,4.5,(32),938 097 1791,https://wa.me/9380971791,,https://www.facebook.com/share/1Amdm5sgyh/?mibextid=wwXIfr,Tourist Information,,https://www.facebook.com/share/1Amdm5sgyh/?mibextid=wwXIfr,,,,11.180775,119.3843374,https://www.google.com/maps/place/Dos+hermanos+travel+%26+tour/data=!4m7!3m6!1s0x33b655001057a58b:0x6d773ec1676b1f13!8m2!3d11.180775!4d119.3843374!16s%2Fg%2F11x8jw006l!19sChIJi6VXEABVtjMREx9rZ8E-d20?authuser=0&hl=en&rclk=1,"tourist information in El Nido, Palawan, Philippines",El Nido
Bellitta Tours,4.6,(99),929 873 0283,https://wa.me/9298730283,,,Tourist Information,0929 873 0283,,,,,11.1778758,119.390337,https://www.google.com/maps/place/Bellitta+Tours/data=!4m7!3m6!1s0x33b6550d2641594d:0x637be1ccbb8c5578!8m2!3d11.1778758!4d119.390337!16s%2Fg%2F11fj8h9rry!19sChIJTVlBJg1VtjMReFWMu8zhe2M?authuser=0&hl=en&rclk=1,"tourist information in El Nido, Palawan, Philippines",El Nido
Bacuit Bay Tour Floating Dock 1,4.7,(15),,,,,Tourist Information,1  4,,,,,11.1805852,119.3874528,https://www.google.com/maps/place/Bacuit+Bay+Tour+Floating+Dock+1/data=!4m7!3m6!1s0x33b65502766481bd:0x74216afc83fccbe5!8m2!3d11.1805852!4d119.3874528!16s%2Fg%2F11qphzy_fd!19sChIJvYFkdgJVtjMR5cv8g_xqIXQ?authuser=0&hl=en&rclk=1,"tourist information in El Nido, Palawan, Philippines",El Nido
Land Tour El Nido,5.0,(1),993 302 6011,https://wa.me/9933026011,,,Tourist Information,,https://wa.me/c/639933026011,,,,11.1795534,119.3905992,https://www.google.com/maps/place/Land+Tour+El+Nido/data=!4m7!3m6!1s0x33b6ff0abbd50bf5:0xa4f63f96618c48a0!8m2!3d11.1795534!4d119.3905992!16s%2Fg%2F11yzzrk9r2!19sChIJ9QvVuwr_tjMRoEiMYZY_9qQ?authuser=0&hl=en&rclk=1,"tourist information in El Nido, Palawan, Philippines",El Nido
krischana travel and tours,4.0,(36),916 799 7036,https://wa.me/9167997036,,,Tourist Information,,,,,,11.1802414,119.3872474,https://www.google.com/maps/place/krischana+travel+and+tours/data=!4m7!3m6!1s0x33b6554c3ea2ca91:0xb646738257a99816!8m2!3d11.1802414!4d119.3872474!16s%2Fg%2F11h3x2rzmv!19sChIJkcqiPkxVtjMRFpipV4JzRrY?authuser=0&hl=en&rclk=1,"tourist information in El Nido, Palawan, Philippines",El Nido
Yva travel and tours,4.1,(20),977 416 0305,https://wa.me/9774160305,,,Tourist Information,0977 416 0305,,,,,11.1798338,119.3881666,https://www.google.com/maps/place/Yva+travel+and+tours/data=!4m7!3m6!1s0x33b655007c498c9b:0x672ebab7209bf6c7!8m2!3d11.1798338!4d119.3881666!16s%2Fg%2F11lc_9v4vs!19sChIJm4xJfABVtjMRx_abILe6Lmc?authuser=0&hl=en&rclk=1,"tourist information in El Nido, Palawan, Philippines",El Nido
Le Dino El Nido Travel and Tours,5.0,(27),917 598 5880,https://wa.me/9175985880,https://www.instagram.com/ledino.elnido,,Tourist Information,0917 598 5880,https://www.instagram.com/ledino.elnido,,,,11.1781983,119.3903417,https://www.google.com/maps/place/Le+Dino+El+Nido+Travel+and+Tours/data=!4m7!3m6!1s0x33b655f731299841:0x596a5a862263e286!8m2!3d11.1781983!4d119.3903417!16s%2Fg%2F11vz27fjhj!19sChIJQZgpMfdVtjMRhuJjIoZaalk?authuser=0&hl=en&rclk=1,"tourist information in El Nido, Palawan, Philippines",El Nido
La Pêcheuse Speedboat Tours El Nido,4.4,(58),910 194 7025,https://wa.me/9101947025,,,Tourist Information,0910 194 7025,https://www.lapecheuse.com/,,,,11.1802788,119.3889068,https://www.google.com/maps/place/La+P%C3%AAcheuse+Speedboat+Tours+El+Nido/data=!4m7!3m6!1s0x33b6551990eca6bd:0x8fe80315922d283c!8m2!3d11.1802788!4d119.3889068!16s%2Fg%2F11h18ckr7c!19sChIJvabskBlVtjMRPCgtkhUD6I8?authuser=0&hl=en&rclk=1,"tourist information in El Nido, Palawan, Philippines",El Nido
Isla Expeditions,4.4,(20),905 677 8030,https://wa.me/9056778030,,,Tourist Information,33 Serena St,,,,,11.1801952,119.3881819,https://www.google.com/maps/place/Isla+Expeditions/data=!4m7!3m6!1s0x33b65538318fe7b9:0xb19500fb818ed245!8m2!3d11.1801952!4d119.3881819!16s%2Fg%2F11h79t3tjy!19sChIJueePMThVtjMRRdKOgfsAlbE?authuser=0&hl=en&rclk=1,"tourist information in El Nido, Palawan, Philippines",El Nido
El Nidonia love Travel,5.0,(4),,,,,Tourist Information,82 10,https://m.blog.naver.com/aa11bb88/223490294734,,,,11.1797767,119.3889756,https://www.google.com/maps/place/El+Nidonia+love+Travel/data=!4m7!3m6!1s0x33b655a6ff466703:0x641a31863859c6be!8m2!3d11.1797767!4d119.3889756!16s%2Fg%2F11hdt2qzb8!19sChIJA2dG_6ZVtjMRvsZZOIYxGmQ?authuser=0&hl=en&rclk=1,"tourist information in El Nido, Palawan, Philippines",El Nido
"Pirates Of El Nido, Tour P",5.0,(1),,,,,Tourist Information,,,,,,11.177926,119.3899585,"https://www.google.com/maps/place/Pirates+Of+El+Nido,+Tour+P/data=!4m7!3m6!1s0x33b6551471602971:0x5f0829d8fc64d25a!8m2!3d11.177926!4d119.3899585!16s%2Fg%2F11fxf39t9_!19sChIJcSlgcRRVtjMRWtJk_NgpCF8?authuser=0&hl=en&rclk=1","tourist information in El Nido, Palawan, Philippines",El Nido
El nido,4.5,(2),,,,,Tourist Information,5313 Taytay,,,,,11.156482,119.399271,https://www.google.com/maps/place/El+nido/data=!4m7!3m6!1s0x33b65500637a457d:0x1f3097a2fa5752a7!8m2!3d11.156482!4d119.399271!16s%2Fg%2F11vqx33j41!19sChIJfUV6YwBVtjMRp1JX-qKXMB8?authuser=0&hl=en&rclk=1,"tourist information in El Nido, Palawan, Philippines",El Nido
MERCURIO TRAVEL SERVICES,4.5,(11),908 895 4414,https://wa.me/9088954414,,,Tourist Information,0908 895 4414,http://www.mercuriotravelservices.com/,,,,11.1802309,119.3879103,https://www.google.com/maps/place/MERCURIO+TRAVEL+SERVICES/data=!4m7!3m6!1s0x33b6552c2b1db7c1:0xd909604d88f99737!8m2!3d11.1802309!4d119.3879103!16s%2Fg%2F11rbfcjxd0!19sChIJwbcdKyxVtjMRN5f5iE1gCdk?authuser=0&hl=en&rclk=1,"tourist information in El Nido, Palawan, Philippines",El Nido
Clydenike & Guenkean Booking Office,5.0,(3),927 162 2059,https://wa.me/9271622059,,,Tourist Information,0927 162 2059,,,,,11.179017,119.3900357,https://www.google.com/maps/place/Clydenike+%26+Guenkean+Booking+Office/data=!4m7!3m6!1s0x33b65515ddfbdf97:0xeac9dabdc4aca49c!8m2!3d11.179017!4d119.3900357!16s%2Fg%2F11gfdw28sv!19sChIJl9_73RVVtjMRnKSsxL3ayeo?authuser=0&hl=en&rclk=1,"tourist information in El Nido, Palawan, Philippines",El Nido
RT Travel and Tours,3.5,(20),919 595 9496,https://wa.me/9195959496,,,Tourist Information,0919 595 9496,,,,,11.1810317,119.3907885,https://www.google.com/maps/place/RT+Travel+and+Tours/data=!4m7!3m6!1s0x33b6550aa18f45cf:0x11cc44943acd9d13!8m2!3d11.1810317!4d119.3907885!16s%2Fg%2F11rz2qpsxy!19sChIJz0WPoQpVtjMRE53NOpREzBE?authuser=0&hl=en&rclk=1,"tourist information in El Nido, Palawan, Philippines",El Nido
Lovelyn Travel And Tours,4.9,(68),949 172 0549,https://wa.me/9491720549,,,Tourist Information,,https://lovelyntravelandtours.com/,,,,11.1635852,119.3986968,https://www.google.com/maps/place/Lovelyn+Travel+And+Tours/data=!4m7!3m6!1s0x33b6556a1aaa40c3:0xeb824e4fa4826cb3!8m2!3d11.1635852!4d119.3986968!16s%2Fg%2F11fls1jm7n!19sChIJw0CqGmpVtjMRs2yCpE9Ogus?authuser=0&hl=en&rclk=1,"tourist information in El Nido, Palawan, Philippines",El Nido
Paragua Travel and Tours,3.7,(9),963 909 9393,https://wa.me/9639099393,,,Tourist Information,0963 909 9393,https://www.paraguatours.com/,,,,11.1795644,119.3890393,https://www.google.com/maps/place/Paragua+Travel+and+Tours/data=!4m7!3m6!1s0x33b65534e6fec8db:0xaa6916b767727b59!8m2!3d11.1795644!4d119.3890393!16s%2Fg%2F11s35nls9c!19sChIJ28j-5jRVtjMRWXtyZ7cWaao?authuser=0&hl=en&rclk=1,"tourist information in El Nido, Palawan, Philippines",El Nido
Alexzus Travel & Tours,4.1,(25),905 066 3881,https://wa.me/9050663881,,,Tourist Information,0905 066 3881,http://alexzustravelandtours.com/,,,,11.1805454,119.3893187,https://www.google.com/maps/place/Alexzus+Travel+%26+Tours/data=!4m7!3m6!1s0xcf334aa0a0d73c7:0xa0a5cddab5bcb152!8m2!3d11.1805454!4d119.3893187!16s%2Fg%2F11l2fcm_ps!19sChIJx3MNCqo08wwRUrG8tdrNpaA?authuser=0&hl=en&rclk=1,"tourist information in El Nido, Palawan, Philippines",El Nido
Cadlao Lagoon,4.8,(223),,,,,Tourist Information,,,,,,11.2146796,119.3454484,https://www.google.com/maps/place/Cadlao+Lagoon/data=!4m7!3m6!1s0x33b7ab2ccfd72eab:0x495d7297f93549c0!8m2!3d11.2146796!4d119.3454484!16s%2Fg%2F11j8gv7zg1!19sChIJqy7XzyyrtzMRwEk1-ZdyXUk?authuser=0&hl=en&rclk=1,"tourist information in El Nido, Palawan, Philippines",El Nido
Keelooma El Nido,4.6,(503),947 933 6829,https://wa.me/9479336829,,,Tourist Information,0947 933 6829,http://www.keelooma.com/,,,,11.194133,119.4182448,https://www.google.com/maps/place/Keelooma+El+Nido/data=!4m7!3m6!1s0x33b6ffca198b23a5:0x845df0e6bf0ed065!8m2!3d11.194133!4d119.4182448!16s%2Fg%2F11kqh_p85l!19sChIJpSOLGcr_tjMRZdAOv-bwXYQ?authuser=0&hl=en&rclk=1,"tourist information in El Nido, Palawan, Philippines",El Nido
Taraw Canopy walk,4.4,(27),,,,,Tourist Information,,,,,,11.1790942,119.3888327,https://www.google.com/maps/place/Taraw+Canopy+walk/data=!4m7!3m6!1s0x33b6550049ab9f1d:0x91e67ad7d49d5128!8m2!3d11.1790942!4d119.3888327!16s%2Fg%2F11wmjhnx3g!19sChIJHZ-rSQBVtjMRKFGd1Nd65pE?authuser=0&hl=en&rclk=1,"tourist information in El Nido, Palawan, Philippines",El Nido
El Nido Yachting Club,4.5,(60),917 877 7869,https://wa.me/9178777869,,,Tourist Information,0917 877 7869,http://www.elnidoyachtingclub.com/,,,,11.1803464,119.3894948,https://www.google.com/maps/place/El+Nido+Yachting+Club/data=!4m7!3m6!1s0x33b7abf42767146b:0x26dc8d0e6debae65!8m2!3d11.1803464!4d119.3894948!16s%2Fg%2F11h7n8vyl2!19sChIJaxRnJ_SrtzMRZa7rbQ6N3CY?authuser=0&hl=en&rclk=1,"tourist information in El Nido, Palawan, Philippines",El Nido
Pinagbuyutan Island,4.6,(42),,,,,Tourist Information,,,,,,11.122065,119.3916678,https://www.google.com/maps/place/Pinagbuyutan+Island/data=!4m7!3m6!1s0x33b655df0ad073d3:0x3d0ac8b8da29ed68!8m2!3d11.122065!4d119.3916678!16s%2Fg%2F1jkwjck1w!19sChIJ03PQCt9VtjMRaO0p2rjICj0?authuser=0&hl=en&rclk=1,"tourist information in El Nido, Palawan, Philippines",El Nido
The Philippine Experience,5.0,(404),991 154 4725,https://wa.me/9911544725,,,Tourist Information,0991 154 4725,https://www.thephilippineexperience.com/,,,,11.1395274,119.4005879,https://www.google.com/maps/place/The+Philippine+Experience/data=!4m7!3m6!1s0x33b65572d7222b03:0x70db47b765ac2fa1!8m2!3d11.1395274!4d119.4005879!16s%2Fg%2F11tg4kn6f4!19sChIJAysi13JVtjMRoS-sZbdH23A?authuser=0&hl=en&rclk=1,"tourist information in El Nido, Palawan, Philippines",El Nido
GoWaves Philippines,5.0,(3),926 078 5181,https://wa.me/9260785181,,,Tourist Information,,,,,,11.1776788,119.3901688,https://www.google.com/maps/place/GoWaves+Philippines/data=!4m7!3m6!1s0x33b6551414605c55:0x655014e68d336118!8m2!3d11.1776788!4d119.3901688!16s%2Fg%2F11f_j03pbk!19sChIJVVxgFBRVtjMRGGEzjeYUUGU?authuser=0&hl=en&rclk=1,"tourist information in El Nido, Palawan, Philippines",El Nido
El Nido Bay,4.0,(5),,,,,Tourist Information,,,,,,11.1873246,119.3854917,https://www.google.com/maps/place/El+Nido+Bay/data=!4m7!3m6!1s0x33b655001abcbc41:0x1787c84969eef198!8m2!3d11.1873246!4d119.3854917!16s%2Fg%2F11x1qn33sf!19sChIJQby8GgBVtjMRmPHuaUnIhxc?authuser=0&hl=en&rclk=1,"tourist information in El Nido, Palawan, Philippines",El Nido
Shimizu Island,4.6,(834),,,,,Tourist Information,,,,,,11.1388662,119.3185616,https://www.google.com/maps/place/Shimizu+Island/data=!4m7!3m6!1s0x33b653f0a88eea21:0xf3472c69997e9d45!8m2!3d11.1388662!4d119.3185616!16s%2Fg%2F12mjbfxhg!19sChIJIeqOqPBTtjMRRZ1-mWksR_M?authuser=0&hl=en&rclk=1,"tourist information in El Nido, Palawan, Philippines",El Nido
Billy's Tourist Inn,4.0,(4),,,,,Tourist Information,,,,,,11.1786482,119.3906845,https://www.google.com/maps/place/Billy%27s+Tourist+Inn/data=!4m7!3m6!1s0x33b65508e408358b:0xd32b16af1deaffe6!8m2!3d11.1786482!4d119.3906845!16s%2Fg%2F11kbr87mfk!19sChIJizUI5AhVtjMR5v_qHa8WK9M?authuser=0&hl=en&rclk=1,"tourist information in El Nido, Palawan, Philippines",El Nido
Seven Commandos Beach,4.6,(717),,,,,Tourist Information,,,,,,11.1736705,119.378839,https://www.google.com/maps/place/Seven+Commandos+Beach/data=!4m7!3m6!1s0x33b6551b3bdc81c5:0xdde9914172e7c5f9!8m2!3d11.1736705!4d119.378839!16s%2Fg%2F12vt5gfcf!19sChIJxYHcOxtVtjMR-cXnckGR6d0?authuser=0&hl=en&rclk=1,"tourist information in El Nido, Palawan, Philippines",El Nido
Mananquil Travel Lodge,4.3,(44),,,,,Tourist Information,,https://mananquiltravellodge.top/,,,,11.1794325,119.3870194,https://www.google.com/maps/place/Mananquil+Travel+Lodge/data=!4m7!3m6!1s0x33b6559a92109f65:0xa23bc3dc31e06c5a!8m2!3d11.1794325!4d119.3870194!16s%2Fg%2F11nxrc9543!19sChIJZZ8QkppVtjMRWmzgMdzDO6I?authuser=0&hl=en&rclk=1,"tourist information in El Nido, Palawan, Philippines",El Nido
Treshfanny Travel and Tours,4.1,(13),917 190 2212,https://wa.me/9171902212,,,Tourist Information,,,,,,11.1950655,119.4194247,https://www.google.com/maps/place/Treshfanny+Travel+and+Tours/data=!4m7!3m6!1s0x33b6ff71dad711a3:0x80b71dd4c300e6d1!8m2!3d11.1950655!4d119.4194247!16s%2Fg%2F11vxw3qqx1!19sChIJoxHX2nH_tjMR0eYAw9Qdt4A?authuser=0&hl=en&rclk=1,"tourist information in El Nido, Palawan, Philippines",El Nido
Green island travel and tour,5.0,(2),,,,,Tourist Information,,https://www.greenislandtravelers.com/,,,,11.1705082,119.394959,https://www.google.com/maps/place/Green+island+travel+and+tour/data=!4m7!3m6!1s0x33b6552cd0b504e5:0xb833e45bbcacfee1!8m2!3d11.1705082!4d119.394959!16s%2Fg%2F11m6rjn01f!19sChIJ5QS10CxVtjMR4f6svFvkM7g?authuser=0&hl=en&rclk=1,"tourist information in El Nido, Palawan, Philippines",El Nido
Nacpan Beach Resort (H Hotel Group),4.6,(470),917 636 4873,https://wa.me/9176364873,,,Bank,0917 636 4873,https://nacpanbeachresort.com/,,,,11.3126055,119.4221361,https://www.google.com/maps/place/Nacpan+Beach+Resort+%28H+Hotel+Group%29/data=!4m11!3m10!1s0x33b707f09780e825:0x9cfcc247731a1402!5m3!1s2026-10-31!4m1!1i2!8m2!3d11.3126055!4d119.4221361!16s%2Fg%2F11s7pv87m_!19sChIJJeiAl_AHtzMRAhQac0fC_Jw?authuser=0&hl=en&rclk=1,"bank in El Nido, Palawan, Philippines",El Nido
Nacpan Beach Villa,4.7,(175),917 117 0861,https://wa.me/9171170861,,,Bank,0917 117 0861,https://nacpanbeachvillas.com/,,,,11.3136336,119.4233164,https://www.google.com/maps/place/Nacpan+Beach+Villa/data=!4m11!3m10!1s0x33b70703ef73f4e3:0x6e1aa081ee499c52!5m3!1s2026-10-31!4m1!1i2!8m2!3d11.3136336!4d119.4233164!16s%2Fg%2F11ldq0ykcc!19sChIJ4_Rz7wMHtzMRUpxJ7oGgGm4?authuser=0&hl=en&rclk=1,"bank in El Nido, Palawan, Philippines",El Nido
"Cabanas de Nacpan Resort, El Nido",4.7,(68),917 139 4131,https://wa.me/9171394131,,,Bank,0917 139 4131,https://www.philippineshotels.net/en/hotel/cabanas-de-nacpan-camping-resort.html,,,,11.2943647,119.4266011,"https://www.google.com/maps/place/Cabanas+de+Nacpan+Resort,+El+Nido/data=!4m11!3m10!1s0x33b707525d1d8469:0xe4e11ed242ef7ed6!5m3!1s2026-10-31!4m1!1i2!8m2!3d11.2943647!4d119.4266011!16s%2Fg%2F11f08g8wly!19sChIJaYQdXVIHtzMR1n7vQtIe4eQ?authuser=0&hl=en&rclk=1","bank in El Nido, Palawan, Philippines",El Nido
Nacpan Beach Glamping (H Hospitality Group),4.6,(694),917 621 5978,https://wa.me/9176215978,,,Bank,0917 621 5978,https://nacpanbeachglamping.com/,,,,11.3128738,119.4222488,https://www.google.com/maps/place/Nacpan+Beach+Glamping+%28H+Hospitality+Group%29/data=!4m11!3m10!1s0x33b707c393ba8da3:0x5657d81b8c05792f!5m3!1s2026-10-31!4m1!1i2!8m2!3d11.3128738!4d119.4222488!16s%2Fg%2F11fkf907bp!19sChIJo426k8MHtzMRL3kFjBvYV1Y?authuser=0&hl=en&rclk=1,"bank in El Nido, Palawan, Philippines",El Nido
Angkla Beach Club & Boutique Resort,4.5,"(1,094)",915 837 4860,https://wa.me/9158374860,,,Currency Exchange,0915 837 4860,http://www.angklaresort.com/,,,,11.3146675,119.424196,https://www.google.com/maps/place/Angkla+Beach+Club+%26+Boutique+Resort/data=!4m11!3m10!1s0x33b70735a9ca852b:0x7e5f999f08f22ab6!5m3!1s2026-10-31!4m1!1i2!8m2!3d11.3146675!4d119.424196!16s%2Fg%2F11hzyx2nfn!19sChIJK4XKqTUHtzMRtiryCJ-ZX34?authuser=0&hl=en&rclk=1,"currency exchange in El Nido, Palawan, Philippines",El Nido
AMARAV Pension House Nacpan El Nido,4.4,(31),906 596 7848,https://wa.me/9065967848,,,Currency Exchange,0906 596 7848,https://amaravpensionhousenacpanelnido.top/,,,,11.3072017,119.4213771,https://www.google.com/maps/place/AMARAV+Pension+House+Nacpan+El+Nido/data=!4m11!3m10!1s0x33b70751e2858bbf:0x60f76462b9d732f8!5m3!1s2026-10-31!4m1!1i2!8m2!3d11.3072017!4d119.4213771!16s%2Fg%2F11j37gc2x0!19sChIJv4uF4lEHtzMR-DLXuWJk92A?authuser=0&hl=en&rclk=1,"currency exchange in El Nido, Palawan, Philippines",El Nido
Where 2 Next - Nacpan,4.4,(142),917 804 0434,https://wa.me/9178040434,,,Currency Exchange,2 Next,,,,,11.308098,119.4209959,https://www.google.com/maps/place/Where+2+Next+-+Nacpan/data=!4m11!3m10!1s0x33b70763530d1a9b:0x1ee5f855782d1b1a!5m3!1s2026-10-31!4m1!1i2!8m2!3d11.308098!4d119.4209959!16s%2Fg%2F11b7q8b5vf!19sChIJmxoNU2MHtzMRGhsteFX45R4?authuser=0&hl=en&rclk=1,"currency exchange in El Nido, Palawan, Philippines",El Nido
Sunmai Beach Bar and Restaurant,4.4,"(1,303)",917 621 5978,https://wa.me/9176215978,,,Currency Exchange,0917 621 5978,http://www.nacpansunmai.com/,,,,11.3129091,119.4222412,https://www.google.com/maps/place/Sunmai+Beach+Bar+and+Restaurant/data=!4m7!3m6!1s0x33b7077c6753812f:0x3b7df4dba82226f1!8m2!3d11.3129091!4d119.4222412!16s%2Fg%2F11f3m8vxz9!19sChIJL4FTZ3wHtzMR8SYiqNv0fTs?authuser=0&hl=en&rclk=1,"currency exchange in El Nido, Palawan, Philippines",El Nido
Seaborn - El Nido Freediving School,4.9,(90),,,,,Massage Spa,,,https://lh3.googleusercontent.com/gps-cs-s/APNQkAELpyw5g-WjhH9TMgvazkReFGzLkcnnjd-5bfIKpd-sRHJnIMypRJ17x_nBA1nfe4js69XnHpZulI20JthPtFpbIHnjWCmfzNZ-krJ7_IXLXhLc4oFXpSJaiVmQ5l5o58pPbXUj=w1600-h1200-k-no,,,11.1798386,119.3848295,https://www.google.com/maps/place/Seaborn+-+El+Nido+Freediving+School/data=!4m7!3m6!1s0x33b65521c909422d:0xd4ce9c965b0af98f!8m2!3d11.1798386!4d119.3848295!16s%2Fg%2F11tjwyw2h6!19sChIJLUIJySFVtjMRj_kKW5acztQ?authuser=0&hl=en&rclk=1,"massage spa in El Nido, Palawan, Philippines",El Nido
JAMc Massage and Spa Center,3.5,(2),,,,,Massage Spa,,,https://lh3.googleusercontent.com/gps-cs-s/APNQkAEMMJ8-rp-BhrIUSkQ-sD1TvCg9Fv755YbyWqPsM9QVNPOHza3M0N3qFBbkNR94VZj9LUo-1PVI5vxJneioPt5btk6puQ6GnuJuWBKfEaQH5ZO3w0bTw_n10EX5yVjuuEJwUn8=w1600-h1200-k-no,,,11.1814092,119.3913352,https://www.google.com/maps/place/JAMc+Massage+and+Spa+Center/data=!4m7!3m6!1s0x33b65563024af46d:0xfc4c2a0f51623028!8m2!3d11.1814092!4d119.3913352!16s%2Fg%2F11tk4xql6v!19sChIJbfRKAmNVtjMRKDBiUQ8qTPw?authuser=0&hl=en&rclk=1,"massage spa in El Nido, Palawan, Philippines",El Nido
Yoga at the Sanctuary,5.0,(5),,,,,Gym,,,https://lh3.googleusercontent.com/gps-cs-s/APNQkAEYYImDk-oEX80JoZbQEpbv3VMSHJAJ4foD3Q4sWpAlNxf-qYojSYlqmy6pA6yZWAhsU_LFQk4YlBnWPKS0RSiLEL2ynvDug1sO29pk6KOmcoAg19fJTTlb9dulZOsV0PzpGSQPgg=w1600-h1200-k-no,,,11.3184968,119.4269426,https://www.google.com/maps/place/Yoga+at+the+Sanctuary/data=!4m7!3m6!1s0x33b7075ed4222045:0x144a3f0101b41325!8m2!3d11.3184968!4d119.4269426!16s%2Fg%2F11k56nj90n!19sChIJRSAi1F4HtzMRJRO0AQE_ShQ?authuser=0&hl=en&rclk=1,"gym in El Nido, Palawan, Philippines",El Nido
Nacpan beach,4.7,(243),,,,,Public Wi-Fi,,,https://lh3.googleusercontent.com/gps-cs-s/APNQkAFLwRqeE8WAn9w9WY-o-xGbkYCsAtRqP9yi6GhRe3sTGolE-T1U3bMxmv-34G3JPg07WXBYYjCEm-I9rkz0Hxl1lDg24urYTbaymhOqgugmkQHVRue5POJ9V_FXVB58vSbntvDXIg=w1600-h1200-k-no,,,11.3162243,119.4248669,https://www.google.com/maps/place/Nacpan+beach/data=!4m7!3m6!1s0x33b707007f26886b:0x855ae0e9f52fad95!8m2!3d11.3162243!4d119.4248669!16s%2Fg%2F11y2m846v1!19sChIJa4gmfwAHtzMRla0v9engWoU?authuser=0&hl=en&rclk=1,"public wifi in El Nido, Palawan, Philippines",El Nido
Valine Grace Beach & Cottages,3.7,(31),,,,,Public Wi-Fi,,,https://lh3.googleusercontent.com/gps-cs-s/APNQkAFCJRqkw8PcnNxddVcKhYz3Z5SLpZyVHTtWDjbRZT0OlzkqsnEmh-o2_fjU3eEGPQoeJ4oEVDD5ZsyktDmmuTfunOlvDKU_TjWj5V9zVEcYbv9joeWiCRhEw3DanibJHa1pLisJBA=w1600-h1200-k-no,,,11.309126,119.4186438,https://www.google.com/maps/place/Valine+Grace+Beach+%26+Cottages/data=!4m11!3m10!1s0x33b7079f3bf951a1:0x7d100bee2d591fb2!5m3!1s2026-10-31!4m1!1i2!8m2!3d11.309126!4d119.4186438!16s%2Fg%2F11fjzy4lwx!19sChIJoVH5O58HtzMRsh9ZLe4LEH0?authuser=0&hl=en&rclk=1,"public wifi in El Nido, Palawan, Philippines",El Nido
Eco Sanctuaries Nature Lodge Nacpan Beach,4.9,(131),,,,,Public Wi-Fi,,,https://lh3.googleusercontent.com/gps-cs-s/APNQkAFqbf8y74wXP9k36SLnr16OARcGOjosRPKD5fUPjAAwrzyOBBBEefiJpNUMuer0RvcLTVI5TXjVrV64U6a2HCt8vXzUcSbwutUPm22ijjonsoc2uduGysmalCH1Sm0h3JSS-DANV9pUyQ7_=w1600-h1200-k-no,,,11.3179375,119.4265625,https://www.google.com/maps/place/Eco+Sanctuaries+Nature+Lodge+Nacpan+Beach/data=!4m11!3m10!1s0x33b70770bfef9c43:0xbb7c9cbb00bb140f!5m3!1s2026-10-31!4m1!1i2!8m2!3d11.3179375!4d119.4265625!16s%2Fg%2F11s38sqjhf!19sChIJQ5zvv3AHtzMRDxS7ALucfLs?authuser=0&hl=en&rclk=1,"public wifi in El Nido, Palawan, Philippines",El Nido
NACPAN GRILL,4.8,(203),,,,,Public Wi-Fi,,,https://lh3.googleusercontent.com/gps-cs-s/APNQkAExRLBTiPDnMISOpBMkTmHaCzo4rKgVjNe9ygxXbYl3hYJsFPYogPBi8us6TENpHSdOrepnenp6cUTugnD4bXbY6adQ0h86th694a6zuo3keY85XmSbGXdaYaOmbY-Np1XIhdqp-yRUjGw=w1600-h1200-k-no,,,11.3111427,119.418129,https://www.google.com/maps/place/NACPAN+GRILL/data=!4m7!3m6!1s0x33b7a965c808ca89:0xc2a5bf462775c6c9!8m2!3d11.3111427!4d119.418129!16s%2Fg%2F11fsx1k5hv!19sChIJicoIyGWptzMRycZ1J0a_pcI?authuser=0&hl=en&rclk=1,"public wifi in El Nido, Palawan, Philippines",El Nido
MG CHATEAU RESORT,4.1,(69),,,,,Public Wi-Fi,,,https://lh3.googleusercontent.com/gps-cs-s/APNQkAHA_OsNvh3C_Q3q6YkArkVi4LjZBnut5ndYBFM3D8IeimwlFUDrbmaaVtXxgn03FzuSRr_Tn0NY2qoG2ToDbaeVI46fSZ5E6ycgpVXEn9dR1juLvMwVnrzwgKB0DpP5k-g46wUatw=w1600-h1200-k-no,,,11.3067885,119.4188391,https://www.google.com/maps/place/MG+CHATEAU+RESORT/data=!4m11!3m10!1s0x33b7072515ac701d:0x4157d5a797e9e8f7!5m3!1s2026-10-31!4m1!1i2!8m2!3d11.3067885!4d119.4188391!16s%2Fg%2F11hz2lsh_y!19sChIJHXCsFSUHtzMR9-jpl6fVV0E?authuser=0&hl=en&rclk=1,"public wifi in El Nido, Palawan, Philippines",El Nido
Fisherman’s Restaurant,4.8,(326),,,,,Public Wi-Fi,,,https://lh3.googleusercontent.com/gps-cs-s/APNQkAGIw_4ATUP3EO8rqxe2PrAR6epjKr19pw_SD6_AT6xq2WguZBmmzFFuUouFxiN3vJCEgEJPsStuAWCSxQKtxRMYAo82TeI5egNi8uP7xYcROg4VxodxZs6PJkiBjP9Ypp8SNB92bw=w1600-h1200-k-no,,,11.310968,119.4176855,https://www.google.com/maps/place/Fisherman%E2%80%99s+Restaurant/data=!4m7!3m6!1s0x33b7a919ab3a39c3:0x61fc9b5893e4623c!8m2!3d11.310968!4d119.4176855!16s%2Fg%2F11frl9m_dv!19sChIJwzk6qxmptzMRPGLkk1ib_GE?authuser=0&hl=en&rclk=1,"public wifi in El Nido, Palawan, Philippines",El Nido
Catian Beach Resort,3.6,(9),,,,,Public Wi-Fi,,,https://lh3.googleusercontent.com/gps-proxy/ALd4DhFSHfYscwIHrSCPIBg9fwmTiSsWsp_8Dbhq9CYwBSS5xivZ3viTNDj3adJd9rEdA3EgkZdShI-q8fMetO86q9G4Z-8aS-ki4EnOPfbNpS0qSFUBsiZNi5dVLxgobTSbSoTGLwMZ7faQ-lPJOClyK_1N0wjFkgjcBPb6NZjr9mFRpttOcvvfO5E=w1600-h1200-k-no,,,11.3211895,119.427758,https://www.google.com/maps/place/Catian+Beach+Resort/data=!4m11!3m10!1s0x33b707834e414381:0xe19b9d09bb436a8a!5m3!1s2026-10-31!4m1!1i2!8m2!3d11.3211895!4d119.427758!16s%2Fg%2F11c1xq1fkj!19sChIJgUNBToMHtzMRimpDuwmdm-E?authuser=0&hl=en&rclk=1,"public wifi in El Nido, Palawan, Philippines",El Nido
Dolarog Beach,4.3,(31),,,,,Sim Card,,,,,,11.1344591,119.3986591,https://www.google.com/maps/place/Dolarog+Beach/data=!4m7!3m6!1s0x33b655e964d93fdb:0x648bb2164bbcddea!8m2!3d11.1344591!4d119.3986591!16s%2Fg%2F1q65dhwkw!19sChIJ2z_ZZOlVtjMR6t28Sxayi2Q?authuser=0&hl=en&rclk=1,"sim card in El Nido, Palawan, Philippines",El Nido
NACPAN BEACH SOUVENIR SHOP,5.0,(4),994 017 7917,https://wa.me/9940177917,,https://www.facebook.com/nacpan.beach.souviner.shop?mibextid=LQQJ4d,Convenience Store,0994 017 7917,https://www.facebook.com/nacpan.beach.souviner.shop?mibextid=LQQJ4d,,,,11.3102525,119.4208101,https://www.google.com/maps/place/NACPAN+BEACH+SOUVENIR+SHOP/data=!4m7!3m6!1s0x33b7074994c08b2d:0x1205ca5e5c8ee620!8m2!3d11.3102525!4d119.4208101!16s%2Fg%2F11l6j6b_1v!19sChIJLYvAlEkHtzMRIOaOXF7KBRI?authuser=0&hl=en&rclk=1,"convenience store in El Nido, Palawan, Philippines",El Nido
Lucky chai cafè,5.0,(4),961 035 8997,https://wa.me/9610358997,,,Convenience Store,0961 035 8997,,,,,11.1797884,119.3875848,https://www.google.com/maps/place/Lucky+chai+caf%C3%A8/data=!4m7!3m6!1s0x33b6557ca062156f:0x55f7206f05fc745b!8m2!3d11.1797884!4d119.3875848!16s%2Fg%2F11w_n5bvfs!19sChIJbxVioHxVtjMRW3T8BW8g91U?authuser=0&hl=en&rclk=1,"convenience store in El Nido, Palawan, Philippines",El Nido
Coko's El Nido,3.9,(88),,,,,Convenience Store,,,,,,11.1797294,119.3895274,https://www.google.com/maps/place/Coko%27s+El+Nido/data=!4m7!3m6!1s0x33b65550282b9f65:0x1aa5e9240fc2153d!8m2!3d11.1797294!4d119.3895274!16s%2Fg%2F11tmtztfqp!19sChIJZZ8rKFBVtjMRPRXCDyTppRo?authuser=0&hl=en&rclk=1,"convenience store in El Nido, Palawan, Philippines",El Nido
Mozzi Cafe,4.2,(36),,,,,Convenience Store,,,,,,11.179607,119.3893166,https://www.google.com/maps/place/Mozzi+Cafe/data=!4m7!3m6!1s0x33b6553cc5fd100f:0xb6489286b9b5b01e!8m2!3d11.179607!4d119.3893166!16s%2Fg%2F11t2stdjdr!19sChIJDxD9xTxVtjMRHrC1uYaSSLY?authuser=0&hl=en&rclk=1,"convenience store in El Nido, Palawan, Philippines",El Nido
E.L.S Canteen,4.3,(6),,,,,Convenience Store,50 for two,,,,,11.1797514,119.3862367,https://www.google.com/maps/place/E.L.S+Canteen/data=!4m7!3m6!1s0x33b655a2df69ab95:0xfc7ff9f0e5d06ee1!8m2!3d11.1797514!4d119.3862367!16s%2Fg%2F11kq8f_l1p!19sChIJlatp36JVtjMR4W7Q5fD5f_w?authuser=0&hl=en&rclk=1,"convenience store in El Nido, Palawan, Philippines",El Nido
Crumbs Dessert & Ice Cream Shop,5.0,(110),945 845 8732,https://wa.me/9458458732,,https://www.facebook.com/share/1EwY31b2Xo/,Convenience Store,0945 845 8732,https://www.facebook.com/share/1EwY31b2Xo/,,,,11.1786202,119.3899144,https://www.google.com/maps/place/Crumbs+Dessert+%26+Ice+Cream+Shop/data=!4m7!3m6!1s0x33b655c31a58a1f1:0xd527773838cc5b1a!8m2!3d11.1786202!4d119.3899144!16s%2Fg%2F11wtw70t6g!19sChIJ8aFYGsNVtjMRGlvMODh3J9U?authuser=0&hl=en&rclk=1,"convenience store in El Nido, Palawan, Philippines",El Nido
Munch Island,4.7,(450),945 160 7620,https://wa.me/9451607620,,,Convenience Store,0945 160 7620,,,,,11.1803255,119.3890698,https://www.google.com/maps/place/Munch+Island/data=!4m7!3m6!1s0x33b65592367732a7:0x59afc0e8e47b30cc!8m2!3d11.1803255!4d119.3890698!16s%2Fg%2F11sc25nbgj!19sChIJpzJ3NpJVtjMRzDB75OjAr1k?authuser=0&hl=en&rclk=1,"convenience store in El Nido, Palawan, Philippines",El Nido
El Nido Nacpan,5.0,(1),,,,,Transportation,,,,,,11.3214167,119.427848,https://www.google.com/maps/place/El+Nido+Nacpan/data=!4m7!3m6!1s0x33b70782e91d90dd:0x1565eefda0e6144a!8m2!3d11.3214167!4d119.427848!16s%2Fg%2F11yn1j1lhs!19sChIJ3ZAd6YIHtzMRShTmoP3uZRU?authuser=0&hl=en&rclk=1,"transportation in El Nido, Palawan, Philippines",El Nido
Scooter Parking,4.0,(1),,,,,Transportation,,,,,,11.3117315,119.4212204,https://www.google.com/maps/place/Scooter+Parking/data=!4m7!3m6!1s0x33b707004faab3db:0x1c26bb76bd3a6eec!8m2!3d11.3117315!4d119.4212204!16s%2Fg%2F11ytyznwg4!19sChIJ27OqTwAHtzMR7G46vXa7Jhw?authuser=0&hl=en&rclk=1,"transportation in El Nido, Palawan, Philippines",El Nido
Kenjen Motorbike,5.0,(11),955 432 4097,https://wa.me/9554324097,,,Scooter Rental,0955 432 4097,,,,,11.3105427,119.4215409,https://www.google.com/maps/place/Kenjen+Motorbike/data=!4m7!3m6!1s0x33b7070057dc298d:0x7add6b5a05ce6c91!8m2!3d11.3105427!4d119.4215409!16s%2Fg%2F11vskj2lw8!19sChIJjSncVwAHtzMRkWzOBVpr3Xo?authuser=0&hl=en&rclk=1,"scooter rental in El Nido, Palawan, Philippines",El Nido
MARJO MOTORBIKE/and Car rental,5.0,(4),977 760 1336,https://wa.me/9777601336,,,Scooter Rental,495 Sitio Calitang,,,,,11.3077508,119.4209931,https://www.google.com/maps/place/MARJO+MOTORBIKE%2Fand+Car+rental/data=!4m7!3m6!1s0x33b7070061b5dab5:0x7b445f7ef6522a99!8m2!3d11.3077508!4d119.4209931!16s%2Fg%2F11ycc5h2y9!19sChIJtdq1YQAHtzMRmSpS9n5fRHs?authuser=0&hl=en&rclk=1,"scooter rental in El Nido, Palawan, Philippines",El Nido
CASH CASERO MOTOR SHOP,5.0,(1),,,,,Scooter Rental,,,,,,11.2000013,119.4245002,https://www.google.com/maps/place/CASH+CASERO+MOTOR+SHOP/data=!4m7!3m6!1s0x33b700023b30c207:0x8cf57ec901c95e84!8m2!3d11.2000013!4d119.4245002!16s%2Fg%2F11tsqv62pr!19sChIJB8IwOwIAtzMRhF7JAcl-9Yw?authuser=0&hl=en&rclk=1,"scooter rental in El Nido, Palawan, Philippines",El Nido
Lakwa Motorcycles & Enduro Adventure tours,5.0,(67),931 154 9766,https://wa.me/9311549766,,,Scooter Rental,0931 154 9766,http://www.lakwamotorcycles.com/,,,,11.2055223,119.4187372,https://www.google.com/maps/place/Lakwa+Motorcycles+%26+Enduro+Adventure+tours/data=!4m7!3m6!1s0x33b701b5f6f298b9:0xfb0f5e795f466a9e!8m2!3d11.2055223!4d119.4187372!16s%2Fg%2F11ln0j7nfy!19sChIJuZjy9rUBtzMRnmpGX3leD_s?authuser=0&hl=en&rclk=1,"scooter rental in El Nido, Palawan, Philippines",El Nido
Ezekiel Motorbike/scooter rental,5.0,(6),967 943 8169,https://wa.me/9679438169,,http://www.facebook.com/paul.recto.336,Scooter Rental,0967 943 8169,http://www.facebook.com/paul.recto.336,,,,11.3344662,119.4563718,https://www.google.com/maps/place/Ezekiel+Motorbike%2Fscooter+rental/data=!4m7!3m6!1s0x33b7078c2e10614d:0x7a73b7aa43abb7f9!8m2!3d11.3344662!4d119.4563718!16s%2Fg%2F11vr8zz2l2!19sChIJTWEQLowHtzMR-berQ6q3c3o?authuser=0&hl=en&rclk=1,"scooter rental in El Nido, Palawan, Philippines",El Nido
Queens Place,4.1,(21),,,,,Scooter Rental,,,,,,11.1820147,119.3926161,https://www.google.com/maps/place/Queens+Place/data=!4m11!3m10!1s0x33b6556a19d5c3bd:0x8ed32e9c9ed12086!5m3!1s2026-10-31!4m1!1i2!8m2!3d11.1820147!4d119.3926161!16s%2Fg%2F11h7g2xlkj!19sChIJvcPVGWpVtjMRhiDRnpwu044?authuser=0&hl=en&rclk=1,"scooter rental in El Nido, Palawan, Philippines",El Nido
Zhavia Motorbike Rental at Bucana,5.0,(2),916 294 5913,https://wa.me/9162945913,,,Scooter Rental,0916 294 5913,,,,,11.3314254,119.449833,https://www.google.com/maps/place/Zhavia+Motorbike+Rental+at+Bucana/data=!4m7!3m6!1s0x33b7070038e4c8ad:0x153f92f5ed63f913!8m2!3d11.3314254!4d119.449833!16s%2Fg%2F11zk5c11rn!19sChIJrcjkOAAHtzMRE_lj7fWSPxU?authuser=0&hl=en&rclk=1,"scooter rental in El Nido, Palawan, Philippines",El Nido
Marianne Suites El Nido,4.3,(820),,,,,Scooter Rental,,https://mariannesuiteselnido.com.ph/,,,,11.1838174,119.3940356,https://www.google.com/maps/place/Marianne+Suites+El+Nido/data=!4m11!3m10!1s0x33b6552349c305a7:0x69312e5d3a56859d!5m3!1s2026-10-31!4m1!1i2!8m2!3d11.1838174!4d119.3940356!16s%2Fg%2F11v5dj2r8y!19sChIJpwXDSSNVtjMRnYVWOl0uMWk?authuser=0&hl=en&rclk=1,"scooter rental in El Nido, Palawan, Philippines",El Nido
Mamaya Rental Villa El Nido,4.9,(54),968 392 8928,https://wa.me/9683928928,,,Scooter Rental,0968 392 8928,http://mamayavillas.com/,,,,11.2063778,119.4299595,https://www.google.com/maps/place/Mamaya+Rental+Villa+El+Nido/data=!4m11!3m10!1s0x33b70100059d85e9:0x45e31a02a53b2ffc!5m3!1s2026-10-31!4m1!1i2!8m2!3d11.2063778!4d119.4299595!16s%2Fg%2F11wm_kzbbn!19sChIJ6YWdBQABtzMR_C87pQIa40U?authuser=0&hl=en&rclk=1,"scooter rental in El Nido, Palawan, Philippines",El Nido
Sea Cocoon Hotel,4.4,(508),917 674 1024,https://wa.me/9176741024,,,Scooter Rental,0917 674 1024,https://seacocoon.com/,,,,11.180335,119.3909765,https://www.google.com/maps/place/Sea+Cocoon+Hotel/data=!4m11!3m10!1s0x33b65515bda0d595:0xb84ebfce632fd742!5m3!1s2026-10-31!4m1!1i2!8m2!3d11.180335!4d119.3909765!16s%2Fg%2F1q6j7txxy!19sChIJldWgvRVVtjMRQtcvY86_Trg?authuser=0&hl=en&rclk=1,"scooter rental in El Nido, Palawan, Philippines",El Nido
Sophias Beach Guest House,3.9,(157),981 215 8617,https://wa.me/9812158617,,,Scooter Rental,0981 215 8617,https://www.booking.com/hotel/ph/sophias-beach-guest-house.en-gb.html?aid=304142&label=gen173nr-1FCAEoggI46AdIM1gEaLQBiAEBmAEJuAEYyAEM2AEB6AEB-AEMiAIBqAIEuALuyp64BsACAdICJDE3MWQ5MjkwLTBkYWItNDdhMy1iZDQxLTQ2ZmUwNjdjMDNjOdgCBuACAQ&sid=c2006b25abd40dfd8318ec59d2011a49&all_sr_blocks=911401503_362454506_0_1_0_263786;checkin=2024-10-10;checkout=2024-10-11;dest_id=9114015;dest_type=hotel;dist=0;group_adults=2;group_children=0;hapos=1;highlighted_blocks=911401503_362454506_0_1_0_263786;hpos=1;matching_block_id=911401503_362454506_0_1_0_263786;no_rooms=1;req_adults=2;req_children=0;room1=A%2CA;sb_price_type=total;sr_order=popularity;sr_pri_blocks=911401503_362454506_0_1_0_263786_214326;srepoch=1728554392;srpvid=d4b2464b56420545;type=total;ucfs=1&,,,,11.1685625,119.3955625,https://www.google.com/maps/place/Sophias+Beach+Guest+House/data=!4m11!3m10!1s0x33b65572d8421515:0x354ecf119cd358e4!5m3!1s2026-10-31!4m1!1i2!8m2!3d11.1685625!4d119.3955625!16s%2Fg%2F11bzyx2qn0!19sChIJFRVC2HJVtjMR5FjTnBHPTjU?authuser=0&hl=en&rclk=1,"scooter rental in El Nido, Palawan, Philippines",El Nido
AngelNido Resort,4.2,(159),939 165 8916,https://wa.me/9391658916,,,Scooter Rental,0939 165 8916,http://www.angelnidoresort.com/,,,,11.1889497,119.3955315,https://www.google.com/maps/place/AngelNido+Resort/data=!4m11!3m10!1s0x33b65538b5f36861:0x4a6f7269d819ddd!5m3!1s2026-10-31!4m1!1i2!8m2!3d11.1889497!4d119.3955315!16s%2Fg%2F12qgy63s2!19sChIJYWjztThVtjMR3Z2BnSb3pgQ?authuser=0&hl=en&rclk=1,"scooter rental in El Nido, Palawan, Philippines",El Nido
Amihan Kite Windsurf Cafe,4.9,(79),919 996 6978,https://wa.me/9199966978,,,Scooter Rental,0919 996 6978,,,,,11.3577112,119.5071971,https://www.google.com/maps/place/Amihan+Kite+Windsurf+Cafe/data=!4m7!3m6!1s0x33b7097171373d91:0x28a290d6760eaba9!8m2!3d11.3577112!4d119.5071971!16s%2Fg%2F11k558nxzc!19sChIJkT03cXEJtzMRqasOdtaQoig?authuser=0&hl=en&rclk=1,"scooter rental in El Nido, Palawan, Philippines",El Nido
Eden's Place,4.9,(18),927 123 6998,https://wa.me/9271236998,,,Scooter Rental,0927 123 6998,,,,,11.2986001,119.4271415,https://www.google.com/maps/place/Eden%27s+Place/data=!4m11!3m10!1s0x33b707582b417d17:0x8b130ab897d85d93!5m3!1s2026-10-31!4m1!1i2!8m2!3d11.2986001!4d119.4271415!16s%2Fg%2F11gl5cmpd6!19sChIJF31BK1gHtzMRk13Yl7gKE4s?authuser=0&hl=en&rclk=1,"scooter rental in El Nido, Palawan, Philippines",El Nido
Namal Apartelle,4.1,(56),975 202 2958,https://wa.me/9752022958,,,Scooter Rental,0975 202 2958,http://www.namalapartelle.com/,,,,11.1989888,119.4251508,https://www.google.com/maps/place/Namal+Apartelle/data=!4m11!3m10!1s0x33b701492a5f2b37:0xd9ca0d89f74c713d!5m3!1s2026-10-31!4m1!1i2!8m2!3d11.1989888!4d119.4251508!16s%2Fg%2F11vk_njjdr!19sChIJNytfKkkBtzMRPXFM94kNytk?authuser=0&hl=en&rclk=1,"scooter rental in El Nido, Palawan, Philippines",El Nido
Nacpan Beach,4.6,"(2,294)",,,,,Scooter Rental,,,,,,11.3211895,119.427758,https://www.google.com/maps/place/Nacpan+Beach/data=!4m7!3m6!1s0x33b70778b8e77e77:0x1ca10e91bef9c5e0!8m2!3d11.3211895!4d119.427758!16s%2Fg%2F12vt97dc3!19sChIJd37nuHgHtzMR4MX5vpEOoRw?authuser=0&hl=en&rclk=1,"scooter rental in El Nido, Palawan, Philippines",El Nido
Domes & Dreams Lio,4.9,(72),906 214 8316,https://wa.me/9062148316,,,Scooter Rental,0906 214 8316,,,,,11.2091323,119.4252498,https://www.google.com/maps/place/Domes+%26+Dreams+Lio/data=!4m11!3m10!1s0x33b70199b5b6dabf:0x87e7369f857239e6!5m3!1s2026-10-31!4m1!1i2!8m2!3d11.2091323!4d119.4252498!16s%2Fg%2F11k9kj7m7l!19sChIJv9q2tZkBtzMR5jlyhZ8254c?authuser=0&hl=en&rclk=1,"scooter rental in El Nido, Palawan, Philippines",El Nido
Nacpan - Adventure Travel & Tours,5.0,(6),995 175 4274,https://wa.me/9951754274,,,Embassy,,,,,,11.3128115,119.4219664,https://www.google.com/maps/place/Nacpan+-+Adventure+Travel+%26+Tours/data=!4m7!3m6!1s0x33b70173357013c7:0xa188eb7d068a03f1!8m2!3d11.3128115!4d119.4219664!16s%2Fg%2F11k9k6zpyp!19sChIJxxNwNXMBtzMR8QOKBn3riKE?authuser=0&hl=en&rclk=1,"embassy in El Nido, Palawan, Philippines",El Nido
Nacpan Smal Beach,4.7,(12),,,,,Tourist Information,,,https://lh3.googleusercontent.com/gps-cs-s/APNQkAHxH9SzrmPcnnIiB_ltHkJie3ENAYrXdfHy_ptE81t6kgaRkWhoM-vB7CtccrpDI0xLxUhBc1DTsK_taQwHlB_GHVENARfCCcwKsdT3MIeMi3Hw7_MJ9TNHdS4UuD21WmYT1Npt=w1600-h1200-k-no,,,11.3084454,119.4184936,https://www.google.com/maps/place/Nacpan+Smal+Beach/data=!4m7!3m6!1s0x33b707bd451a3dcb:0xa860bc9b5b146049!8m2!3d11.3084454!4d119.4184936!16s%2Fg%2F11sswn6t1x!19sChIJyz0aRb0HtzMRSWAUW5u8YKg?authuser=0&hl=en&rclk=1,"tourist information in El Nido, Palawan, Philippines",El Nido
Twin Beach,4.4,(255),,,,,Tourist Information,500 pesos,,https://lh3.googleusercontent.com/gps-cs-s/APNQkAGKVrtFcSEQIpJhgpjAUtwT3_EDc39P1NiPKgno_-1DodB3maghXGqgJ1hFpz8UJKRtbNFTSc9l2cdzeL72FqytDNCLvyuNxM-fZXVETjHSPV68bGQ255gLXwgWTEBQ4AktUnVb=w1600-h1200-k-no,,,11.3107429,119.4162466,https://www.google.com/maps/place/Twin+Beach/data=!4m7!3m6!1s0x33b7a9d82090772d:0x416aa4382d5d8756!8m2!3d11.3107429!4d119.4162466!16s%2Fg%2F11cn8sftc8!19sChIJLXeQINiptzMRVoddLTikakE?authuser=0&hl=en&rclk=1,"tourist information in El Nido, Palawan, Philippines",El Nido
Romy's Adventure and Escapade (New),5.0,(1),,,,,Tourist Information,,,https://lh3.googleusercontent.com/gps-cs-s/APNQkAGZFlSMhOeuIIirhGBs5sYuZKqfDESqWI-XqhbgXDu2X6F0kIb-ravjzcoV-IQ1F-BNz4CfyR3bx6a2RB0D6sjRx7t4WijE8AJvEoqnF5MU39bRxb9uFaHpSF8L-vFRSFXUZZAh=w1600-h1200-k-no,,,11.1797637,119.384753,https://www.google.com/maps/place/Romy%27s+Adventure+and+Escapade+%28New%29/data=!4m7!3m6!1s0x33b655c0f1debc69:0x5f2805a060539931!8m2!3d11.1797637!4d119.384753!16s%2Fg%2F11vc4c0wpf!19sChIJabze8cBVtjMRMZlTYKAFKF8?authuser=0&hl=en&rclk=1,"tourist information in El Nido, Palawan, Philippines",El Nido
Nes Expedition Travel & Tours Agency,4.6,(120),,,,,Tourist Information,,,https://lh3.googleusercontent.com/gps-cs-s/APNQkAEQR_Xnkc1i-ZTQFPMKIcwrvu05gvuR6VmAylTz6a7fNomVMBY7lbeaMIzu_k6fiwkWzzjcCdP28sSp_BcoBfqU3FftEb9Ecr0IZT3oKxVRz76Bo7PuDnrPgLGiGYRqC0mvW4Ep1wQlSevs=w1600-h1200-k-no,,,11.1794351,119.387772,https://www.google.com/maps/place/Nes+Expedition+Travel+%26+Tours+Agency/data=!4m7!3m6!1s0x1ea6de17af34a4d:0x84de2fad818d04a4!8m2!3d11.1794351!4d119.387772!16s%2Fg%2F11vzdjz6hp!19sChIJTUrzeuFt6gERpASNga0v3oQ?authuser=0&hl=en&rclk=1,"tourist information in El Nido, Palawan, Philippines",El Nido
Mango Tiger Philippines,4.7,(15),,,,,Tourist Information,,,https://lh3.googleusercontent.com/gps-cs-s/APNQkAGo_r7z2at_xJEw3kzeGWGV4aHt-J4g6A4RqJYGH6MDgGJ89X15BFGbvOMS1QhIWcZYO7AFdNmLJ2JKS8ThCkaQwqwdbTLk5_sijTx-IrdO2zjYes97OS6ua5_lyVxw0hVz-TU1dfCGViI=w1600-h1200-k-no,,,11.1797964,119.3875932,https://www.google.com/maps/place/Mango+Tiger+Philippines/data=!4m7!3m6!1s0x33b6558dfa8decbf:0x2637eb47758ff08!8m2!3d11.1797964!4d119.3875932!16s%2Fg%2F11ylhdh5fp!19sChIJv-yN-o1VtjMRCP9Yd7R-YwI?authuser=0&hl=en&rclk=1,"tourist information in El Nido, Palawan, Philippines",El Nido
Overlap Travel and Tours,4.3,(45),,,,,Tourist Information,,,https://lh3.googleusercontent.com/gps-cs-s/APNQkAGxBfDjPbkVI5yO85TuIfkbTfoQWaSbx9mPduE4rdKu18b8lhLd3itGKHYE90B9wWKW0dXdqJbA0LvWpuPNZMbgVdQoSaNS9dPAHXKkffQcb_sPQk5vIFjNuKagIpAYfBfClqJ0NIDNVFw=w1600-h1200-k-no,,,11.1799179,119.3880776,https://www.google.com/maps/place/Overlap+Travel+and+Tours/data=!4m7!3m6!1s0x33b655bdeaa5c9e9:0xa0cd1f1135d342d3!8m2!3d11.1799179!4d119.3880776!16s%2Fg%2F11vx15yb3q!19sChIJ6cml6r1VtjMR00LTNREfzaA?authuser=0&hl=en&rclk=1,"tourist information in El Nido, Palawan, Philippines",El Nido
GEA TRAVEL AND TOURS,3.9,(12),,,,,Tourist Information,,,https://lh3.googleusercontent.com/gps-cs-s/APNQkAGp-lG5jNsb7l9wjWDQqkBAQzKc8x74wKeFr6TfPz8jBJdQeiB8_rpVj05UNpDWivPqICppk2zQ_SS30IjOBWBPG5yafLEQUPYcxcF9uEgszuLan7WFZXoqtp-cOvDLmWWM5AA=w1600-h1200-k-no,,,11.1817267,119.3917463,https://www.google.com/maps/place/GEA+TRAVEL+AND+TOURS/data=!4m7!3m6!1s0x33b655bf8d06a28b:0xa9c34a04f0c8097c!8m2!3d11.1817267!4d119.3917463!16s%2Fg%2F11hdng_5f8!19sChIJi6IGjb9VtjMRfAnI8ARKw6k?authuser=0&hl=en&rclk=1,"tourist information in El Nido, Palawan, Philippines",El Nido
"Kawan Restaurant and Bar by Eco Sanctuaries, Nacpan Beach",4.8,(214),,,,,Coworking Space,,,https://lh3.googleusercontent.com/gps-cs-s/APNQkAHSmHjydytnKvwKd9BsCy-ZvRhG3melfsC3mhKkOBEPQ0WXJCttKm6Wm-PoyLLbkWz1Y8ezQkmNLxIuE6lN1iUvzScCQqSnWVbFs_PERuDxbdMPi7cDL0OPKZmfXRy61QQWG9mn=w1600-h1200-k-no,,,11.3179609,119.4269487,"https://www.google.com/maps/place/Kawan+Restaurant+and+Bar+by+Eco+Sanctuaries,+Nacpan+Beach/data=!4m7!3m6!1s0x33b707c1ac2c8fa9:0x6d83deacbcbd4e17!8m2!3d11.3179609!4d119.4269487!16s%2Fg%2F11tjw67gx3!19sChIJqY8srMEHtzMRF069vKzeg20?authuser=0&hl=en&rclk=1","coworking space in El Nido, Palawan, Philippines",El Nido
Mayumi Tattoo El Nido,4.9,(264),918 365 6006,https://wa.me/9183656006,,,ATM,0918 365 6006,https://instagram.com/mayumi_tattoo_palawan?igshid=YTQwZjQ0NmI0OA==,,,,11.1783071,119.3906379,https://www.google.com/maps/place/Mayumi+Tattoo+El+Nido/data=!4m7!3m6!1s0x33b655e3a40eec95:0x5eb59cf13f10abaa!8m2!3d11.1783071!4d119.3906379!16s%2Fg%2F11vlhn3557!19sChIJlewOpONVtjMRqqsQP_GctV4?authuser=0&hl=en&rclk=1,"atm in El Nido, Palawan, Philippines",El Nido
I-Land dental care,4.5,(17),968 858 0918,https://wa.me/9688580918,,,Medical Clinic,0968 858 0918,,,,,11.1723081,119.3942585,https://www.google.com/maps/place/I-Land+dental+care/data=!4m7!3m6!1s0x33b655003e592db1:0x4c3bfb76c69ea53f!8m2!3d11.1723081!4d119.3942585!16s%2Fg%2F11y2n1pjsy!19sChIJsS1ZPgBVtjMRP6Wexnb7O0w?authuser=0&hl=en&rclk=1,"medical clinic in El Nido, Palawan, Philippines",El Nido
"〰️ Yoga Tayo 〰️ Yoga, Pilates, & Wellness Studio",5.0,(18),,,,,Gym,,,https://lh3.googleusercontent.com/gps-cs-s/APNQkAHEH4BVjsrezfShpAMXvTLv5MkDg9KxkLpUO-LKSIITpu8LKB23C9e3a8AMo3KDAUePqCnD5yIWoCSJFE1P9DfegpxL1ItPlT3ZDnS4Ut2TAczKQ1eDqI8ICpEYw0VkTmzMKr6M_td6-Tjt=w1600-h1200-k-no,,,11.2081236,119.4164667,"https://www.google.com/maps/place/%E3%80%B0%EF%B8%8F+Yoga+Tayo+%E3%80%B0%EF%B8%8F+Yoga,+Pilates,+%26+Wellness+Studio/data=!4m7!3m6!1s0x33b7ab9a52aeb19b:0x2814126fdced0786!8m2!3d11.2081236!4d119.4164667!16s%2Fg%2F11mk9s128k!19sChIJm7GuUpqrtzMRhgft3G8SFCg?authuser=0&hl=en&rclk=1","gym in El Nido, Palawan, Philippines",El Nido
Om Nom Nom 👌🏽 Brunch Café,4.8,(225),,,,,Gym,,,https://lh3.googleusercontent.com/gps-cs-s/APNQkAHRRoAFI7lBD0YMBWEz-4FKMYTHlqOJWih1ECvVjzd4twYa2vaQR8l2NKj-ZuY8SH2g9TyoMd4soXzJy7FTM-ppJrS_coUEA9E3qn1yS9TSfcMX68pDs9XccFRC9RCnE_4948KLNw=w1600-h1200-k-no,,,11.2082258,119.4164495,https://www.google.com/maps/place/Om+Nom+Nom+%F0%9F%91%8C%F0%9F%8F%BD+Brunch+Caf%C3%A9/data=!4m7!3m6!1s0x33b7ab043b49d711:0xf08550ab4759274e!8m2!3d11.2082258!4d119.4164495!16s%2Fg%2F11tfbb6nff!19sChIJEddJOwSrtzMRTidZR6tQhfA?authuser=0&hl=en&rclk=1,"gym in El Nido, Palawan, Philippines",El Nido
El Nido yoga studio Breeze,5.0,(6),,,,,Gym,,,https://lh3.googleusercontent.com/gps-cs-s/APNQkAGJFEZdS23ovUB22lIQjsGxOG9pmiteGNMjE2X4DS2oRdA98r9IQZ1ARWjC1YOYJW70h5RRysFc5H7-Qiyt7GlONznIk6v7lk44Y_vQiMhM7SFRoq6qEhZ8ix4qeu_6DsHV1W0fjw=w1600-h1200-k-no,,,11.1883952,119.3951111,https://www.google.com/maps/place/El+Nido+yoga+studio+Breeze/data=!4m7!3m6!1s0x33b6556d86d97d43:0x3f52554106c84bc0!8m2!3d11.1883952!4d119.3951111!16s%2Fg%2F11v68mzhwq!19sChIJQ33Zhm1VtjMRwEvIBkFVUj8?authuser=0&hl=en&rclk=1,"gym in El Nido, Palawan, Philippines",El Nido
Happiness Beach Bar,4.7,"(2,865)",927 419 5288,https://wa.me/9274195288,,,Public Wi-Fi,0927 419 5288,https://www.happinessphilippines.com/,,,,11.18018,119.3883365,https://www.google.com/maps/place/Happiness+Beach+Bar/data=!4m11!3m10!1s0x33b6559efcae3ba5:0xabbc18a6f3b410a!5m3!1s2026-10-31!4m1!1i2!8m2!3d11.18018!4d119.3883365!16s%2Fg%2F11cnd5mk42!19sChIJpTuu_J5VtjMRCkE7b4rBuwo?authuser=0&hl=en&rclk=1,"public wifi in El Nido, Palawan, Philippines",El Nido
Happy Monkey Hostel Bar & cafe,4.8,(17),,,,,Public Wi-Fi,,,,,,11.1972041,119.4210773,https://www.google.com/maps/place/Happy+Monkey+Hostel+Bar+%26+cafe/data=!4m11!3m10!1s0x33b6ff7a171208c1:0xfd26835cfc3eb86!5m3!1s2026-10-31!4m1!1i2!8m2!3d11.1972041!4d119.4210773!16s%2Fg%2F11w8dbqk43!19sChIJwQgSF3r_tjMRhuvDzzVo0g8?authuser=0&hl=en&rclk=1,"public wifi in El Nido, Palawan, Philippines",El Nido
Ille Cave,4.7,(230),,,,,Embassy,,https://www.elnidoparadise.com/el-nido-inland-tours/the-ille-cave/,,,,11.1966962,119.5064087,https://www.google.com/maps/place/Ille+Cave/data=!4m7!3m6!1s0x33b701f97335a0b7:0x22c7cbc6af0ed5d1!8m2!3d11.1966962!4d119.5064087!16s%2Fg%2F11f3n938j_!19sChIJt6A1c_kBtzMR0dUOr8bLxyI?authuser=0&hl=en&rclk=1,"embassy in El Nido, Palawan, Philippines",El Nido
Dagmay Beach,4.8,(40),,,,,Embassy,,,,,,11.3729375,119.4769219,https://www.google.com/maps/place/Dagmay+Beach/data=!4m7!3m6!1s0x33b708928919cd95:0xe1e76d2a629d2182!8m2!3d11.3729375!4d119.4769219!16s%2Fg%2F11c1qwlmt4!19sChIJlc0ZiZIItzMRgiGdYipt5-E?authuser=0&hl=en&rclk=1,"embassy in El Nido, Palawan, Philippines",El Nido
Ocean Vista building space rental,3.7,(7),,,,,Coworking Space,,,https://lh3.googleusercontent.com/gps-cs-s/APNQkAE8gITI54r33RS7NcEFKRYU7HDSw5HLVrg0sf5Bhdm6bq2IZmjNrFyNqxlD5a7kvk_A3TbRjE79uNTHCm9WsLy4SlCYs9OTR3KQw_U3H3PYGLyRW5O7R4djiuJsIMnOH5S-IVhHog=w1600-h1200-k-no,,,11.1801905,119.3883546,https://www.google.com/maps/place/Ocean+Vista+building+space+rental/data=!4m7!3m6!1s0x33b6551676c807d5:0xcaa9c83d75c6d40c!8m2!3d11.1801905!4d119.3883546!16s%2Fg%2F11clvv303_!19sChIJ1QfIdhZVtjMRDNTGdT3Iqco?authuser=0&hl=en&rclk=1,"coworking space in El Nido, Palawan, Philippines",El Nido
Pamuayan Falls,4.5,(359),,,,,Bank,,,,,,10.4167918,119.202385,https://www.google.com/maps/place/Pamuayan+Falls/data=!4m7!3m6!1s0x33b5dacfd3bc153b:0x94adb69fa5f3ee5e!8m2!3d10.4167918!4d119.202385!16s%2Fg%2F11c5_hv8x1!19sChIJOxW808_atTMRXu7zpZ-2rZQ?authuser=0&hl=en&rclk=1,"bank in Port Barton, Palawan, Philippines",Port Barton
Bigaho falls,4.6,(136),,,,,Bank,,,,,,10.45848,119.2170624,https://www.google.com/maps/place/Bigaho+falls/data=!4m7!3m6!1s0x33b5da58c64df3a9:0xc8c185db704e6638!8m2!3d10.45848!4d119.2170624!16s%2Fg%2F11f122d6gc!19sChIJqfNNxljatTMROGZOcNuFwcg?authuser=0&hl=en&rclk=1,"bank in Port Barton, Palawan, Philippines",Port Barton
Sunset Colors Frontbeach cottages and Resto,4.1,(164),966 207 6247,https://wa.me/9662076247,,,Bank,0966 207 6247,http://sunsetcolors.strikingly.com/,,,,10.4524265,119.19312,https://www.google.com/maps/place/Sunset+Colors+Frontbeach+cottages+and+Resto/data=!4m11!3m10!1s0x33b5daf8e6b58e6d:0x1e6e26556e7abfda!5m3!1s2026-10-31!4m1!1i2!8m2!3d10.4524265!4d119.19312!16s%2Fg%2F11bvt6rm_r!19sChIJbY615vjatTMR2r96blUmbh4?authuser=0&hl=en&rclk=1,"bank in Port Barton, Palawan, Philippines",Port Barton
Capsalay Long Beach,4.6,(59),,,,,Bank,,,,,,10.4566178,119.177767,https://www.google.com/maps/place/Capsalay+Long+Beach/data=!4m7!3m6!1s0x33b5dbd42714a107:0xd1f37edd5b898d39!8m2!3d10.4566178!4d119.177767!16s%2Fg%2F11t0ty3697!19sChIJB6EUJ9TbtTMROY2JW91-89E?authuser=0&hl=en&rclk=1,"bank in Port Barton, Palawan, Philippines",Port Barton
Tentstar Eco-Resort,4.5,(36),905 449 7943,https://wa.me/9054497943,,,Bank,0905 449 7943,http://www.tentstar.org/,,,,10.4250945,119.1846775,https://www.google.com/maps/place/Tentstar+Eco-Resort/data=!4m11!3m10!1s0x33b5db939d479217:0xb1c07cf0656b6e4b!5m3!1s2026-10-31!4m1!1i2!8m2!3d10.4250945!4d119.1846775!16s%2Fg%2F11gkrxrx_y!19sChIJF5JHnZPbtTMRS25rZfB8wLE?authuser=0&hl=en&rclk=1,"bank in Port Barton, Palawan, Philippines",Port Barton
Faith Tourist Inn Port Barton Beachfront Cottages,4.9,(89),965 931 6396,https://wa.me/9659316396,,,Public Wi-Fi,0965 931 6396,,,,,10.452651,119.1934077,https://www.google.com/maps/place/Faith+Tourist+Inn+Port+Barton+Beachfront+Cottages/data=!4m11!3m10!1s0x33b5dba4e2961069:0x9a041123b8ec9474!5m3!1s2026-10-31!4m1!1i2!8m2!3d10.452651!4d119.1934077!16s%2Fg%2F11st8x07gg!19sChIJaRCW4qTbtTMRdJTsuCMRBJo?authuser=0&hl=en&rclk=1,"public wifi in Port Barton, Palawan, Philippines",Port Barton
Pamuayan Beach,4.3,(94),,,,,Public Wi-Fi,,,,,,10.4329237,119.1876989,https://www.google.com/maps/place/Pamuayan+Beach/data=!4m7!3m6!1s0x33b5dadfa593da83:0x24d9b091d6ea795b!8m2!3d10.4329237!4d119.1876989!16s%2Fg%2F11f354jrrz!19sChIJg9qTpd_atTMRW3nq1pGw2SQ?authuser=0&hl=en&rclk=1,"public wifi in Port Barton, Palawan, Philippines",Port Barton
Toby and Thelmas Island Camping Adventure,4.8,(56),,,,,Public Wi-Fi,,http://palawancamping.com/,,,,10.4760805,119.2150497,https://www.google.com/maps/place/Toby+and+Thelmas+Island+Camping+Adventure/data=!4m7!3m6!1s0x33b5da138c0d85f1:0x55ad8b0e65a922d2!8m2!3d10.4760805!4d119.2150497!16s%2Fg%2F1ptybsrdz!19sChIJ8YUNjBPatTMR0iKpZQ6LrVU?authuser=0&hl=en&rclk=1,"public wifi in Port Barton, Palawan, Philippines",Port Barton
Leaning Palm Tree,4.5,(20),,,,,Tourist Information,,,,,,10.4309539,119.1864765,https://www.google.com/maps/place/Leaning+Palm+Tree/data=!4m7!3m6!1s0x33b5db0049b8e3fd:0xa940c7e49af70636!8m2!3d10.4309539!4d119.1864765!16s%2Fg%2F11vt0nq53x!19sChIJ_eO4SQDbtTMRNgb3muTHQKk?authuser=0&hl=en&rclk=1,"tourist information in Port Barton, Palawan, Philippines",Port Barton
Gilligans Port Barton,4.9,(58),966 964 4016,https://wa.me/9669644016,,,Tourist Information,0966 964 4016,http://www.gilligansportbarton.com/,,,,10.4560278,119.2027769,https://www.google.com/maps/place/Gilligans+Port+Barton/data=!4m11!3m10!1s0x33b5dcbfffffffe1:0xa342ff0381008840!5m3!1s2026-10-31!4m1!1i2!8m2!3d10.4560278!4d119.2027769!16s%2Fg%2F11bxsm853v!19sChIJ4f___7_ctTMRQIgAgQP_QqM?authuser=0&hl=en&rclk=1,"tourist information in Port Barton, Palawan, Philippines",Port Barton
Prince John Resort,4.1,(244),995 965 5231,https://wa.me/9959655231,,,Tourist Information,0995 965 5231,https://hotel-ph.com/,,,,10.453339,119.193901,https://www.google.com/maps/place/Prince+John+Resort/data=!4m11!3m10!1s0x33b5daf88ca38201:0x56fa5980b8f88cd!5m3!1s2026-10-31!4m1!1i2!8m2!3d10.453339!4d119.193901!16s%2Fg%2F11cs6wsmp9!19sChIJAYKjjPjatTMRzYiPC5ilbwU?authuser=0&hl=en&rclk=1,"tourist information in Port Barton, Palawan, Philippines",Port Barton
Paragua Coastown,4.8,(14),966 744 9385,https://wa.me/9667449385,,,Tourist Information,0966 744 9385,http://www.paraguacoastown.org/,,,,10.4955584,119.2620197,https://www.google.com/maps/place/Paragua+Coastown/data=!4m7!3m6!1s0x33b5d76fcbe8008b:0x45dd272b221a02ce!8m2!3d10.4955584!4d119.2620197!16s%2Fg%2F11rq3y2vg1!19sChIJiwDoy2_XtTMRzgIaIisn3UU?authuser=0&hl=en&rclk=1,"tourist information in Port Barton, Palawan, Philippines",Port Barton
EVIO front beach cottages,4.4,(15),,,,,Tourist Information,,,,,,10.4321307,119.1874045,https://www.google.com/maps/place/EVIO+front+beach+cottages/data=!4m11!3m10!1s0x33b5db84573c5429:0xa2ff315559c0f565!5m3!1s2026-10-31!4m1!1i2!8m2!3d10.4321307!4d119.1874045!16s%2Fg%2F11h1g3c1g7!19sChIJKVQ8V4TbtTMRZfXAWVUx_6I?authuser=0&hl=en&rclk=1,"tourist information in Port Barton, Palawan, Philippines",Port Barton
Camping palawan,4.4,(14),,,,,Tourist Information,,,,,,10.47781,119.2158075,https://www.google.com/maps/place/Camping+palawan/data=!4m7!3m6!1s0x33b5db242bcc9d5f:0x3836c5c9b7dfb09e!8m2!3d10.47781!4d119.2158075!16s%2Fg%2F11h191w3tx!19sChIJX53MKyTbtTMRnrDft8nFNjg?authuser=0&hl=en&rclk=1,"tourist information in Port Barton, Palawan, Philippines",Port Barton
Tagak’s Nest Eco Camping,3.9,(7),915 311 8168,https://wa.me/9153118168,,https://web.facebook.com/profile.php?id=61556492174280#,Tourist Information,0915 311 8168,https://web.facebook.com/profile.php?id=61556492174280#,,,,10.4548482,119.203796,https://www.google.com/maps/place/Tagak%E2%80%99s+Nest+Eco+Camping/data=!4m7!3m6!1s0x33b5db57dc49946d:0x93d37c5a9aff560d!8m2!3d10.4548482!4d119.203796!16s%2Fg%2F11vpg7kdzt!19sChIJbZRJ3FfbtTMRDVb_mlp805M?authuser=0&hl=en&rclk=1,"tourist information in Port Barton, Palawan, Philippines",Port Barton
Port Barton Bay,4.6,(15),,,,,Tourist Information,,,,,,10.4408493,119.179765,https://www.google.com/maps/place/Port+Barton+Bay/data=!4m7!3m6!1s0x33b5db0f9c2f6e49:0x43057ef74ee99722!8m2!3d10.4408493!4d119.179765!16s%2Fg%2F1ptw7m_rf!19sChIJSW4vnA_btTMRIpfpTvd-BUM?authuser=0&hl=en&rclk=1,"tourist information in Port Barton, Palawan, Philippines",Port Barton
BDO ATM SM City Puerto Princesa Mall Area,3.5,(2),,,,,ATM,202 SM City,,,,,9.7432088,118.740331,https://www.google.com/maps/place/BDO+ATM+SM+City+Puerto+Princesa+Mall+Area/data=!4m7!3m6!1s0x33b5637d67a4f315:0x7301b2bb41ecb4ff!8m2!3d9.7432088!4d118.740331!16s%2Fg%2F11fnc7_dzn!19sChIJFfOkZ31jtTMR_7TsQbuyAXM?authuser=0&hl=en&rclk=1,"atm in Puerto Princesa, Palawan, Philippines",Puerto Princesa
BPI Puerto Princesa San Pedro Branch ATM & CAM,3.8,(5),,,,,ATM,132 Nat,https://www.bpi.com.ph/,,,,9.7563621,118.7476782,https://www.google.com/maps/place/BPI+Puerto+Princesa+San+Pedro+Branch+ATM+%26+CAM/data=!4m7!3m6!1s0x33b563948a88e005:0x432094d258be0bde!8m2!3d9.7563621!4d118.7476782!16s%2Fg%2F1pzw23x6n!19sChIJBeCIipRjtTMR3gu-WNKUIEM?authuser=0&hl=en&rclk=1,"atm in Puerto Princesa, Palawan, Philippines",Puerto Princesa
Landbank ATM Puerto Princesa City Hall,5.0,(1),,,,,ATM,,,,,,9.7830822,118.7313479,https://www.google.com/maps/place/Landbank+ATM+Puerto+Princesa+City+Hall/data=!4m7!3m6!1s0x33b5630022e3dd7d:0x6174d7dcc258e953!8m2!3d9.7830822!4d118.7313479!16s%2Fg%2F11ypw8pdhq!19sChIJfd3jIgBjtTMRU-lYwtzXdGE?authuser=0&hl=en&rclk=1,"atm in Puerto Princesa, Palawan, Philippines",Puerto Princesa
BDO SM City Puerto Princesa Dept. Store Back Office ATM,5.0,(1),,,,,ATM,,,,,,9.7431903,118.7404831,https://www.google.com/maps/place/BDO+SM+City+Puerto+Princesa+Dept.+Store+Back+Office+ATM/data=!4m7!3m6!1s0x33b56382915f4b15:0xe2040f2a1c8f52af!8m2!3d9.7431903!4d118.7404831!16s%2Fg%2F11fnc7vrvy!19sChIJFUtfkYJjtTMRr1KPHCoPBOI?authuser=0&hl=en&rclk=1,"atm in Puerto Princesa, Palawan, Philippines",Puerto Princesa
BPI Caap Puerto Princesa Airport ATM,4.6,(5),,,,,ATM,,https://www.bpi.com.ph/,,,,9.7459261,118.7512766,https://www.google.com/maps/place/BPI+Caap+Puerto+Princesa+Airport+ATM/data=!4m7!3m6!1s0x33b563fa446272cf:0x73171c0d294c8ae5!8m2!3d9.7459261!4d118.7512766!16s%2Fg%2F11gg9f8p09!19sChIJz3JiRPpjtTMR5YpMKQ0cF3M?authuser=0&hl=en&rclk=1,"atm in Puerto Princesa, Palawan, Philippines",Puerto Princesa
RCBC ATM - Robinsons Palawan,3.5,(2),,,,,ATM,8877 7222,https://www.rcbc.com/,,,,9.7662413,118.7483078,https://www.google.com/maps/place/RCBC+ATM+-+Robinsons+Palawan/data=!4m7!3m6!1s0x33b563bf0fac5611:0xbfd7619d564a769a!8m2!3d9.7662413!4d118.7483078!16s%2Fg%2F11rcnwpwj0!19sChIJEVasD79jtTMRmnZKVp1h178?authuser=0&hl=en&rclk=1,"atm in Puerto Princesa, Palawan, Philippines",Puerto Princesa
Asia United Bank ATM - Puerto Princesa,5.0,(2),,,,,ATM,,,,,,9.7410908,118.7438204,https://www.google.com/maps/place/Asia+United+Bank+ATM+-+Puerto+Princesa/data=!4m7!3m6!1s0x33b56395fb0b9513:0x9cc48cd06bc3c703!8m2!3d9.7410908!4d118.7438204!16s%2Fg%2F11f652lzh7!19sChIJE5UL-5VjtTMRA8fDa9CMxJw?authuser=0&hl=en&rclk=1,"atm in Puerto Princesa, Palawan, Philippines",Puerto Princesa
BPI ATM,5.0,(1),,,,,ATM,,,,,,9.8017598,118.6952578,https://www.google.com/maps/place/BPI+ATM/data=!4m7!3m6!1s0x33b5630032b18b55:0x7eb532ff17df4a4e!8m2!3d9.8017598!4d118.6952578!16s%2Fg%2F11mm487d0f!19sChIJVYuxMgBjtTMRTkrfF_8ytX4?authuser=0&hl=en&rclk=1,"atm in Puerto Princesa, Palawan, Philippines",Puerto Princesa
First Consolidated Bank - Puerto Princesa City,3.9,(10),(048) 433 9229,https://wa.me/0484339229,,,ATM,433 9229,,,,,9.75709,118.7472803,https://www.google.com/maps/place/First+Consolidated+Bank+-+Puerto+Princesa+City/data=!4m7!3m6!1s0x33b563945f836829:0xc364b80ca4a43265!8m2!3d9.75709!4d118.7472803!16s%2Fg%2F1hc26_m9v!19sChIJKWiDX5RjtTMRZTKkpAy4ZMM?authuser=0&hl=en&rclk=1,"atm in Puerto Princesa, Palawan, Philippines",Puerto Princesa
BDO SM City Puerto Princesa,3.5,(40),(048) 433 2914,https://wa.me/0484332914,,,ATM,433 2914,https://bdo.com.ph/,,,,9.743112,118.7390435,https://www.google.com/maps/place/BDO+SM+City+Puerto+Princesa/data=!4m7!3m6!1s0x33b5630e47c0e26f:0x7ad25a1af1a65c42!8m2!3d9.743112!4d118.7390435!16s%2Fg%2F11h04np0vg!19sChIJb-LARw5jtTMRQlym8Rpa0no?authuser=0&hl=en&rclk=1,"atm in Puerto Princesa, Palawan, Philippines",Puerto Princesa
Robinsons Bank and ATM,4.0,(3),(048) 433 0055,https://wa.me/0484330055,,,ATM,433 0055,,,,,9.766962,118.748897,https://www.google.com/maps/place/Robinsons+Bank+and+ATM/data=!4m7!3m6!1s0x33b563997fef2c1d:0x99345fcde296d13c!8m2!3d9.766962!4d118.748897!16s%2Fg%2F1pzw39q4l!19sChIJHSzvf5ljtTMRPNGW4s1fNJk?authuser=0&hl=en&rclk=1,"atm in Puerto Princesa, Palawan, Philippines",Puerto Princesa
Palawan Provincial Capitol,4.3,(37),(048) 123 4567,https://wa.me/0481234567,,,ATM,,http://www.palawan.gov.ph/,,,,9.7393904,118.7440962,https://www.google.com/maps/place/Palawan+Provincial+Capitol/data=!4m7!3m6!1s0x33b563e0bb70d243:0x8abcfb6592897ba5!8m2!3d9.7393904!4d118.7440962!16s%2Fg%2F1vzqpt6t!19sChIJQ9Jwu-BjtTMRpXuJkmX7vIo?authuser=0&hl=en&rclk=1,"atm in Puerto Princesa, Palawan, Philippines",Puerto Princesa
RCBC BRANCH - PALAWAN,4.0,(4),(048) 433 2091,https://wa.me/0484332091,,,ATM,433 2091,https://www.rcbc.com/,,,,9.7401882,118.7441714,https://www.google.com/maps/place/RCBC+BRANCH+-+PALAWAN/data=!4m7!3m6!1s0x33b563e74eceff75:0x616af268ac051b34!8m2!3d9.7401882!4d118.7441714!16s%2Fg%2F11b6hv2rv1!19sChIJdf_OTudjtTMRNBsFrGjyamE?authuser=0&hl=en&rclk=1,"atm in Puerto Princesa, Palawan, Philippines",Puerto Princesa
ChinaBank Puerto Princesa City,5.0,(2),,,,,ATM,,,,,,9.7424838,118.7364665,https://www.google.com/maps/place/ChinaBank+Puerto+Princesa+City/data=!4m7!3m6!1s0x33b563001bffeac3:0xae83127ab031352f!8m2!3d9.7424838!4d118.7364665!16s%2Fg%2F11w2fj0b5k!19sChIJw-r_GwBjtTMRLzUxsHoSg64?authuser=0&hl=en&rclk=1,"atm in Puerto Princesa, Palawan, Philippines",Puerto Princesa
BDO Puerto Princesa - San Pedro,4.3,(25),(048) 433 0361,https://wa.me/0484330361,,,ATM,433 0361,https://bdo.com.ph/,,,,9.7551307,118.7470922,https://www.google.com/maps/place/BDO+Puerto+Princesa+-+San+Pedro/data=!4m7!3m6!1s0x33b56394cf2905b1:0x82d2b5960a0eafbc!8m2!3d9.7551307!4d118.7470922!16s%2Fg%2F11dxnskyn3!19sChIJsQUpz5RjtTMRvK8OCpa10oI?authuser=0&hl=en&rclk=1,"atm in Puerto Princesa, Palawan, Philippines",Puerto Princesa
RCBC BRANCH - PUERTO PRINCESA,5.0,(1),(048) 433 0365,https://wa.me/0484330365,,,ATM,433 0365,https://www.rcbc.com/,,,,9.740519,118.7371222,https://www.google.com/maps/place/RCBC+BRANCH+-+PUERTO+PRINCESA/data=!4m7!3m6!1s0x33b5633b5520ea71:0x5df15cbfc8fcc7c0!8m2!3d9.740519!4d118.7371222!16s%2Fg%2F11j030hxkp!19sChIJceogVTtjtTMRwMf8yL9c8V0?authuser=0&hl=en&rclk=1,"atm in Puerto Princesa, Palawan, Philippines",Puerto Princesa
Robinsons Bank Palawan Branch,3.5,(2),(048) 433 0054,https://wa.me/0484330054,,,ATM,433 0054,,,,,9.7674672,118.748174,https://www.google.com/maps/place/Robinsons+Bank+Palawan+Branch/data=!4m7!3m6!1s0x33b5630be859cd53:0x3741a278faedcfef!8m2!3d9.7674672!4d118.748174!16s%2Fg%2F11hz2lccb0!19sChIJU81Z6AtjtTMR78_t-niiQTc?authuser=0&hl=en&rclk=1,"atm in Puerto Princesa, Palawan, Philippines",Puerto Princesa
Philippine National Bank,3.8,(8),(048) 434 3742,https://wa.me/0484343742,,,ATM,434 3742,,,,,9.7405963,118.7363727,https://www.google.com/maps/place/Philippine+National+Bank/data=!4m7!3m6!1s0x33b563dbe3a1ceed:0xf881e334a9321499!8m2!3d9.7405963!4d118.7363727!16s%2Fg%2F11r9hhf0p!19sChIJ7c6h49tjtTMRmRQyqTTjgfg?authuser=0&hl=en&rclk=1,"atm in Puerto Princesa, Palawan, Philippines",Puerto Princesa
Security Bank - Puerto Princesa,4.0,(20),(048) 433 0052,https://wa.me/0484330052,,,ATM,433 0052,https://www.securitybank.com/,,,,9.7401059,118.738689,https://www.google.com/maps/place/Security+Bank+-+Puerto+Princesa/data=!4m7!3m6!1s0x33b563dea1ce6343:0x55dfef501acce6f9!8m2!3d9.7401059!4d118.738689!16s%2Fg%2F11c59n7_l_!19sChIJQ2POod5jtTMR-ebMGlDv31U?authuser=0&hl=en&rclk=1,"atm in Puerto Princesa, Palawan, Philippines",Puerto Princesa
malvar st,5.0,(1),,,,,ATM,,,,,,9.7408786,118.7404213,https://www.google.com/maps/place/malvar+st/data=!4m7!3m6!1s0x33b563dd2d49f133:0xdaf90e370e1e9998!8m2!3d9.7408786!4d118.7404213!16s%2Fg%2F11l5dllch9!19sChIJM_FJLd1jtTMRmJkeDjcO-do?authuser=0&hl=en&rclk=1,"atm in Puerto Princesa, Palawan, Philippines",Puerto Princesa
SM City Puerto Princesa,4.4,"(2,878)",,,,,ATM,,https://www.smsupermalls.com/mall-directory/sm-city-puerto-princesa/information/?utm_source=GMB&utm_medium=directory&utm_campaign=mall_hours,,,,9.7439738,118.7402726,https://www.google.com/maps/place/SM+City+Puerto+Princesa/data=!4m7!3m6!1s0x33b563abfe970495:0xd6baf36829254819!8m2!3d9.7439738!4d118.7402726!16s%2Fg%2F11ghpy7jjt!19sChIJlQSX_qtjtTMRGUglKWjzutY?authuser=0&hl=en&rclk=1,"atm in Puerto Princesa, Palawan, Philippines",Puerto Princesa
Puerto Princesa City Hall,4.4,(175),915 846 5595,https://wa.me/9158465595,,,ATM,0915 846 5595,http://puertoprincesa.ph/,,,,9.7828183,118.7314558,https://www.google.com/maps/place/Puerto+Princesa+City+Hall/data=!4m7!3m6!1s0x33b5630f827842b1:0x7bcf4efeb601e97!8m2!3d9.7828183!4d118.7314558!16s%2Fg%2F1td6vnbc!19sChIJsUJ4gg9jtTMRlx5g6-_0vAc?authuser=0&hl=en&rclk=1,"atm in Puerto Princesa, Palawan, Philippines",Puerto Princesa
Robinsons Supermarket Palawan,4.4,"(2,101)",(048) 433 0061,https://wa.me/0484330061,,,ATM,433 0061,https://www.robinsonssupermarket.com.ph/,,,,9.7667032,118.7484694,https://www.google.com/maps/place/Robinsons+Supermarket+Palawan/data=!4m7!3m6!1s0x33b5639bd3408c7d:0x4df14e9410f7d6d4!8m2!3d9.7667032!4d118.7484694!16s%2Fg%2F11b6jgk97p!19sChIJfYxA05tjtTMR1Nb3EJRO8U0?authuser=0&hl=en&rclk=1,"atm in Puerto Princesa, Palawan, Philippines",Puerto Princesa
Robinsons Place Palawan,4.2,"(3,814)",,,,,ATM,79 Barangay,,,,,9.7670357,118.7482247,https://www.google.com/maps/place/Robinsons+Place+Palawan/data=!4m7!3m6!1s0x33b56375d3e1fb21:0xfd47556795c9ecb2!8m2!3d9.7670357!4d118.7482247!16s%2Fm%2F0glpw45!19sChIJIfvh03VjtTMRsuzJlWdVR_0?authuser=0&hl=en&rclk=1,"atm in Puerto Princesa, Palawan, Philippines",Puerto Princesa
DBP Bill Payments,5.0,(1),(048) 434 1512,https://wa.me/0484341512,,,ATM,434 1512,,,,,9.7399513,118.741798,https://www.google.com/maps/place/DBP+Bill+Payments/data=!4m7!3m6!1s0x33b563de0a9cb85b:0x47978c32d62242af!8m2!3d9.7399513!4d118.741798!16s%2Fg%2F1pzplgthc!19sChIJW7icCt5jtTMRr0Ii1jKMl0c?authuser=0&hl=en&rclk=1,"atm in Puerto Princesa, Palawan, Philippines",Puerto Princesa
AFPSLAI Palawan,4.8,(15),,,,,ATM,,,,,,9.7656535,118.7447147,https://www.google.com/maps/place/AFPSLAI+Palawan/data=!4m7!3m6!1s0x33b563e3a729a475:0x31dab5230ddcb733!8m2!3d9.7656535!4d118.7447147!16s%2Fg%2F11kqwj2rgg!19sChIJdaQpp-NjtTMRM7fcDSO12jE?authuser=0&hl=en&rclk=1,"atm in Puerto Princesa, Palawan, Philippines",Puerto Princesa
Palawan Pawnshop,3.6,(39),(048) 434 8377,https://wa.me/0484348377,,,ATM,170 Rizal Avenue,,,,,9.7403494,118.7360992,https://www.google.com/maps/place/Palawan+Pawnshop/data=!4m7!3m6!1s0x33b563d95ee851e7:0x116c7b1427aa45ff!8m2!3d9.7403494!4d118.7360992!16s%2Fg%2F11sq53jy1x!19sChIJ51HoXtljtTMR_0WqJxR7bBE?authuser=0&hl=en&rclk=1,"atm in Puerto Princesa, Palawan, Philippines",Puerto Princesa
NCCC Mall Palawan,4.4,(706),(048) 433 2630,https://wa.me/0484332630,,,ATM,89 Lacao St,http://www.nccc.com.ph/,,,,9.7391083,118.7409206,https://www.google.com/maps/place/NCCC+Mall+Palawan/data=!4m7!3m6!1s0x33b563de65b89b35:0x2418803248f8dff6!8m2!3d9.7391083!4d118.7409206!16s%2Fg%2F11b66dqjdr!19sChIJNZu4Zd5jtTMR9t_4SDKAGCQ?authuser=0&hl=en&rclk=1,"atm in Puerto Princesa, Palawan, Philippines",Puerto Princesa
Chinatown Center Palawan,3.9,(493),917 773 3556,https://wa.me/9177733556,,,ATM,0917 773 3556,,,,,9.7417354,118.736376,https://www.google.com/maps/place/Chinatown+Center+Palawan/data=!4m7!3m6!1s0x33b563dbecd815a7:0x1194accca17f5e2a!8m2!3d9.7417354!4d118.736376!16s%2Fg%2F11clwfqkfp!19sChIJpxXY7NtjtTMRKl5_ocyslBE?authuser=0&hl=en&rclk=1,"atm in Puerto Princesa, Palawan, Philippines",Puerto Princesa
DJI Authorised Store SM Palawan Puerto Princesa,4.8,(79),995 850 0610,https://wa.me/9958500610,,https://web.facebook.com/djipalawan,ATM,0995 850 0610,https://web.facebook.com/djipalawan,,,,9.743217,118.7405928,https://www.google.com/maps/place/DJI+Authorised+Store+SM+Palawan+Puerto+Princesa/data=!4m7!3m6!1s0x33b5632e4484e0b9:0xcaff7cef38ea309e!8m2!3d9.743217!4d118.7405928!16s%2Fg%2F11vjt7np8z!19sChIJueCERC5jtTMRnjDqOO98_8o?authuser=0&hl=en&rclk=1,"atm in Puerto Princesa, Palawan, Philippines",Puerto Princesa
MCA Market Mall,4.2,(689),905 552 9159,https://wa.me/9055529159,,,ATM,0905 552 9159,,,,,9.7459802,118.7470041,https://www.google.com/maps/place/MCA+Market+Mall/data=!4m7!3m6!1s0x33b563e8ec58ab3b:0xc6490b8a8ff89f39!8m2!3d9.7459802!4d118.7470041!16s%2Fg%2F1hm4qh366!19sChIJO6tY7OhjtTMROZ_4j4oLScY?authuser=0&hl=en&rclk=1,"atm in Puerto Princesa, Palawan, Philippines",Puerto Princesa
"One Asenso, Abot Kaya, NCCC San Pedro",4.1,(304),917 724 5577,https://wa.me/9177245577,,,ATM,0917 724 5577,,,,,9.7609606,118.7474402,"https://www.google.com/maps/place/One+Asenso,+Abot+Kaya,+NCCC+San+Pedro/data=!4m7!3m6!1s0x33b56396ea85fef3:0x4d1dcb7109373f14!8m2!3d9.7609606!4d118.7474402!16s%2Fg%2F11ddwywyc9!19sChIJ8_6F6pZjtTMRFD83CXHLHU0?authuser=0&hl=en&rclk=1","atm in Puerto Princesa, Palawan, Philippines",Puerto Princesa
Palawan Daily,5.0,(1),(048) 717 0288,https://wa.me/0487170288,,,ATM,717 0288,https://palawandailynews.com/,,,,9.7605563,118.7469381,https://www.google.com/maps/place/Palawan+Daily/data=!4m7!3m6!1s0x33b563355c00de4f:0x893c930dfb500ab9!8m2!3d9.7605563!4d118.7469381!16s%2Fg%2F11h2g1n90_!19sChIJT94AXDVjtTMRuQpQ-w2TPIk?authuser=0&hl=en&rclk=1,"atm in Puerto Princesa, Palawan, Philippines",Puerto Princesa
Marina Palawan,4.2,(245),919 070 7030,https://wa.me/9190707030,,,ATM,0919 070 7030,https://www.marinapalawan.com/,,,,9.7689943,118.7270303,https://www.google.com/maps/place/Marina+Palawan/data=!4m11!3m10!1s0x33b563aef4f8afed:0x78f4b78fde4889dc!5m3!1s2026-10-31!4m1!1i2!8m2!3d9.7689943!4d118.7270303!16s%2Fg%2F1tfsqdr0!19sChIJ7a_49K5jtTMR3IlI3o-39Hg?authuser=0&hl=en&rclk=1,"atm in Puerto Princesa, Palawan, Philippines",Puerto Princesa
Mulan's Massage And Spa,4.6,(133),950 245 6477,https://wa.me/9502456477,,https://web.facebook.com/evashealedhands/,ATM,,https://web.facebook.com/evashealedhands/,,,,9.735474,118.7507934,https://www.google.com/maps/place/Mulan%27s+Massage+And+Spa/data=!4m7!3m6!1s0x33b5633f414e5bcb:0xc2dc90efd8d1cbe8!8m2!3d9.735474!4d118.7507934!16s%2Fg%2F11tszrds6x!19sChIJy1tOQT9jtTMR6MvR2O-Q3MI?authuser=0&hl=en&rclk=1,"atm in Puerto Princesa, Palawan, Philippines",Puerto Princesa
Department of Public Works and Highways - Palawan 3rd District Engineering Office,4.8,(6),(048) 433 7313,https://wa.me/0484337313,,,ATM,433 7313,,,,,9.786231,118.7366617,https://www.google.com/maps/place/Department+of+Public+Works+and+Highways+-+Palawan+3rd+District+Engineering+Office/data=!4m7!3m6!1s0x33b56311f06c9c19:0xc9ac8c754f539c1d!8m2!3d9.786231!4d118.7366617!16s%2Fg%2F11bzt0z_6f!19sChIJGZxs8BFjtTMRHZxTT3WMrMk?authuser=0&hl=en&rclk=1,"atm in Puerto Princesa, Palawan, Philippines",Puerto Princesa
Adventist Hospital Palawan,3.7,(121),(048) 433 1247,https://wa.me/0484331247,,,ATM,,,,,,9.7642581,118.7479804,https://www.google.com/maps/place/Adventist+Hospital+Palawan/data=!4m7!3m6!1s0x33b5639750da3b73:0xce4260db76522e30!8m2!3d9.7642581!4d118.7479804!16s%2Fg%2F1tf188wg!19sChIJczvaUJdjtTMRMC5SdttgQs4?authuser=0&hl=en&rclk=1,"atm in Puerto Princesa, Palawan, Philippines",Puerto Princesa
Eightynine Cafe,4.7,(704),906 082 8199,https://wa.me/9060828199,,https://www.facebook.com/eightyninecafe,ATM,29 Roxas St,https://www.facebook.com/eightyninecafe,,,,9.7410454,118.7331641,https://www.google.com/maps/place/Eightynine+Cafe/data=!4m7!3m6!1s0x33b563e4990dccb1:0xf3deab5db47b2503!8m2!3d9.7410454!4d118.7331641!16s%2Fg%2F11c7659hm4!19sChIJscwNmeRjtTMRAyV7tF2r3vM?authuser=0&hl=en&rclk=1,"atm in Puerto Princesa, Palawan, Philippines",Puerto Princesa
Vinyl Cafe Palawan,4.3,(277),977 854 2408,https://wa.me/9778542408,,https://www.facebook.com/vinylcafepalawan,ATM,0977 854 2408,https://www.facebook.com/vinylcafepalawan,,,,9.740365,118.7431114,https://www.google.com/maps/place/Vinyl+Cafe+Palawan/data=!4m7!3m6!1s0x33b563968108fb51:0xb4196cc3001aba4d!8m2!3d9.740365!4d118.7431114!16s%2Fg%2F11k4b6b_4s!19sChIJUfsIgZZjtTMRTboaAMNsGbQ?authuser=0&hl=en&rclk=1,"atm in Puerto Princesa, Palawan, Philippines",Puerto Princesa
Puerto Princesa International Airport,4.2,"(2,644)",,,,,ATM,15 minutes,https://caaparea4.com/index,,,,9.7427773,118.7575413,https://www.google.com/maps/place/Puerto+Princesa+International+Airport/data=!4m7!3m6!1s0x33b563fa65f9d5d7:0xe6a961ced3677c2e!8m2!3d9.7427773!4d118.7575413!16zL20vMGRjeW1i!19sChIJ19X5ZfpjtTMRLnxn085hqeY?authuser=0&hl=en&rclk=1,"atm in Puerto Princesa, Palawan, Philippines",Puerto Princesa
Hillside Resort,4.0,(79),,,,,ATM,8548 8234,https://www.oyorooms.com/97805/,,,,9.7734672,118.725932,https://www.google.com/maps/place/Hillside+Resort/data=!4m11!3m10!1s0x33b563a963bf9b0b:0x29330b9fefbd8bdb!5m3!1s2026-10-31!4m1!1i2!8m2!3d9.7734672!4d118.725932!16s%2Fg%2F1tm66gsn!19sChIJC5u_Y6ljtTMR24u9758LMyk?authuser=0&hl=en&rclk=1,"atm in Puerto Princesa, Palawan, Philippines",Puerto Princesa
Ala Amid Bed & Breakfast,4.1,(227),917 815 4899,https://wa.me/9178154899,,,ATM,0917 815 4899,http://www.amidpuertoprincesa.com/,,,,9.7652838,118.761169,https://www.google.com/maps/place/Ala+Amid+Bed+%26+Breakfast/data=!4m11!3m10!1s0x33b563867c1dc5df:0x89380b24ab86c5a8!5m3!1s2026-10-31!4m1!1i2!8m2!3d9.7652838!4d118.761169!16s%2Fg%2F11b6_tbzrj!19sChIJ38UdfIZjtTMRqMWGqyQLOIk?authuser=0&hl=en&rclk=1,"atm in Puerto Princesa, Palawan, Philippines",Puerto Princesa
Microtel by Wyndham Puerto Princesa,4.3,(796),917 771 0434,https://wa.me/9177710434,,,ATM,0917 771 0434,http://www.microtel-palawan.com/,,,,9.7909445,118.7720599,https://www.google.com/maps/place/Microtel+by+Wyndham+Puerto+Princesa/data=!4m7!3m6!1s0x33b5649f34f79dfd:0x486c1107fb05a761!8m2!3d9.7909445!4d118.7720599!16s%2Fg%2F1tdn65_n!19sChIJ_Z33NJ9ktTMRYacF-wcRbEg?authuser=0&hl=en&rclk=1,"atm in Puerto Princesa, Palawan, Philippines",Puerto Princesa
Costa Palawan Resort,4.1,(692),917 130 1111,https://wa.me/9171301111,,,ATM,0917 130 1111,http://www.costapalawanresort.com/,,,,9.7607119,118.7719499,https://www.google.com/maps/place/Costa+Palawan+Resort/data=!4m7!3m6!1s0x33b56477a61e09d9:0x84b353cade0a5b9e!8m2!3d9.7607119!4d118.7719499!16s%2Fg%2F11f10f5589!19sChIJ2QkepndktTMRnlsK3spTs4Q?authuser=0&hl=en&rclk=1,"atm in Puerto Princesa, Palawan, Philippines",Puerto Princesa
P.S.Bank,3.7,(7),(048) 434 1512,https://wa.me/0484341512,,,Bank,5 BUILDING,http://www.psbank.com.ph/,,,,9.7401154,118.7399761,https://www.google.com/maps/place/P.S.Bank/data=!4m7!3m6!1s0x33b563de81132cb3:0xb5d4d8864ba2457a!8m2!3d9.7401154!4d118.7399761!16s%2Fg%2F1jkyq6925!19sChIJsywTgd5jtTMRekWiS4bY1LU?authuser=0&hl=en&rclk=1,"bank in Puerto Princesa, Palawan, Philippines",Puerto Princesa
PNSLAI Palawan Branch,5.0,(2),,,,,Bank,,,,,,9.7475696,118.7624927,https://www.google.com/maps/place/PNSLAI+Palawan+Branch/data=!4m7!3m6!1s0x33b563f69a110591:0xb59a75db82dd4148!8m2!3d9.7475696!4d118.7624927!16s%2Fg%2F11f4ptl05h!19sChIJkQURmvZjtTMRSEHdgtt1mrU?authuser=0&hl=en&rclk=1,"bank in Puerto Princesa, Palawan, Philippines",Puerto Princesa
Citystate Savings Bank,5.0,(1),(048) 433 0760,https://wa.me/0484330760,,,Bank,433 0760,,,,,9.7389587,118.743328,https://www.google.com/maps/place/Citystate+Savings+Bank/data=!4m7!3m6!1s0x33b563e0a8b99a51:0xa7bec5a4aac884f7!8m2!3d9.7389587!4d118.743328!16s%2Fg%2F11clwltcyz!19sChIJUZq5qOBjtTMR94TIqqTFvqc?authuser=0&hl=en&rclk=1,"bank in Puerto Princesa, Palawan, Philippines",Puerto Princesa
Banco De Oro - Malvar St,5.0,(1),,,,,Bank,,,,,,9.7435446,118.7394071,https://www.google.com/maps/place/Banco+De+Oro+-+Malvar+St/data=!4m7!3m6!1s0x33b563dcef3df5b9:0x75c9b1d8484b075e!8m2!3d9.7435446!4d118.7394071!16s%2Fg%2F11f101jhsx!19sChIJufU979xjtTMRXgdLSNixyXU?authuser=0&hl=en&rclk=1,"bank in Puerto Princesa, Palawan, Philippines",Puerto Princesa
First Consolidated Bank - Unitop,5.0,(2),,,,,Bank,,http://fcb.com.ph/,,,,9.7425189,118.7350374,https://www.google.com/maps/place/First+Consolidated+Bank+-+Unitop/data=!4m7!3m6!1s0x33b56380cf8b64cb:0x518586bffe04b6dc!8m2!3d9.7425189!4d118.7350374!16s%2Fg%2F11gmwxkfr2!19sChIJy2SLz4BjtTMR3LYE_r-GhVE?authuser=0&hl=en&rclk=1,"bank in Puerto Princesa, Palawan, Philippines",Puerto Princesa
"Community Economic Ventures, Inc. - Palawan Branch",5.0,(1),(048) 434 7364,https://wa.me/0484347364,,,Bank,434 7364,,,,,9.7772686,118.7462287,"https://www.google.com/maps/place/Community+Economic+Ventures,+Inc.+-+Palawan+Branch/data=!4m7!3m6!1s0x33b563dd7c69df59:0x823255728c737a8d!8m2!3d9.7772686!4d118.7462287!16s%2Fg%2F1hf4f0fcn!19sChIJWd9pfN1jtTMRjXpzjHJVMoI?authuser=0&hl=en&rclk=1","bank in Puerto Princesa, Palawan, Philippines",Puerto Princesa
Sterling Bank Of Asia Inc.,4.0,(1),,,,,Bank,,,,,,9.7606334,118.7469079,https://www.google.com/maps/place/Sterling+Bank+Of+Asia+Inc./data=!4m7!3m6!1s0x33b563969397f095:0xef140a62afbef921!8m2!3d9.7606334!4d118.7469079!16s%2Fg%2F11c764__8p!19sChIJlfCXk5ZjtTMRIfm-r2IKFO8?authuser=0&hl=en&rclk=1,"bank in Puerto Princesa, Palawan, Philippines",Puerto Princesa
Puerto Princesa City Darussalam Multi-Purpose Cooperative,4.0,(1),(048) 434 5344,https://wa.me/0484345344,,,Bank,434 5344,,,,,9.7393711,118.7326951,https://www.google.com/maps/place/Puerto+Princesa+City+Darussalam+Multi-Purpose+Cooperative/data=!4m7!3m6!1s0x33b563d9c1254d23:0x28ce27cf741ba01b!8m2!3d9.7393711!4d118.7326951!16s%2Fg%2F11bzvzzhy6!19sChIJI00lwdljtTMRG6AbdM8nzig?authuser=0&hl=en&rclk=1,"bank in Puerto Princesa, Palawan, Philippines",Puerto Princesa
Eastville City Walk,3.9,(16),(048) 434 0155,https://wa.me/0484340155,,http://www.facebook.com/pages/Eastville-Citywalk/316977565000434,Bank,434 0155,http://www.facebook.com/pages/Eastville-Citywalk/316977565000434,,,,9.754421,118.746637,https://www.google.com/maps/place/Eastville+City+Walk/data=!4m7!3m6!1s0x33b563eb2cc73de7:0xf14fce26477c1d2f!8m2!3d9.754421!4d118.746637!16s%2Fg%2F1hg4yzr45!19sChIJ5z3HLOtjtTMRLx18RybOT_E?authuser=0&hl=en&rclk=1,"bank in Puerto Princesa, Palawan, Philippines",Puerto Princesa
Sta. Monica Parish Bec Multi-Purpose Cooperative,5.0,(1),,,,,Bank,,,,,,9.7929515,118.7367234,https://www.google.com/maps/place/Sta.+Monica+Parish+Bec+Multi-Purpose+Cooperative/data=!4m7!3m6!1s0x33b578a3fc2e6ebd:0xed23dcf655b9e785!8m2!3d9.7929515!4d118.7367234!16s%2Fg%2F11bzw039_f!19sChIJvW4u_KN4tTMRhee5VfbcI-0?authuser=0&hl=en&rclk=1,"bank in Puerto Princesa, Palawan, Philippines",Puerto Princesa
CCT Credit Cooperative,5.0,(1),922 854 0856,https://wa.me/9228540856,,,Bank,0922 854 0856,,,,,9.7407441,118.734312,https://www.google.com/maps/place/CCT+Credit+Cooperative/data=!4m7!3m6!1s0x33b563da2aa45a11:0x16e79d4ab59ee012!8m2!3d9.7407441!4d118.734312!16s%2Fg%2F1pzvnkg9h!19sChIJEVqkKtpjtTMREuCetUqd5xY?authuser=0&hl=en&rclk=1,"bank in Puerto Princesa, Palawan, Philippines",Puerto Princesa
"Taytay sa Kauswagan, Inc. (TSKI) - Puerto Prinsesa Branch",5.0,(1),(048) 434 7142,https://wa.me/0484347142,,,Bank,6 F,,,,,9.7577015,118.7485393,"https://www.google.com/maps/place/Taytay+sa+Kauswagan,+Inc.+%28TSKI%29+-+Puerto+Prinsesa+Branch/data=!4m7!3m6!1s0x33b5639470da79f9:0xb3f946334f7f4b01!8m2!3d9.7577015!4d118.7485393!16s%2Fg%2F1hc0zq7l7!19sChIJ-XnacJRjtTMRAUt_TzNG-bM?authuser=0&hl=en&rclk=1","bank in Puerto Princesa, Palawan, Philippines",Puerto Princesa
First Standard Finance Corporatiom,5.0,(1),(048) 433 4832,https://wa.me/0484334832,,,Bank,433 4832,,,,,9.7397651,118.7605058,https://www.google.com/maps/place/First+Standard+Finance+Corporatiom/data=!4m7!3m6!1s0x33b563fbdf0fcfb1:0x4a893f8ae80fc6b!8m2!3d9.7397651!4d118.7605058!16s%2Fg%2F1pzr_7kyy!19sChIJsc8P3_tjtTMRa_yArviTqAQ?authuser=0&hl=en&rclk=1,"bank in Puerto Princesa, Palawan, Philippines",Puerto Princesa
Western Union,3.5,(11),(048) 433 1272,https://wa.me/0484331272,,,Bank,433 1272,https://www.westernunion.com/,,,,9.7406755,118.7354019,https://www.google.com/maps/place/Western+Union/data=!4m7!3m6!1s0x33b563d9649b0b3d:0x7ccc58d694ff1e61!8m2!3d9.7406755!4d118.7354019!16s%2Fg%2F1pzq_cf17!19sChIJPQubZNljtTMRYR7_lNZYzHw?authuser=0&hl=en&rclk=1,"bank in Puerto Princesa, Palawan, Philippines",Puerto Princesa
OCCCI OFFICE,5.0,(2),(048) 434 1939,https://wa.me/0484341939,,,Bank,434 1939,,,,,9.7410147,118.7402562,https://www.google.com/maps/place/OCCCI+OFFICE/data=!4m7!3m6!1s0x33b563ddccc60f2d:0x4893565cacdf38b9!8m2!3d9.7410147!4d118.7402562!16s%2Fg%2F11c2qzdg87!19sChIJLQ_GzN1jtTMRuTjfrFxWk0g?authuser=0&hl=en&rclk=1,"bank in Puerto Princesa, Palawan, Philippines",Puerto Princesa
ACDI MPC ABAB Branch,4.8,(4),917 817 3433,https://wa.me/9178173433,,,Bank,0917 817 3433,http://www.acdicoop.com/,,,,9.748873,118.7523378,https://www.google.com/maps/place/ACDI+MPC+ABAB+Branch/data=!4m7!3m6!1s0x33b563ee7c7121dd:0xcb9d2ad5d0d4a3a4!8m2!3d9.748873!4d118.7523378!16s%2Fg%2F11c0tmyqsn!19sChIJ3SFxfO5jtTMRpKPU0NUqncs?authuser=0&hl=en&rclk=1,"bank in Puerto Princesa, Palawan, Philippines",Puerto Princesa
Eastwest Bank Credit Card Bill Payments,5.0,(1),(048) 433 2358,https://wa.me/0484332358,,,Bank,433 2358,,,,,9.740004,118.74014,https://www.google.com/maps/place/Eastwest+Bank+Credit+Card+Bill+Payments/data=!4m7!3m6!1s0x33b563de808ea137:0xd838dc5879757d5!8m2!3d9.740004!4d118.74014!16s%2Fg%2F11b6jgnyjr!19sChIJN6GOgN5jtTMR1VeXh8WNgw0?authuser=0&hl=en&rclk=1,"bank in Puerto Princesa, Palawan, Philippines",Puerto Princesa
Famos Money Transfer - Palawan Branch,3.5,(2),(048) 434 1524,https://wa.me/0484341524,,,Bank,150 Aysa Building,,,,,9.743446,118.739977,https://www.google.com/maps/place/Famos+Money+Transfer+-+Palawan+Branch/data=!4m7!3m6!1s0x33b563dce30ff037:0x743763120c2e04e5!8m2!3d9.743446!4d118.739977!16s%2Fg%2F1hc6v2bh0!19sChIJN_AP49xjtTMR5QQuDBJjN3Q?authuser=0&hl=en&rclk=1,"bank in Puerto Princesa, Palawan, Philippines",Puerto Princesa
Philippine Red Cross - Palawan Chapter,3.5,(4),(048) 433 6362,https://wa.me/0484336362,,,Bank,433 6362,,,,,9.739591,118.7373722,https://www.google.com/maps/place/Philippine+Red+Cross+-+Palawan+Chapter/data=!4m7!3m6!1s0x33b563deb4b70b53:0xae26af93f05ef6c5!8m2!3d9.739591!4d118.7373722!16s%2Fg%2F1hf2v1wlh!19sChIJUwu3tN5jtTMRxfZe8JOvJq4?authuser=0&hl=en&rclk=1,"bank in Puerto Princesa, Palawan, Philippines",Puerto Princesa
Asia Link Finance Corporation,4.0,(1),,,,,Bank,129 Manalo St,,,,,9.7362809,118.740594,https://www.google.com/maps/place/Asia+Link+Finance+Corporation/data=!4m7!3m6!1s0x33b563dfa20830ad:0xb53b194be9ec2893!8m2!3d9.7362809!4d118.740594!16s%2Fg%2F11hd_gxcm7!19sChIJrTAIot9jtTMRkyjs6UsZO7U?authuser=0&hl=en&rclk=1,"bank in Puerto Princesa, Palawan, Philippines",Puerto Princesa
Palawan State University,4.1,(213),,,,,Bank,,http://ourpsu.com/,,,,9.7773331,118.733847,https://www.google.com/maps/place/Palawan+State+University/data=!4m7!3m6!1s0x33b5635b6bd6d3ed:0x8b42cc60a81a12b9!8m2!3d9.7773331!4d118.733847!16zL20vMGYyNWdy!19sChIJ7dPWa1tjtTMRuRIaqGDMQos?authuser=0&hl=en&rclk=1,"bank in Puerto Princesa, Palawan, Philippines",Puerto Princesa
Robinsons Department Store Palawan,3.9,(50),(048) 433 0080,https://wa.me/0484330080,,,Bank,433 0080,http://www.robinsonsdepartmentstore.com.ph/,,,,9.7672941,118.7480051,https://www.google.com/maps/place/Robinsons+Department+Store+Palawan/data=!4m7!3m6!1s0x33b563997732d187:0x648e989cc79e234f!8m2!3d9.7672941!4d118.7480051!16s%2Fg%2F11f156xqn4!19sChIJh9Eyd5ljtTMRTyOex5yYjmQ?authuser=0&hl=en&rclk=1,"bank in Puerto Princesa, Palawan, Philippines",Puerto Princesa
Puerto Princesa City Baywalk Park,4.2,"(5,598)",,,,,Bank,,,,,,9.744029,118.7322572,https://www.google.com/maps/place/Puerto+Princesa+City+Baywalk+Park/data=!4m7!3m6!1s0x33b563da85c65913:0xe6d0811e3e40862f!8m2!3d9.744029!4d118.7322572!16s%2Fg%2F1wnbvj_1!19sChIJE1nGhdpjtTMRL4ZAPh6B0OY?authuser=0&hl=en&rclk=1,"bank in Puerto Princesa, Palawan, Philippines",Puerto Princesa
UNITOP,3.7,(227),(048) 434 2132,https://wa.me/0484342132,,,Bank,434 2132,,,,,9.742478,118.7351681,https://www.google.com/maps/place/UNITOP/data=!4m7!3m6!1s0x33b563dba4a8ae3b:0x8de7efe3c7ce4ef5!8m2!3d9.742478!4d118.7351681!16s%2Fg%2F1tdxsk8y!19sChIJO66opNtjtTMR9U7Ox-Pv540?authuser=0&hl=en&rclk=1,"bank in Puerto Princesa, Palawan, Philippines",Puerto Princesa
Cherry Bus,3.7,(153),,,,,Bank,,https://www.phbus.com/cherry-bus/,,,,9.7998414,118.6907081,https://www.google.com/maps/place/Cherry+Bus/data=!4m7!3m6!1s0x33b563729745d96d:0x7cbc06d77968aa16!8m2!3d9.7998414!4d118.6907081!16s%2Fg%2F11b5s2c31w!19sChIJbdlFl3JjtTMRFqpoedcGvHw?authuser=0&hl=en&rclk=1,"bank in Puerto Princesa, Palawan, Philippines",Puerto Princesa
Old Public Market,4.0,(502),,,,,Bank,,,,,,9.7422666,118.7359034,https://www.google.com/maps/place/Old+Public+Market/data=!4m7!3m6!1s0x33b563dbbe552a95:0x4825eee88f4408b9!8m2!3d9.7422666!4d118.7359034!16s%2Fg%2F11c5rvbrkd!19sChIJlSpVvttjtTMRuQhEj-juJUg?authuser=0&hl=en&rclk=1,"bank in Puerto Princesa, Palawan, Philippines",Puerto Princesa
Public Employment Service Office (PESO) - Puerto Prinsesa City,5.0,(2),(048) 433 0383,https://wa.me/0484330383,,,Bank,433 0383,,,,,9.783456,118.731973,https://www.google.com/maps/place/Public+Employment+Service+Office+%28PESO%29+-+Puerto+Prinsesa+City/data=!4m7!3m6!1s0x33b5630f78837ea3:0xdfd5049849789d24!8m2!3d9.783456!4d118.731973!16s%2Fg%2F11bzvwz6v8!19sChIJo36DeA9jtTMRJJ14SZgE1d8?authuser=0&hl=en&rclk=1,"bank in Puerto Princesa, Palawan, Philippines",Puerto Princesa
Bonito and Money Changer,3.8,(5),,,,,Currency Exchange,,,,,,9.7447177,118.745996,https://www.google.com/maps/place/Bonito+and+Money+Changer/data=!4m7!3m6!1s0x33b563e87fe872a1:0x902fa1c6eba3e52f!8m2!3d9.7447177!4d118.745996!16s%2Fg%2F11hbq918xk!19sChIJoXLof-hjtTMRL-Wj68ahL5A?authuser=0&hl=en&rclk=1,"currency exchange in Puerto Princesa, Palawan, Philippines",Puerto Princesa
MoneyGram,5.0,(1),(032) 348 9400,https://wa.me/0323489400,,,Currency Exchange,348 9400,,,,,9.7404644,118.7380468,https://www.google.com/maps/place/MoneyGram/data=!4m7!3m6!1s0x33b563dea12a67a3:0xd6da0650d616fa9a!8m2!3d9.7404644!4d118.7380468!16s%2Fg%2F11c1mzs_79!19sChIJo2cqod5jtTMRmvoW1lAG2tY?authuser=0&hl=en&rclk=1,"currency exchange in Puerto Princesa, Palawan, Philippines",Puerto Princesa
MoneyGram,5.0,(1),,,,,Currency Exchange,276 Malvar Road,,,,,9.7464374,118.7420804,https://www.google.com/maps/place/MoneyGram/data=!4m7!3m6!1s0x33b563c2be665dc3:0x1d16ec29370a8bd4!8m2!3d9.7464374!4d118.7420804!16s%2Fg%2F11b_2sdr4l!19sChIJw11mvsJjtTMR1IsKNynsFh0?authuser=0&hl=en&rclk=1,"currency exchange in Puerto Princesa, Palawan, Philippines",Puerto Princesa
Palawan Pawnshop -San Pedro Branch,4.2,(60),,,,,Currency Exchange,,http://www.palawanpawnshop.com/,,,,9.7599537,118.7471371,https://www.google.com/maps/place/Palawan+Pawnshop+-San+Pedro+Branch/data=!4m7!3m6!1s0x33b56396995bea51:0x7f97f196ee5560ab!8m2!3d9.7599537!4d118.7471371!16s%2Fg%2F11c67wl4f1!19sChIJUepbmZZjtTMRq2BV7pbxl38?authuser=0&hl=en&rclk=1,"currency exchange in Puerto Princesa, Palawan, Philippines",Puerto Princesa
TMC Clinic Robinsons Palawan,5.0,(10),951 371 3983,https://wa.me/9513713983,,,Medical Clinic,0951 371 3983,https://www.themedicalcity.com/,,,,9.7908685,118.7513974,https://www.google.com/maps/place/TMC+Clinic+Robinsons+Palawan/data=!4m7!3m6!1s0x33b563e194f95453:0x5fbe170c82fccfa3!8m2!3d9.7908685!4d118.7513974!16s%2Fg%2F11ygpfdl3r!19sChIJU1T5lOFjtTMRo8_8ggwXvl8?authuser=0&hl=en&rclk=1,"medical clinic in Puerto Princesa, Palawan, Philippines",Puerto Princesa
Mediplus Healthcare Services,4.4,(18),966 922 7816,https://wa.me/9669227816,,https://www.facebook.com/MediPlusHealthcareServices?mibextid=ZbWKwL,Medical Clinic,0966 922 7816,https://www.facebook.com/MediPlusHealthcareServices?mibextid=ZbWKwL,,,,9.7410898,118.7372054,https://www.google.com/maps/place/Mediplus+Healthcare+Services/data=!4m7!3m6!1s0x33b563cc3c4e51e3:0x43592f91e4996a81!8m2!3d9.7410898!4d118.7372054!16s%2Fg%2F11tr_vk6fb!19sChIJ41FOPMxjtTMRgWqZ5JEvWUM?authuser=0&hl=en&rclk=1,"medical clinic in Puerto Princesa, Palawan, Philippines",Puerto Princesa
St. Mary's Clinic,5.0,(1),907 452 9392,https://wa.me/9074529392,,,Medical Clinic,0907 452 9392,,,,,9.7444606,118.7426004,https://www.google.com/maps/place/St.+Mary%27s+Clinic/data=!4m7!3m6!1s0x33b563c61ce7bdc3:0x2f3e9ccc7517ecc3!8m2!3d9.7444606!4d118.7426004!16s%2Fg%2F11fpsbskx8!19sChIJw73nHMZjtTMRw-wXdcycPi8?authuser=0&hl=en&rclk=1,"medical clinic in Puerto Princesa, Palawan, Philippines",Puerto Princesa
Saludez Medical,5.0,(4),977 833 3350,https://wa.me/9778333350,,,Medical Clinic,3 Puerto Princesa North Road,,,,,9.7474463,118.7470794,https://www.google.com/maps/place/Saludez+Medical/data=!4m7!3m6!1s0x33b563002d937843:0x83bfc1846e495e19!8m2!3d9.7474463!4d118.7470794!16s%2Fg%2F11vt5hwr8z!19sChIJQ3iTLQBjtTMRGV5JboTBv4M?authuser=0&hl=en&rclk=1,"medical clinic in Puerto Princesa, Palawan, Philippines",Puerto Princesa
Dr. Joel Fuertes and Dr. Ben del Rosario Clinic,5.0,(1),,,,,Medical Clinic,,,,,,9.7481166,118.7432734,https://www.google.com/maps/place/Dr.+Joel+Fuertes+and+Dr.+Ben+del+Rosario+Clinic/data=!4m7!3m6!1s0x33b563567efe7587:0x2d11b6e801649d0d!8m2!3d9.7481166!4d118.7432734!16s%2Fg%2F11vk34nx98!19sChIJh3X-flZjtTMRDZ1kAei2ES0?authuser=0&hl=en&rclk=1,"medical clinic in Puerto Princesa, Palawan, Philippines",Puerto Princesa
St. Ezekiel Moreno Medical Clinic,5.0,(1),(048) 716 2203,https://wa.me/0487162203,,,Medical Clinic,716 2203,,,,,9.7256094,118.7647451,https://www.google.com/maps/place/St.+Ezekiel+Moreno+Medical+Clinic/data=!4m7!3m6!1s0x33b56179ae5d65db:0x31a782871ca9265c!8m2!3d9.7256094!4d118.7647451!16s%2Fg%2F11h5892l0y!19sChIJ22VdrnlhtTMRXCapHIeCpzE?authuser=0&hl=en&rclk=1,"medical clinic in Puerto Princesa, Palawan, Philippines",Puerto Princesa
Lazo Clinic,4.5,(8),,,,,Medical Clinic,,,,,,9.7497929,118.7453435,https://www.google.com/maps/place/Lazo+Clinic/data=!4m7!3m6!1s0x33b563ea2ed77d51:0xd8c4adeee312b338!8m2!3d9.7497929!4d118.7453435!16s%2Fg%2F1pp2vfl11!19sChIJUX3XLupjtTMROLMS4-6txNg?authuser=0&hl=en&rclk=1,"medical clinic in Puerto Princesa, Palawan, Philippines",Puerto Princesa
Mayumi Ob-gyne and Medical Clinic,4.3,(6),949 373 3728,https://wa.me/9493733728,,,Medical Clinic,0949 373 3728,,,,,9.7849375,118.7374224,https://www.google.com/maps/place/Mayumi+Ob-gyne+and+Medical+Clinic/data=!4m7!3m6!1s0x33b563660ccae039:0x12cb543af0014bf1!8m2!3d9.7849375!4d118.7374224!16s%2Fg%2F11s1sr2x9n!19sChIJOeDKDGZjtTMR8UsB8DpUyxI?authuser=0&hl=en&rclk=1,"medical clinic in Puerto Princesa, Palawan, Philippines",Puerto Princesa
Irawan Birthing Clinic,5.0,(3),921 215 4862,https://wa.me/9212154862,,,Medical Clinic,,,,,,9.8024363,118.6971916,https://www.google.com/maps/place/Irawan+Birthing+Clinic/data=!4m7!3m6!1s0x33b562c09a832b95:0xc06c1afa6324fdf4!8m2!3d9.8024363!4d118.6971916!16s%2Fg%2F11c5rtznsv!19sChIJlSuDmsBitTMR9P0kY_oabMA?authuser=0&hl=en&rclk=1,"medical clinic in Puerto Princesa, Palawan, Philippines",Puerto Princesa
Isiah's Women's Health and Ultrasound Clinic,3.7,(3),(048) 434 9430,https://wa.me/0484349430,,,Medical Clinic,335 Alfonso Building,,,,,9.7485982,118.7442446,https://www.google.com/maps/place/Isiah%27s+Women%27s+Health+and+Ultrasound+Clinic/data=!4m7!3m6!1s0x33b563c29cf0e0f3:0xb23ffdf65f2d9327!8m2!3d9.7485982!4d118.7442446!16s%2Fg%2F1hcb001mp!19sChIJ8-DwnMJjtTMRJ5MtX_b9P7I?authuser=0&hl=en&rclk=1,"medical clinic in Puerto Princesa, Palawan, Philippines",Puerto Princesa
MMG Medical Plaza,4.5,(2),,,,,Medical Clinic,,,,,,9.7470586,118.7426052,https://www.google.com/maps/place/MMG+Medical+Plaza/data=!4m7!3m6!1s0x33b56335ab7b66c5:0x4f6c58e7a6477c37!8m2!3d9.7470586!4d118.7426052!16s%2Fg%2F11h_tw6zpp!19sChIJxWZ7qzVjtTMRN3xHpudYbE8?authuser=0&hl=en&rclk=1,"medical clinic in Puerto Princesa, Palawan, Philippines",Puerto Princesa
Aralar OB Gyne Clinic CITY,4.5,(4),956 224 4614,https://wa.me/9562244614,,,Medical Clinic,219 Malvar Road,,,,,9.7480911,118.7436066,https://www.google.com/maps/place/Aralar+OB+Gyne+Clinic+CITY/data=!4m7!3m6!1s0x33b5630ba1f4743d:0xe78170d8c18e48be!8m2!3d9.7480911!4d118.7436066!16s%2Fg%2F11lw37zc2s!19sChIJPXT0oQtjtTMRvkiOwdhwgec?authuser=0&hl=en&rclk=1,"medical clinic in Puerto Princesa, Palawan, Philippines",Puerto Princesa
TIMBANCAYA MEDICAL CLINIC,4.0,(4),907 369 8219,https://wa.me/9073698219,,,Medical Clinic,28 Roxas St,,,,,9.7391195,118.7326531,https://www.google.com/maps/place/TIMBANCAYA+MEDICAL+CLINIC/data=!4m7!3m6!1s0x33b563d9c65d0de5:0x3b4b326ad0abcaee!8m2!3d9.7391195!4d118.7326531!16s%2Fg%2F11fzf2xks9!19sChIJ5Q1dxtljtTMR7sqr0GoySzs?authuser=0&hl=en&rclk=1,"medical clinic in Puerto Princesa, Palawan, Philippines",Puerto Princesa
Portales-Pablico Children's Clinic,5.0,(3),928 506 4284,https://wa.me/9285064284,,,Medical Clinic,0928 506 4284,,,,,9.7473805,118.7429832,https://www.google.com/maps/place/Portales-Pablico+Children%27s+Clinic/data=!4m7!3m6!1s0x33b563e9d5d4ca99:0x5e201e627b20a60f!8m2!3d9.7473805!4d118.7429832!16s%2Fg%2F1pzqvbln3!19sChIJmcrU1eljtTMRD6Yge2IeIF4?authuser=0&hl=en&rclk=1,"medical clinic in Puerto Princesa, Palawan, Philippines",Puerto Princesa
Palawan Shores Dermatology,4.9,(53),995 317 4336,https://wa.me/9953174336,,https://www.facebook.com/PSDClinic,Medical Clinic,0995 317 4336,https://www.facebook.com/PSDClinic,,,,9.7586648,118.7443136,https://www.google.com/maps/place/Palawan+Shores+Dermatology/data=!4m7!3m6!1s0x33b563cb5b2c96fd:0xffbfcc4e71cfa770!8m2!3d9.7586648!4d118.7443136!16s%2Fg%2F11qh67xqh5!19sChIJ_ZYsW8tjtTMRcKfPcU7Mv_8?authuser=0&hl=en&rclk=1,"medical clinic in Puerto Princesa, Palawan, Philippines",Puerto Princesa
Boglosas's Clinic Birthing Home,5.0,(1),,,,,Medical Clinic,,,,,,9.7502525,118.7457474,https://www.google.com/maps/place/Boglosas%27s+Clinic+Birthing+Home/data=!4m7!3m6!1s0x33b563ea2db2166b:0x257c7c309a61673e!8m2!3d9.7502525!4d118.7457474!16s%2Fg%2F11dz55yqdn!19sChIJaxayLepjtTMRPmdhmjB8fCU?authuser=0&hl=en&rclk=1,"medical clinic in Puerto Princesa, Palawan, Philippines",Puerto Princesa
Favila Orthopedic Clinic,5.0,(2),927 362 5196,https://wa.me/9273625196,,,Medical Clinic,16 Quezon St Ext,,,,,9.741667,118.7348963,https://www.google.com/maps/place/Favila+Orthopedic+Clinic/data=!4m7!3m6!1s0x33b563dbc8914219:0x356e7dbfc9ecc77a!8m2!3d9.741667!4d118.7348963!16s%2Fg%2F12m97ll2y!19sChIJGUKRyNtjtTMResfsyb99bjU?authuser=0&hl=en&rclk=1,"medical clinic in Puerto Princesa, Palawan, Philippines",Puerto Princesa
Ugat ng Kalusugan Youth Clinic,5.0,(1),915 311 9731,https://wa.me/9153119731,,,Medical Clinic,0915 311 9731,http://ugatngkalusugan.org/,,,,9.7403089,118.7406075,https://www.google.com/maps/place/Ugat+ng+Kalusugan+Youth+Clinic/data=!4m7!3m6!1s0x33b56336dab149f5:0x4e7f6c508f08f867!8m2!3d9.7403089!4d118.7406075!16s%2Fg%2F11sb0fk4kk!19sChIJ9Umx2jZjtTMRZ_gIj1Bsf04?authuser=0&hl=en&rclk=1,"medical clinic in Puerto Princesa, Palawan, Philippines",Puerto Princesa
Dr. Leo Emilio Valderrama,5.0,(2),(048) 434 7050,https://wa.me/0484347050,,,Medical Clinic,319 Malvar Road,,,,,9.7451824,118.7411159,https://www.google.com/maps/place/Dr.+Leo+Emilio+Valderrama/data=!4m7!3m6!1s0x33b563c2cce178a9:0xee4504ecd6789c22!8m2!3d9.7451824!4d118.7411159!16s%2Fg%2F1pzxgftf5!19sChIJqXjhzMJjtTMRIpx41uwERe4?authuser=0&hl=en&rclk=1,"medical clinic in Puerto Princesa, Palawan, Philippines",Puerto Princesa
Dr. Gilbert Lance S. Paa,4.3,(28),969 229 3995,https://wa.me/9692293995,,,Medical Clinic,0969 229 3995,,,,,9.764112,118.748575,https://www.google.com/maps/place/Dr.+Gilbert+Lance+S.+Paa/data=!4m7!3m6!1s0x33b563975154e483:0x8ae4f2bc635d3932!8m2!3d9.764112!4d118.748575!16s%2Fg%2F11bzvvsq7j!19sChIJg-RUUZdjtTMRMjldY7zy5Io?authuser=0&hl=en&rclk=1,"medical clinic in Puerto Princesa, Palawan, Philippines",Puerto Princesa
Doc JL derma clinic,5.0,(1),976 555 0179,https://wa.me/9765550179,,https://www.facebook.com/jc.ness.470866,Medical Clinic,0976 555 0179,https://www.facebook.com/jc.ness.470866,,,,9.7931875,118.7490625,https://www.google.com/maps/place/Doc+JL+derma+clinic/data=!4m7!3m6!1s0x33b5638fa8bf7c21:0x698cc8ff3711d109!8m2!3d9.7931875!4d118.7490625!16s%2Fg%2F11z7qgb573!19sChIJIXy_qI9jtTMRCdERN__IjGk?authuser=0&hl=en&rclk=1,"medical clinic in Puerto Princesa, Palawan, Philippines",Puerto Princesa
Palawan Animal Health Center,4.8,(60),(048) 433 9425,https://wa.me/0484339425,,,Medical Clinic,433 9425,,,,,9.7591038,118.7471769,https://www.google.com/maps/place/Palawan+Animal+Health+Center/data=!4m7!3m6!1s0x33b563beb434e3b3:0x33d41b6c721d4725!8m2!3d9.7591038!4d118.7471769!16s%2Fg%2F11lfjv9_kw!19sChIJs-M0tL5jtTMRJUcdcmwb1DM?authuser=0&hl=en&rclk=1,"medical clinic in Puerto Princesa, Palawan, Philippines",Puerto Princesa
Eyes of Palawan Adult& Pediatric Eye Clinic,5.0,(8),949 133 4115,https://wa.me/9491334115,,,Medical Clinic,319 Malvar St,,,,,9.7481482,118.7435823,https://www.google.com/maps/place/Eyes+of+Palawan+Adult%26+Pediatric+Eye+Clinic/data=!4m7!3m6!1s0x33b563dc3a83c165:0x8f6606172f28c164!8m2!3d9.7481482!4d118.7435823!16s%2Fg%2F11yf_0ry7c!19sChIJZcGDOtxjtTMRZMEoLxcGZo8?authuser=0&hl=en&rclk=1,"medical clinic in Puerto Princesa, Palawan, Philippines",Puerto Princesa
Medical Center Trading Corp. Palawan Branch,4.3,(3),,,,,Medical Clinic,,,,,,9.7574866,118.747777,https://www.google.com/maps/place/Medical+Center+Trading+Corp.+Palawan+Branch/data=!4m7!3m6!1s0x33b56394687e96b9:0x381ea57340ad48e8!8m2!3d9.7574866!4d118.747777!16s%2Fg%2F11crzzvysf!19sChIJuZZ-aJRjtTMR6EitQHOlHjg?authuser=0&hl=en&rclk=1,"medical clinic in Puerto Princesa, Palawan, Philippines",Puerto Princesa
Dr. April Rheiboy Andal,5.0,(2),(048) 433 2244,https://wa.me/0484332244,,,Medical Clinic,433 2244,,,,,9.7665328,118.7405133,https://www.google.com/maps/place/Dr.+April+Rheiboy+Andal/data=!4m7!3m6!1s0x33b563975154e483:0x6a4c6bd8bb17bc2f!8m2!3d9.7665328!4d118.7405133!16s%2Fg%2F11bzvykfqv!19sChIJg-RUUZdjtTMRL7wXu9hrTGo?authuser=0&hl=en&rclk=1,"medical clinic in Puerto Princesa, Palawan, Philippines",Puerto Princesa
St. Gerard Birthing Home,5.0,(1),975 588 6656,https://wa.me/9755886656,,,Medical Clinic,0975 588 6656,,,,,9.7475784,118.7437002,https://www.google.com/maps/place/St.+Gerard+Birthing+Home/data=!4m7!3m6!1s0x33b563e850ce6e0f:0xe246e5079186277!8m2!3d9.7475784!4d118.7437002!16s%2Fg%2F11bzv_vjhy!19sChIJD27OUOhjtTMRd2IYeVBuJA4?authuser=0&hl=en&rclk=1,"medical clinic in Puerto Princesa, Palawan, Philippines",Puerto Princesa
Island Polymedic and Health Care Experts,5.0,(1),(048) 433 1308,https://wa.me/0484331308,,https://www.facebook.com/islandpolymedic/?fref=ts,Medical Clinic,3 Puerto Princesa North Road,https://www.facebook.com/islandpolymedic/?fref=ts,,,,9.7410637,118.7434568,https://www.google.com/maps/place/Island+Polymedic+and+Health+Care+Experts/data=!4m7!3m6!1s0x33b563e75e7cf4dd:0xb62413b7bc9e4234!8m2!3d9.7410637!4d118.7434568!16s%2Fg%2F11csq_hqt3!19sChIJ3fR8XudjtTMRNEKevLcTJLY?authuser=0&hl=en&rclk=1,"medical clinic in Puerto Princesa, Palawan, Philippines",Puerto Princesa
FarmaMed Drugstore-Solid Road,4.9,(7),998 285 0478,https://wa.me/9982850478,,,Pharmacy,0998 285 0478,,,,,9.7704121,118.7538009,https://www.google.com/maps/place/FarmaMed+Drugstore-Solid+Road/data=!4m7!3m6!1s0x33b563a5f53d8d8b:0x6fe6e305be60464b!8m2!3d9.7704121!4d118.7538009!16s%2Fg%2F11lwcsd21t!19sChIJi4099aVjtTMRS0ZgvgXj5m8?authuser=0&hl=en&rclk=1,"pharmacy in Puerto Princesa, Palawan, Philippines",Puerto Princesa
Ching's Drugstore,4.4,(9),(048) 434 1755,https://wa.me/0484341755,,,Pharmacy,24 Purok Kapatiran Bgy,,,,,9.758114,118.747741,https://www.google.com/maps/place/Ching%27s+Drugstore/data=!4m7!3m6!1s0x33b563946b094935:0xe888ed78819e2d4a!8m2!3d9.758114!4d118.747741!16s%2Fg%2F1tmz4gf8!19sChIJNUkJa5RjtTMRSi2egXjtiOg?authuser=0&hl=en&rclk=1,"pharmacy in Puerto Princesa, Palawan, Philippines",Puerto Princesa
Mercury Drug,4.0,(11),(048) 433 3875,https://wa.me/0484333875,,,Pharmacy,433 3875,https://www.mercurydrug.com/,,,,9.7405496,118.7369133,https://www.google.com/maps/place/Mercury+Drug/data=!4m7!3m6!1s0x33b563dbe2aae5eb:0x145bcfb89b6cf203!8m2!3d9.7405496!4d118.7369133!16s%2Fg%2F1tplh89y!19sChIJ6-Wq4ttjtTMRA_Jsm7jPWxQ?authuser=0&hl=en&rclk=1,"pharmacy in Puerto Princesa, Palawan, Philippines",Puerto Princesa
FarmaMed Drugstore-Libis,4.5,(2),998 285 0478,https://wa.me/9982850478,,,Pharmacy,0998 285 0478,,,,,9.7584587,118.7544945,https://www.google.com/maps/place/FarmaMed+Drugstore-Libis/data=!4m7!3m6!1s0x33b56327e560c5b1:0x382c271f0112ed53!8m2!3d9.7584587!4d118.7544945!16s%2Fg%2F11k4q66gbl!19sChIJscVg5SdjtTMRU-0SAR8nLDg?authuser=0&hl=en&rclk=1,"pharmacy in Puerto Princesa, Palawan, Philippines",Puerto Princesa
SOUTHSTAR DRUG,5.0,(1),,,,,Pharmacy,,http://www.southstardrug.com.ph/,,,,9.7425533,118.7354736,https://www.google.com/maps/place/SOUTHSTAR+DRUG/data=!4m7!3m6!1s0x33b5638747cd69c3:0x1e90ae270c07dd81!8m2!3d9.7425533!4d118.7354736!16s%2Fg%2F11p00b4dlk!19sChIJw2nNR4djtTMRgd0HDCeukB4?authuser=0&hl=en&rclk=1,"pharmacy in Puerto Princesa, Palawan, Philippines",Puerto Princesa
FarmaMed Drugstore and Distributor - San Miguel,5.0,(3),921 858 6707,https://wa.me/9218586707,,https://www.facebook.com/farmamedsanmanuel,Pharmacy,20 M Reynoso Sr St,https://www.facebook.com/farmamedsanmanuel,,,,9.7518062,118.7564225,https://www.google.com/maps/place/FarmaMed+Drugstore+and+Distributor+-+San+Miguel/data=!4m7!3m6!1s0x33b563fa6324a637:0x3a5a4ee28312980e!8m2!3d9.7518062!4d118.7564225!16s%2Fg%2F11vk8bgvjt!19sChIJN6YkY_pjtTMRDpgSg-JOWjo?authuser=0&hl=en&rclk=1,"pharmacy in Puerto Princesa, Palawan, Philippines",Puerto Princesa
Rite One Pharma,4.4,(5),(048) 434 1589,https://wa.me/0484341589,,,Pharmacy,350 Rizal Avenue,,,,,9.7397273,118.7463864,https://www.google.com/maps/place/Rite+One+Pharma/data=!4m7!3m6!1s0x33b563e6d68ba68b:0x259570c4a5070670!8m2!3d9.7397273!4d118.7463864!16s%2Fg%2F12qft8fn9!19sChIJi6aL1uZjtTMRcAYHpcRwlSU?authuser=0&hl=en&rclk=1,"pharmacy in Puerto Princesa, Palawan, Philippines",Puerto Princesa
Drugman,4.3,(59),,,,,Pharmacy,118 Peneyra Rd,,,,,9.7565608,118.7472836,https://www.google.com/maps/place/Drugman/data=!4m7!3m6!1s0x33b56394f114093f:0x8137307a7a0f8d5a!8m2!3d9.7565608!4d118.7472836!16s%2Fg%2F1pp2vfnlr!19sChIJPwkU8ZRjtTMRWo0PenowN4E?authuser=0&hl=en&rclk=1,"pharmacy in Puerto Princesa, Palawan, Philippines",Puerto Princesa
Southstar Drug Robinson Suoermarket Puerto Princesa Palawan,3.8,(5),950 218 8435,https://wa.me/9502188435,,,Pharmacy,0950 218 8435,http://www.southstardrug.com.ph/,,,,9.7670592,118.7494011,https://www.google.com/maps/place/Southstar+Drug+Robinson+Suoermarket+Puerto+Princesa+Palawan/data=!4m7!3m6!1s0x33b5639bd3408c7d:0xc6056d7e9d6cd31d!8m2!3d9.7670592!4d118.7494011!16s%2Fg%2F11f3sqpjwr!19sChIJfYxA05tjtTMRHdNsnX5tBcY?authuser=0&hl=en&rclk=1,"pharmacy in Puerto Princesa, Palawan, Philippines",Puerto Princesa
Medicheck Pharmacy,4.3,(3),927 876 9254,https://wa.me/9278769254,,,Pharmacy,0927 876 9254,,,,,9.7943727,118.7353917,https://www.google.com/maps/place/Medicheck+Pharmacy/data=!4m7!3m6!1s0x33b563b566f6ea13:0x6501210c4193d4bd!8m2!3d9.7943727!4d118.7353917!16s%2Fg%2F11q9fq92w4!19sChIJE-r2ZrVjtTMRvdSTQQwhAWU?authuser=0&hl=en&rclk=1,"pharmacy in Puerto Princesa, Palawan, Philippines",Puerto Princesa
FarmaMed Drugstore-Luzviminda,5.0,(1),998 285 0478,https://wa.me/9982850478,,,Pharmacy,0998 285 0478,,,,,9.6680545,118.7030346,https://www.google.com/maps/place/FarmaMed+Drugstore-Luzviminda/data=!4m7!3m6!1s0x33b561adf13dd317:0x74f9732419931987!8m2!3d9.6680545!4d118.7030346!16s%2Fg%2F11tp0rtk35!19sChIJF9M98a1htTMRhxmTGSRz-XQ?authuser=0&hl=en&rclk=1,"pharmacy in Puerto Princesa, Palawan, Philippines",Puerto Princesa
St.Ezekiel Moreno Pharmacy,5.0,(1),991 154 2021,https://wa.me/9911542021,,,Pharmacy,0991 154 2021,,,,,9.736721,118.7343708,https://www.google.com/maps/place/St.Ezekiel+Moreno+Pharmacy/data=!4m7!3m6!1s0x33b563a8236858cf:0x586fb606cffbde34!8m2!3d9.736721!4d118.7343708!16s%2Fg%2F11x7nhzbf8!19sChIJz1hoI6hjtTMRNN77zwa2b1g?authuser=0&hl=en&rclk=1,"pharmacy in Puerto Princesa, Palawan, Philippines",Puerto Princesa
Drugman,3.7,(17),917 701 1559,https://wa.me/9177011559,,,Pharmacy,0917 701 1559,,,,,9.7418778,118.7367158,https://www.google.com/maps/place/Drugman/data=!4m7!3m6!1s0x33b563db8b89eec3:0x6fee581777f69be4!8m2!3d9.7418778!4d118.7367158!16s%2Fg%2F1tcw143g!19sChIJw-6Ji9tjtTMR5Jv2dxdY7m8?authuser=0&hl=en&rclk=1,"pharmacy in Puerto Princesa, Palawan, Philippines",Puerto Princesa
Mercury Drug,5.0,(1),(048) 434 1095,https://wa.me/0484341095,,,Pharmacy,434 1095,https://www.mercurydrug.com/store-locator.html,,,,9.7583007,118.7473603,https://www.google.com/maps/place/Mercury+Drug/data=!4m7!3m6!1s0x33b56300578f46c5:0x1546d0cfe16603ec!8m2!3d9.7583007!4d118.7473603!16s%2Fg%2F11yy2k1ry2!19sChIJxUaPVwBjtTMR7ANm4c_QRhU?authuser=0&hl=en&rclk=1,"pharmacy in Puerto Princesa, Palawan, Philippines",Puerto Princesa
Mercury Drug,3.8,(20),(048) 434 1095,https://wa.me/0484341095,,,Pharmacy,434 1095,https://www.mercurydrug.com/,,,,9.7522785,118.7479138,https://www.google.com/maps/place/Mercury+Drug/data=!4m7!3m6!1s0x33b563eb71c8eb8d:0x6eeaa044f2dbd0c4!8m2!3d9.7522785!4d118.7479138!16s%2Fg%2F1td4b26b!19sChIJjevIcetjtTMRxNDb8kSg6m4?authuser=0&hl=en&rclk=1,"pharmacy in Puerto Princesa, Palawan, Philippines",Puerto Princesa
West Ern Pharmacy - Puerto,4.2,(5),,,,,Pharmacy,,,,,,9.751795,118.7558509,https://www.google.com/maps/place/West+Ern+Pharmacy+-+Puerto/data=!4m7!3m6!1s0x33b5631bfdb9d8b7:0x5bc78238a810dde9!8m2!3d9.751795!4d118.7558509!16s%2Fg%2F11st925kdk!19sChIJt9i5_RtjtTMR6d0QqDiCx1s?authuser=0&hl=en&rclk=1,"pharmacy in Puerto Princesa, Palawan, Philippines",Puerto Princesa
Puerto Biochemist Drug inc,4.8,(4),(048) 433 2101,https://wa.me/0484332101,,,Pharmacy,433 2101,,,,,9.7951882,118.7352826,https://www.google.com/maps/place/Puerto+Biochemist+Drug+inc/data=!4m7!3m6!1s0x33b563162465f211:0x9b5fb902a99be3f0!8m2!3d9.7951882!4d118.7352826!16s%2Fg%2F1ptxrl3kw!19sChIJEfJlJBZjtTMR8OObqQK5X5s?authuser=0&hl=en&rclk=1,"pharmacy in Puerto Princesa, Palawan, Philippines",Puerto Princesa
HealthCorner Pharmacy,5.0,(1),916 101 3693,https://wa.me/9161013693,,,Pharmacy,0916 101 3693,,,,,9.7616585,118.7346077,https://www.google.com/maps/place/HealthCorner+Pharmacy/data=!4m7!3m6!1s0x33b56369c8e77af1:0xae6c706205f03efa!8m2!3d9.7616585!4d118.7346077!16s%2Fg%2F11w1pws78r!19sChIJ8XrnyGljtTMR-j7wBWJwbK4?authuser=0&hl=en&rclk=1,"pharmacy in Puerto Princesa, Palawan, Philippines",Puerto Princesa
CHRISVANA PHARMACY,5.0,(1),,,,,Pharmacy,,,,,,9.7661771,118.7427984,https://www.google.com/maps/place/CHRISVANA+PHARMACY/data=!4m7!3m6!1s0x33b563a2a1e360cf:0xe59a3cdce46aefdf!8m2!3d9.7661771!4d118.7427984!16s%2Fg%2F11kbbs2jnm!19sChIJz2DjoaJjtTMR3-9q5Nw8muU?authuser=0&hl=en&rclk=1,"pharmacy in Puerto Princesa, Palawan, Philippines",Puerto Princesa
SM Supermarket Puerto Princesa,4.3,"(1,024)",,,,,Pharmacy,3433 2754,https://smmarkets.ph/,,,,9.7430634,118.7392111,https://www.google.com/maps/place/SM+Supermarket+Puerto+Princesa/data=!4m7!3m6!1s0x33b563dd0770f4fb:0x51b8ea5407726fa3!8m2!3d9.7430634!4d118.7392111!16s%2Fg%2F11c6lh5z9_!19sChIJ-_RwB91jtTMRo29yB1TquFE?authuser=0&hl=en&rclk=1,"pharmacy in Puerto Princesa, Palawan, Philippines",Puerto Princesa
DRUGMAN DRUG HOUSE,4.5,(4),,,,,Pharmacy,,,,,,9.7953313,118.7122794,https://www.google.com/maps/place/DRUGMAN+DRUG+HOUSE/data=!4m7!3m6!1s0x33b562e71e7b67e5:0xe37b125540e0af87!8m2!3d9.7953313!4d118.7122794!16s%2Fg%2F11tsqrgsbx!19sChIJ5Wd7HuditTMRh6_gQFUSe-M?authuser=0&hl=en&rclk=1,"pharmacy in Puerto Princesa, Palawan, Philippines",Puerto Princesa
"PUERTO BIOCHEMIST DRUG, INC - Jesus Heals",3.8,(6),(048) 433 6452,https://wa.me/0484336452,,,Pharmacy,433 6452,,,,,9.7399119,118.7433533,"https://www.google.com/maps/place/PUERTO+BIOCHEMIST+DRUG,+INC+-+Jesus+Heals/data=!4m7!3m6!1s0x33b5636d78d3ff3d:0x150eb5123af07093!8m2!3d9.7399119!4d118.7433533!16s%2Fg%2F11h0ck_5ds!19sChIJPf_TeG1jtTMRk3DwOhK1DhU?authuser=0&hl=en&rclk=1","pharmacy in Puerto Princesa, Palawan, Philippines",Puerto Princesa
JOSMEF PHARMA INC - PALAWAN BRANCH (PHARMACY),5.0,(3),915 811 1505,https://wa.me/9158111505,,,Pharmacy,0915 811 1505,https://josmefmedcorp.com/,,,,9.7403092,118.7409284,https://www.google.com/maps/place/JOSMEF+PHARMA+INC+-+PALAWAN+BRANCH+%28PHARMACY%29/data=!4m7!3m6!1s0x33b56377ae280bad:0x6d7c899b2df45069!8m2!3d9.7403092!4d118.7409284!16s%2Fg%2F11w28t64hc!19sChIJrQsorndjtTMRaVD0LZuJfG0?authuser=0&hl=en&rclk=1,"pharmacy in Puerto Princesa, Palawan, Philippines",Puerto Princesa
The Generics Pharmacy,4.0,(1),,,,,Pharmacy,,,,,,9.7475798,118.7437089,https://www.google.com/maps/place/The+Generics+Pharmacy/data=!4m7!3m6!1s0x33b563e9d3b70bf5:0xe992ca42a143e356!8m2!3d9.7475798!4d118.7437089!16s%2Fg%2F1tvgrwqc!19sChIJ9Qu30-ljtTMRVuNDoULKkuk?authuser=0&hl=en&rclk=1,"pharmacy in Puerto Princesa, Palawan, Philippines",Puerto Princesa
Princemark Drugmark Distributor,4.5,(2),(048) 433 6059,https://wa.me/0484336059,,,Pharmacy,33 F,,,,,9.7580496,118.7503541,https://www.google.com/maps/place/Princemark+Drugmark+Distributor/data=!4m7!3m6!1s0x33b56393952e8c75:0xb3e73c34e5984cae!8m2!3d9.7580496!4d118.7503541!16s%2Fg%2F11bc7qgwts!19sChIJdYwulZNjtTMRrkyY5TQ857M?authuser=0&hl=en&rclk=1,"pharmacy in Puerto Princesa, Palawan, Philippines",Puerto Princesa
Aquamonte Water Refilling Station,4.0,(5),919 521 1910,https://wa.me/9195211910,,,Pharmacy,0919 521 1910,,,,,9.7518225,118.7542652,https://www.google.com/maps/place/Aquamonte+Water+Refilling+Station/data=!4m7!3m6!1s0x33b563ed7bbdb917:0xe9560c1faf813774!8m2!3d9.7518225!4d118.7542652!16s%2Fg%2F11bzxz5g_g!19sChIJF7m9e-1jtTMRdDeBrx8MVuk?authuser=0&hl=en&rclk=1,"pharmacy in Puerto Princesa, Palawan, Philippines",Puerto Princesa
Drugman Tiniguiban,4.0,(239),,,,,Pharmacy,,,,,,9.7783922,118.7387343,https://www.google.com/maps/place/Drugman+Tiniguiban/data=!4m7!3m6!1s0x33b5630bcf2237bf:0xb9b223cc771d6d0a!8m2!3d9.7783922!4d118.7387343!16s%2Fg%2F11b6z3j488!19sChIJvzcizwtjtTMRCm0dd8wjsrk?authuser=0&hl=en&rclk=1,"pharmacy in Puerto Princesa, Palawan, Philippines",Puerto Princesa
GROCERMAN,5.0,(1),,,,,Pharmacy,,,,,,9.7418875,118.736741,https://www.google.com/maps/place/GROCERMAN/data=!4m7!3m6!1s0x33b563db8d01c199:0xef84dbab3b2cd56e!8m2!3d9.7418875!4d118.736741!16s%2Fg%2F11xrw8dvf3!19sChIJmcEBjdtjtTMRbtUsO6vbhO8?authuser=0&hl=en&rclk=1,"pharmacy in Puerto Princesa, Palawan, Philippines",Puerto Princesa
Naval Station Apolinario Jalandoon Medical Dispensary,5.0,(5),977 899 0011,https://wa.me/9778990011,,,Pharmacy,0977 899 0011,,,,,9.7480801,118.7617692,https://www.google.com/maps/place/Naval+Station+Apolinario+Jalandoon+Medical+Dispensary/data=!4m7!3m6!1s0x33b563005a973083:0x1616794478a8ccfd!8m2!3d9.7480801!4d118.7617692!16s%2Fg%2F11wq8phlz3!19sChIJgzCXWgBjtTMR_cyoeER5FhY?authuser=0&hl=en&rclk=1,"pharmacy in Puerto Princesa, Palawan, Philippines",Puerto Princesa
"TGP The Generics Pharmacy (Red Violet Blue Bldg, Puerto Princesa)",4.0,(1),938 783 4157,https://wa.me/9387834157,,,Pharmacy,0938 783 4157,http://www.tgp.com.ph/,,,,9.7396751,118.740576,"https://www.google.com/maps/place/TGP+The+Generics+Pharmacy+%28Red+Violet+Blue+Bldg,+Puerto+Princesa%29/data=!4m7!3m6!1s0x33b563de7b2b1eed:0x4339fcc8263afc2f!8m2!3d9.7396751!4d118.740576!16s%2Fg%2F11gffp2shz!19sChIJ7R4re95jtTMRL_w6Jsj8OUM?authuser=0&hl=en&rclk=1","pharmacy in Puerto Princesa, Palawan, Philippines",Puerto Princesa
"TGP The Generics Pharmacy (Common Bldg.,Puerto Princesa)",4.0,(1),998 975 5708,https://wa.me/9989755708,,,Pharmacy,0998 975 5708,http://www.tgp.com.ph/,,,,9.783915,118.7442154,"https://www.google.com/maps/place/TGP+The+Generics+Pharmacy+%28Common+Bldg.,Puerto+Princesa%29/data=!4m7!3m6!1s0x33b5637290e53e8d:0x93f62064dd5aff3d!8m2!3d9.783915!4d118.7442154!16s%2Fg%2F11f3sw3zk6!19sChIJjT7lkHJjtTMRPf9a3WQg9pM?authuser=0&hl=en&rclk=1","pharmacy in Puerto Princesa, Palawan, Philippines",Puerto Princesa
Healing Galing Outlet,5.0,(1),928 763 1775,https://wa.me/9287631775,,,Pharmacy,0928 763 1775,,,,,9.741136,118.7329067,https://www.google.com/maps/place/Healing+Galing+Outlet/data=!4m7!3m6!1s0x33b563ec9ecac83f:0x290a7a256f754eeb!8m2!3d9.741136!4d118.7329067!16s%2Fg%2F11jm_f87k5!19sChIJP8jKnuxjtTMR6051byV6Cik?authuser=0&hl=en&rclk=1,"pharmacy in Puerto Princesa, Palawan, Philippines",Puerto Princesa
TLC Veterinary Clinic - Rizal Avenue Branch,3.8,(65),961 415 9599,https://wa.me/9614159599,,,Pharmacy,0961 415 9599,,,,,9.7403785,118.7392059,https://www.google.com/maps/place/TLC+Veterinary+Clinic+-+Rizal+Avenue+Branch/data=!4m7!3m6!1s0x33b563e1afd6271f:0xeef0c4fe594bd3d!8m2!3d9.7403785!4d118.7392059!16s%2Fg%2F11k8fmscrg!19sChIJHyfWr-FjtTMRPb2U5U8M7w4?authuser=0&hl=en&rclk=1,"pharmacy in Puerto Princesa, Palawan, Philippines",Puerto Princesa
SSPRESS O! Coffee & Co.,4.9,(53),917 676 0090,https://wa.me/9176760090,,https://www.facebook.com/sspressocoffeeandco/,Pharmacy,0917 676 0090,https://www.facebook.com/sspressocoffeeandco/,,,,9.7543653,118.7477094,https://www.google.com/maps/place/SSPRESS+O!+Coffee+%26+Co./data=!4m7!3m6!1s0x33b5636877a71455:0x5dc751ee5b5c3bbe!8m2!3d9.7543653!4d118.7477094!16s%2Fg%2F11s46t1gl7!19sChIJVRSnd2hjtTMRvjtcW-5Rx10?authuser=0&hl=en&rclk=1,"pharmacy in Puerto Princesa, Palawan, Philippines",Puerto Princesa
Rover Medical & Dental Supplies,4.5,(2),(048) 434 3755,https://wa.me/0484343755,,https://www.facebook.com/profile.php?id=100063841453814&mibextid=ZbWKwL,Pharmacy,154 Malvar Road,https://www.facebook.com/profile.php?id=100063841453814&mibextid=ZbWKwL,,,,9.7423909,118.737433,https://www.google.com/maps/place/Rover+Medical+%26+Dental+Supplies/data=!4m7!3m6!1s0x33b563632620408b:0x1d4d50bd0468582d!8m2!3d9.7423909!4d118.737433!16s%2Fg%2F11v9z29v7h!19sChIJi0AgJmNjtTMRLVhoBL1QTR0?authuser=0&hl=en&rclk=1,"pharmacy in Puerto Princesa, Palawan, Philippines",Puerto Princesa
Pets United Veterinary Clinic,4.6,(54),995 593 0513,https://wa.me/9955930513,,,Pharmacy,0995 593 0513,https://petsunitedvet.com/,,,,9.785136,118.737359,https://www.google.com/maps/place/Pets+United+Veterinary+Clinic/data=!4m7!3m6!1s0x33b5630dfde5e74b:0x2ad2f2fe16da2b8!8m2!3d9.785136!4d118.737359!16s%2Fg%2F1tcvltcc!19sChIJS-fl_Q1jtTMRuKJt4S8vrQI?authuser=0&hl=en&rclk=1,"pharmacy in Puerto Princesa, Palawan, Philippines",Puerto Princesa
Hilom Massage & Spa Puerto Princesa City Palawan,4.3,(51),,,,,Massage Spa,2 National Highway,https://hilommassageanspapalawan.simplybook.me/v2/book?google-maps-booking-channel=1&location=4&rwg_token=AFd1xnHtIs9aP3arUhvqD9l3AbNgzBdxS8iZsqE9K3bzbFrIQnLIMyr_0OHCHV37RoOFUFk3y5SSXh4axtK6Kck-JbZOo8LD-Q%3D%3D,https://lh3.googleusercontent.com/gps-cs-s/APNQkAEabMwoDSId4-U9zXJF_JuwllqLITVDCwwx04x4E29p8z5Imc5havn5Vkb5e7nqQuF-oJecSn7s12qQzNLxDHRbeGYK0wdGh7P2AryG__0NYhCQ4wAREm4XWHdMn0vWkEK1t-M9Kg=w1600-h1200-k-no,,,9.7580725,118.7474335,https://www.google.com/maps/place/Hilom+Massage+%26+Spa+Puerto+Princesa+City+Palawan/data=!4m7!3m6!1s0x33b563fcf4974499:0xbb999a5ecc29b6ba!8m2!3d9.7580725!4d118.7474335!16s%2Fg%2F11wbj5p1zk!19sChIJmUSX9PxjtTMRurYpzF6ambs?authuser=0&hl=en&rclk=1,"massage spa in Puerto Princesa, Palawan, Philippines",Puerto Princesa
Hilom Massage & Spa - Junction 1. Branch PPC Palawan,4.0,(25),,,,,Massage Spa,,https://hilommassageanspapalawan.simplybook.me/v2/book?google-maps-booking-channel=1&location=2&rwg_token=AFd1xnGb0vRxnms_xm5q5we4cgy3LN4IfYMALn-W264Zht1PhpuZoYYtN_AjSiqyYDNfNi0Gpnw6unVQE44O66KyzP5XDarvKQ%3D%3D,https://lh3.googleusercontent.com/gps-cs-s/APNQkAEloacSg26x_oLmfftFyDz2ZprCPNflWuMa4YLUe1RztdpFqAvmt5LrBUJMCG0YMGljuHLnMPYW643lQwOBU88ntMVKAioL8lSDc1Lqg4q4j0kimlx4zo-iYrHPRnrP13dHMD9sfBqwb7bo=w1600-h1200-k-no,,,9.7412876,118.7439455,https://www.google.com/maps/place/Hilom+Massage+%26+Spa+-+Junction+1.+Branch+PPC+Palawan/data=!4m7!3m6!1s0x33b563cfbe7c42bd:0x260bdbde810ff094!8m2!3d9.7412876!4d118.7439455!16s%2Fg%2F11yl42h89b!19sChIJvUJ8vs9jtTMRlPAPgd7bCyY?authuser=0&hl=en&rclk=1,"massage spa in Puerto Princesa, Palawan, Philippines",Puerto Princesa
Spa Navi,4.6,(124),,,,,Massage Spa,,,https://lh3.googleusercontent.com/gps-cs-s/APNQkAGJsu23wJOmD5lyoKajDsLZ94M_oWiAIUb6jZx56wQ4g68GeBwSdOqMp-fGOIwIaAYHIImeQErRQ3UBrBvf_rLMu_oNHkJbj9uqVd-rqFNAaZN2s2Fu3eBkFmLVT8sG71FDB3oScQ=w1600-h1200-k-no,,,9.7512406,118.7475141,https://www.google.com/maps/place/Spa+Navi/data=!4m7!3m6!1s0x33b56355c17373fd:0xd2ec0743db06426a!8m2!3d9.7512406!4d118.7475141!16s%2Fg%2F11sbbnyfpd!19sChIJ_XNzwVVjtTMRakIG20MH7NI?authuser=0&hl=en&rclk=1,"massage spa in Puerto Princesa, Palawan, Philippines",Puerto Princesa
Hilom Massage & Spa - Old Airport. Bancao-Bancao Branch Palawan.,4.7,(21),,,,,Massage Spa,,https://hilommassageanspapalawan.simplybook.me/v2/book?google-maps-booking-channel=1&location=3&rwg_token=AFd1xnEL0ix37qACNCxLmhu5ESjgT7pIP2jE9fKqHxTWwQqvtmGtvcGaG0e93XibAjw5rpsbe4i3qNULVfasG2hMKlQ3tGDPnw%3D%3D,https://lh3.googleusercontent.com/gps-cs-s/APNQkAG39_MFV8Yd8a9qO1QSb9bVRRsgrx09p2OXkFLqDG-tThbtRclsf3EKEfJO_vtI0p90FElXKmTW8ZMteBD0d3VuEwUZKAACNbFIy_0cTTC_k7ett6e8NnovSjUhEYo7monv5heoQWV3aQuN=w1600-h1200-k-no,,,9.73952,118.7556023,https://www.google.com/maps/place/Hilom+Massage+%26+Spa+-+Old+Airport.+Bancao-Bancao+Branch+Palawan./data=!4m7!3m6!1s0x33b563e6dce58abb:0xe8d1c01841acd131!8m2!3d9.73952!4d118.7556023!16s%2Fg%2F11yh87rp7f!19sChIJu4rl3OZjtTMRMdGsQRjA0eg?authuser=0&hl=en&rclk=1,"massage spa in Puerto Princesa, Palawan, Philippines",Puerto Princesa
W spa and sauna,4.0,(90),,,,,Massage Spa,,,https://lh3.googleusercontent.com/gps-cs-s/APNQkAH3fvdVIEorIsONFgCdwdJij90vAJbQegpjtyG3d2lLpypFZZFDtgomHzqqDj0SFtzOnY61lcoJMJcdzgwTMIGVq6GJZHVf0U1UUxrWEDRlzO5OcJHz7OP1-Q89cd9K629r9xAzLw=w1600-h1200-k-no,,,9.7663939,118.746363,https://www.google.com/maps/place/W+spa+and+sauna/data=!4m7!3m6!1s0x33b56319c7671f79:0xf6429e7c36dcf919!8m2!3d9.7663939!4d118.746363!16s%2Fg%2F11jyckml52!19sChIJeR9nxxljtTMRGfncNnyeQvY?authuser=0&hl=en&rclk=1,"massage spa in Puerto Princesa, Palawan, Philippines",Puerto Princesa
Hagud massage and spa,4.3,(11),,,,,Massage Spa,,,https://lh3.googleusercontent.com/gps-cs-s/APNQkAFaIsUkan82itCtpEmK5bbvewCzj5wSFGSNIOVu-ZAp9rilnY-2VK7GRzfN8zGikcc0Pctf6o28R50UgaZVtLpF-hu2MNZ7n0oWWFh4W6jkuEk7RJLmBJfEXq99rLZb34qI6gutO2Kek584=w1600-h1200-k-no,,,9.7404241,118.744163,https://www.google.com/maps/place/Hagud+massage+and+spa/data=!4m7!3m6!1s0x33b56300706857ef:0x65f426cba4d46969!8m2!3d9.7404241!4d118.744163!16s%2Fg%2F11z72_ky28!19sChIJ71docABjtTMRaWnUpMsm9GU?authuser=0&hl=en&rclk=1,"massage spa in Puerto Princesa, Palawan, Philippines",Puerto Princesa
Amacan Spa- Tiniguiban Branch,4.5,(28),,,,,Massage Spa,1 Gabinete Building,https://www.fresha.com/book-now/amacan-spa-puerto-princesa-city-dmk5ppwz/all-offer?id=1185554&pId=1124733&rwg_token=AFd1xnF3cElNlUnE4tyA6DYm-qK07e5QJnwXKllJoYW0KVbBRCsSBwmrE1Bb3D2Wmg6_-8l4SOKgOKSrFMUw8LhCcaryC9M5Iw%3D%3D,https://lh3.googleusercontent.com/gps-cs-s/APNQkAFNqy01CnVAs-aMUU6pCh8vPXaA1bPuLp86INFlynd2B4NFZeTnJSYZvbRSI9hidrgZNytJ0YDQ5Cn5MZqx2GNjq6I2IAtJAaEfOUa1JArrzViaitvhotcJaHwqkLUgoGlieWYwmA=w1600-h1200-k-no,,,9.7789792,118.738151,https://www.google.com/maps/place/Amacan+Spa-+Tiniguiban+Branch/data=!4m7!3m6!1s0x33b5636bc136a9a7:0x13dca30ad652facf!8m2!3d9.7789792!4d118.738151!16s%2Fg%2F11h76lyrr4!19sChIJp6k2wWtjtTMRz_pS1gqj3BM?authuser=0&hl=en&rclk=1,"massage spa in Puerto Princesa, Palawan, Philippines",Puerto Princesa
Hilom Massage & Spa - Baltan Branch Palawan,4.6,(56),,,,,Massage Spa,,https://hilommassageanspapalawan.simplybook.me/v2/book?google-maps-booking-channel=1&location=1&rwg_token=AFd1xnGfYbJTjGaz6DDRrquvVWW4XYowtyf6vJXC17kN_q3dftOcdbujmvxqIanyAyL3ZxGD00vjGmhTtQ17CYvgwKsFQacdZQ%3D%3D,https://lh3.googleusercontent.com/gps-cs-s/APNQkAGZfvjLV8xiaU2I6D4tCg8VmdizFxcM9kiBeX5Ad56k98gdFLUoDSFEhtbHViHsfMJUKSW-OxcylNyp5U1WNsD4rMCmWdYSgagLvb18Fef_2J0wDKuZea4IvaMk8M7qBcCkmNE87g=w1600-h1200-k-no,,,9.7412748,118.7426824,https://www.google.com/maps/place/Hilom+Massage+%26+Spa+-+Baltan+Branch+Palawan/data=!4m7!3m6!1s0x33b563ddf9474053:0xb267f25c0d9bdd6d!8m2!3d9.7412748!4d118.7426824!16s%2Fg%2F11lzq1c_47!19sChIJU0BH-d1jtTMRbd2bDVzyZ7I?authuser=0&hl=en&rclk=1,"massage spa in Puerto Princesa, Palawan, Philippines",Puerto Princesa
Amarri Spa and massage,4.8,(66),,,,,Massage Spa,,,https://lh3.googleusercontent.com/gps-cs-s/APNQkAHd16fBiCFtmfsqpnyQkzIV9UN_MvtArKcY7vAJrDE_YtAcjPBqC5sHbVuUyA-BdEgO-P8wW70ACSyFaTEbCOqgIa2YpoAunFAqZ9LoZJYh4jXoJQhR-9G_jnejAQOFU_nlhkKHjhU5SAY=w1600-h1200-k-no,,,9.7478238,118.7471984,https://www.google.com/maps/place/Amarri+Spa+and+massage/data=!4m7!3m6!1s0x33b5630016613baf:0x5730e1ff0ba1f4bf!8m2!3d9.7478238!4d118.7471984!16s%2Fg%2F11zjd1c9fl!19sChIJrzthFgBjtTMRv_ShC__hMFc?authuser=0&hl=en&rclk=1,"massage spa in Puerto Princesa, Palawan, Philippines",Puerto Princesa
Ellazeus Massage & Spa,4.6,(14),,,,,Massage Spa,208 Manalo St,,https://lh3.googleusercontent.com/gps-cs-s/APNQkAF_ZoyRnzW9dmKW5RNC7s7RFhf52P-7du0IrzgPQSEvvFhlIVf_jjSJ1GhFMFg94wMSEsWx7sjakiX7EoiG1fuENK87QqKgfWLnIduv0rDxDWThzY-fgMUl4XR5wIp6RPXGZa8nwgUigMo=w1600-h1200-k-no,,,9.735135,118.747369,https://www.google.com/maps/place/Ellazeus+Massage+%26+Spa/data=!4m7!3m6!1s0x33b563e0188813a3:0x6014cc9d14fd0b1!8m2!3d9.735135!4d118.747369!16s%2Fg%2F11tww2lq9r!19sChIJoxOIGOBjtTMRsdBP0clMAQY?authuser=0&hl=en&rclk=1,"massage spa in Puerto Princesa, Palawan, Philippines",Puerto Princesa
Raindrops Massage & Spa,4.6,(19),,,,,Massage Spa,,,https://lh3.googleusercontent.com/gps-cs-s/APNQkAEPKiWHHSen5BKgbtNbYM10zGzybVtmJZymBeW82iXQpMl_jIomi3KykdBDMrkqZwGQzZ5WaLQXXw8Twq-afwes5ve5AHjlWtyDPdUO_Qt9whiMZVHv5M_GUEMBQr8qjlynNFREwa4zfXv2=w1600-h1200-k-no,,,9.7443858,118.7458187,https://www.google.com/maps/place/Raindrops+Massage+%26+Spa/data=!4m7!3m6!1s0x33b563000943da6d:0xef1a7fb02aa1b61!8m2!3d9.7443858!4d118.7458187!16s%2Fg%2F11v_1zyzgr!19sChIJbdpDCQBjtTMRYRuqAvun8Q4?authuser=0&hl=en&rclk=1,"massage spa in Puerto Princesa, Palawan, Philippines",Puerto Princesa
Mulan's Massage And Spa,4.6,(11),,,,,Massage Spa,23 Puerto Princesa North Road,,https://lh3.googleusercontent.com/gps-cs-s/APNQkAHZmAEUw9GoGhXWX8Vs48DccyxvqNohvStKfuKZACDCaDloRJqLbYTgHi8ArZqSTiINrboXDmK7voFD1EVoqD2pc6hG6CpgyKvEL8zKanX50Oz6IwFBZUovtQNxi7PUbEOzu1-p-uLu2lw=w1600-h1200-k-no,,,9.7426713,118.744535,https://www.google.com/maps/place/Mulan%27s+Massage+And+Spa/data=!4m7!3m6!1s0x33b563af3bd7c9bf:0x8a7fa8e0b1a3dd3c!8m2!3d9.7426713!4d118.744535!16s%2Fg%2F11yg3t7m1j!19sChIJv8nXO69jtTMRPN2jseCof4o?authuser=0&hl=en&rclk=1,"massage spa in Puerto Princesa, Palawan, Philippines",Puerto Princesa
(AMANSINAYA)-D’Twin Body Massage Spa,5.0,(30),,,,,Massage Spa,,,https://lh3.googleusercontent.com/gps-cs-s/APNQkAEoCD0JrFRuS1EaQWCmeYOUzFVSUbwzy3whazWo6g90FvncDF0yLrq2r06si_p5wMDJeCkgHCDx_UgaeL4Mp7R_9mO9ogXO0UPIwOe4P4cSH7a-ETJCd3WQBE38N_Pz082aNoVwv6N7fyxE=w1600-h1200-k-no,,,9.7762413,118.747712,https://www.google.com/maps/place/%28AMANSINAYA%29-D%E2%80%99Twin+Body+Massage+Spa/data=!4m7!3m6!1s0x33b563000c7ed21b:0xb5edce849e674ae4!8m2!3d9.7762413!4d118.747712!16s%2Fg%2F11x1n9bw5n!19sChIJG9J-DABjtTMR5EpnnoTO7bU?authuser=0&hl=en&rclk=1,"massage spa in Puerto Princesa, Palawan, Philippines",Puerto Princesa
Sensa Massage and Spa Holiday Suites Branch,4.4,(21),,,,,Massage Spa,,,https://lh3.googleusercontent.com/gps-cs-s/APNQkAHkPXquCNS70aqwjHSKEzFTu5Q8wrLU7W0ztFrQ53W7_IQ30eghbVXloOQ8JwwH1QJPzlbzyD-F02XRxWMMgw_OMGKeDCAl-Fnu6LYXqcT7_tUFlxNYNiMwB0LLr0CJxQt1d3rb=w1600-h1200-k-no,,,9.767245,118.7469684,https://www.google.com/maps/place/Sensa+Massage+and+Spa+Holiday+Suites+Branch/data=!4m7!3m6!1s0x33b563e9f95a4a65:0x1a46bcc1ffe2a3e3!8m2!3d9.767245!4d118.7469684!16s%2Fg%2F11sck4t5nt!19sChIJZUpa-eljtTMR46Pi_8G8Rho?authuser=0&hl=en&rclk=1,"massage spa in Puerto Princesa, Palawan, Philippines",Puerto Princesa
Sensa Massage and Spa - San Manuel / Tiniguiban,4.2,(27),,,,,Massage Spa,,,https://lh3.googleusercontent.com/gps-cs-s/APNQkAEQHoGW0AzTsm99URZF0JG6HfRYZX93WAWpF-cSYdXv2uWva5mH3iQScdnLjusD0nJ61KFxhYKyRRv6jcBBEgzkQWw0GNJ1x52chcNPWmvaH9vkbXaV1vCygUyEFnHZa0rgqGnH=w1600-h1200-k-no,,,9.777224,118.7477843,https://www.google.com/maps/place/Sensa+Massage+and+Spa+-+San+Manuel+%2F+Tiniguiban/data=!4m7!3m6!1s0x33b563586ccb5e0b:0x480e503af3f481da!8m2!3d9.777224!4d118.7477843!16s%2Fg%2F11fjxdnnr2!19sChIJC17LbFhjtTMR2oH08zpQDkg?authuser=0&hl=en&rclk=1,"massage spa in Puerto Princesa, Palawan, Philippines",Puerto Princesa
Amacan Spa - Rizal Ave. Branch,4.1,(25),,,,,Massage Spa,,https://www.fresha.com/book-now/amacan-spa-puerto-princesa-city-dmk5ppwz/all-offer?id=1185575&pId=1124733&rwg_token=AFd1xnEpzyGPN6nfZLzdFzGai9bVJOPMSNkTM2EjaZN5oIxOZYFExx8ow9tNeaW0c0g377v5muJ4TfxjQOXnt4ToAqNx-UdTkg%3D%3D,https://lh3.googleusercontent.com/gps-cs-s/APNQkAFuw3tZMuBJiovGWm4Y8flFlwuwfBbz-xDyUagKZxC-oQ8D0drjJWTTU8e4LkvEXGLEZNMADeRLRZK8nx_vBjX_LZgdnP0N11o5lCXwmXz5mK3nDDf1rJ4Td3Pz8L8fmCEKD7C5=w1600-h1200-k-no,,,9.7403397,118.7392644,https://www.google.com/maps/place/Amacan+Spa+-+Rizal+Ave.+Branch/data=!4m7!3m6!1s0x33b563ba0f20463d:0x6934875eb66acb74!8m2!3d9.7403397!4d118.7392644!16s%2Fg%2F11vf9jn79r!19sChIJPUYgD7pjtTMRdMtqtl6HNGk?authuser=0&hl=en&rclk=1,"massage spa in Puerto Princesa, Palawan, Philippines",Puerto Princesa
Exzel Massage and Spa,3.8,(22),,,,,Massage Spa,8 Extension,,https://lh3.googleusercontent.com/gps-cs-s/APNQkAHd37i-Q0PWUnkmZC_UodHtrJYFoxXuu1eW-yX4JFrPgjBJHRnugCYx0ukqbQqOFPDQOtfrP_Oy5ckJ9RXlw0VLA_90Ozd2e5Bw1H99oCqn_lkJ-TvXvRAPxP95RUuZfGBB-q4E=w1600-h1200-k-no,,,9.7399375,118.7471875,https://www.google.com/maps/place/Exzel+Massage+and+Spa/data=!4m7!3m6!1s0x33b56301bc1428d3:0x1c9ba89930a88b91!8m2!3d9.7399375!4d118.7471875!16s%2Fg%2F11k49hqjql!19sChIJ0ygUvAFjtTMRkYuoMJmomxw?authuser=0&hl=en&rclk=1,"massage spa in Puerto Princesa, Palawan, Philippines",Puerto Princesa
Sensa Massage and Spa - San Miguel,3.6,(8),,,,,Massage Spa,,,https://lh3.googleusercontent.com/gps-cs-s/APNQkAFLiLca64k0e4rrwpVdJ3EuCv2DVJWu-drhQYMp03wztheADJCxjk56LzrLBI9ymc4SjEFMvWXwfklNYXRG89-EysScuZoBoTG9pVXzkOwZRpiwVykB9N9wRi9a4qzhtpNmuyE=w1600-h1200-k-no,,,9.7468366,118.7473113,https://www.google.com/maps/place/Sensa+Massage+and+Spa+-+San+Miguel/data=!4m7!3m6!1s0x33b5639d956f8d69:0x10d676637565d5f3!8m2!3d9.7468366!4d118.7473113!16s%2Fg%2F11sgk8ngq9!19sChIJaY1vlZ1jtTMR89VldWN21hA?authuser=0&hl=en&rclk=1,"massage spa in Puerto Princesa, Palawan, Philippines",Puerto Princesa
Palmera Wellness Spa,4.7,(9),,,,,Massage Spa,,,https://lh3.googleusercontent.com/gps-cs-s/APNQkAEFAG5ejWPgQFRSbnc_QLBREHrXuCfx9moSEmC0QfZoY2NgABy4IuTqUjOYlyCjJ1uy7BBu9Z2CO0SZOaee7AHhlwr_35dYgsyr1I1UBhi3b6rqPmFoT0O9NUn_MC0QJJCwQqxD2w=w1600-h1200-k-no,,,9.760646,118.7468839,https://www.google.com/maps/place/Palmera+Wellness+Spa/data=!4m7!3m6!1s0x33b5630070f57a27:0x27346cc53094d693!8m2!3d9.760646!4d118.7468839!16s%2Fg%2F11vt5ys20s!19sChIJJ3r1cABjtTMRk9aUMMVsNCc?authuser=0&hl=en&rclk=1,"massage spa in Puerto Princesa, Palawan, Philippines",Puerto Princesa
Dreamcare wellness massage,4.0,(58),,,,,Massage Spa,293 Rizal Avenue,,https://lh3.googleusercontent.com/gps-cs-s/APNQkAF-YJ2T7aQ9_pIdC9vHisUbFzb4dt1TATtPkaT3Y4ibDgTle5hPC6CgZiNwZCcevBx8j6dunGO7nbWDvBoqaHWHxJ5kU6c7mN8xPfLXNSa1jpOr6MpGgpFC4SQg-uv0ryz7rus=w1600-h1200-k-no,,,9.7403077,118.7420502,https://www.google.com/maps/place/Dreamcare+wellness+massage/data=!4m7!3m6!1s0x33b5631969ff5c69:0x1d69a6d8db9419a4!8m2!3d9.7403077!4d118.7420502!16s%2Fg%2F11h4dcftn4!19sChIJaVz_aRljtTMRpBmU29imaR0?authuser=0&hl=en&rclk=1,"massage spa in Puerto Princesa, Palawan, Philippines",Puerto Princesa
"La Pearlé Spa, Salon & Aesthetics - Palawan",5.0,(8),,,,,Massage Spa,,,https://lh3.googleusercontent.com/gps-cs-s/APNQkAH6uQ6-uiB4f-jImdjt9vkLN2vT8CB57a9lyFQLc6V3gDIc6Pg74lssXtYX_jKJLTAhQ8W_sUMUODe-A_HTshlD3xNbXj6QHsPkyyjpDf29tBBJJYsnnEASS1YKjj6ewANwmMSbrVDPjbHq=w1600-h1200-k-no,,,9.7545366,118.7468744,"https://www.google.com/maps/place/La+Pearl%C3%A9+Spa,+Salon+%26+Aesthetics+-+Palawan/data=!4m7!3m6!1s0x33b563478faa395b:0x6f62bb973b579b32!8m2!3d9.7545366!4d118.7468744!16s%2Fg%2F11z7n3pg2j!19sChIJWzmqj0djtTMRMptXO5e7Ym8?authuser=0&hl=en&rclk=1","massage spa in Puerto Princesa, Palawan, Philippines",Puerto Princesa
Nuat Thai Foot & Body Massage,4.6,(14),,,,,Massage Spa,,,https://streetviewpixels-pa.googleapis.com/v1/thumbnail?panoid=zLjh7xPXlrb4CppXj5T1Sw&cb_client=search.gws-prod.gps&w=80&h=92&yaw=119.28984&pitch=0&thumbfov=100,,,9.7421716,118.7409646,https://www.google.com/maps/place/Nuat+Thai+Foot+%26+Body+Massage/data=!4m7!3m6!1s0x33b563001a104d5d:0xfedd9539c2456c12!8m2!3d9.7421716!4d118.7409646!16s%2Fg%2F11lyntg4_c!19sChIJXU0QGgBjtTMREmxFwjmV3f4?authuser=0&hl=en&rclk=1,"massage spa in Puerto Princesa, Palawan, Philippines",Puerto Princesa
Nuat Thai Puerto Princesa City,4.7,(30),,,,,Massage Spa,,,https://lh3.googleusercontent.com/gps-cs-s/APNQkAE52al_slp1g1EacqVKahFHh0tXDgCqXUETVOFc0iGn1phyncQUJMHKRW6fZBMjZ4NKQOnTx83i8f4kv1nO0EPZjuQnowm_9lmqNv7Hj7Bfrj0xJ6LeEIo6HnrIbmeUIR5yzs-meA=w1600-h1200-k-no,,,9.7542805,118.7479958,https://www.google.com/maps/place/Nuat+Thai+Puerto+Princesa+City/data=!4m7!3m6!1s0x33b56321bca84ae3:0x6eb4c831b7fd3c43!8m2!3d9.7542805!4d118.7479958!16s%2Fg%2F11jlfwnhy8!19sChIJ40qovCFjtTMRQzz9tzHItG4?authuser=0&hl=en&rclk=1,"massage spa in Puerto Princesa, Palawan, Philippines",Puerto Princesa
Serenity Massage and Spa,4.0,(8),,,,,Massage Spa,600 and 800 pesos for 1h,,https://lh3.googleusercontent.com/gps-cs-s/APNQkAGanOWg2TsULCu1rAnS16SrHYPtyWsZGyoIH5FmGOCKs1n_E3XHVnv0xbxc3ABqzw4hZKRMQOH2Fg9BwqqXQaVujXr3dF-rKeppbiOUMizaRQ1lutJH-qjXX8MNuqqD3uSrbjwJxQ=w1600-h1200-k-no,,,9.7411412,118.7408141,https://www.google.com/maps/place/Serenity+Massage+and+Spa/data=!4m7!3m6!1s0x33b563004feb9243:0xd956de49463a2c50!8m2!3d9.7411412!4d118.7408141!16s%2Fg%2F11y4z90lnp!19sChIJQ5LrTwBjtTMRUCw6RkneVtk?authuser=0&hl=en&rclk=1,"massage spa in Puerto Princesa, Palawan, Philippines",Puerto Princesa
Kasanag Well-being Centre,4.5,(24),,,,,Massage Spa,,,https://lh3.googleusercontent.com/gps-cs-s/APNQkAGlGj8lZqJkmOfQEeG3irljqifT_er3jOSSW7MakgyCLIw9n7TgSaK2SwZAyAv08TnqV9G6dISnbUaIm4Zo0MIXineJLJdNBf_tuZ6_ABd-jnswfznhTep1-4NIme-RGJJYYpLQAA=w1600-h1200-k-no,,,9.7400026,118.7469718,https://www.google.com/maps/place/Kasanag+Well-being+Centre/data=!4m7!3m6!1s0x33b563c66283ad79:0x4ada3a493f93f033!8m2!3d9.7400026!4d118.7469718!16s%2Fg%2F11y4z7h4r7!19sChIJea2DYsZjtTMRM_CTP0k62ko?authuser=0&hl=en&rclk=1,"massage spa in Puerto Princesa, Palawan, Philippines",Puerto Princesa
Balai Massage Wellness and Spa,5.0,(1),,,,,Massage Spa,,,https://lh3.googleusercontent.com/gps-cs-s/APNQkAFUydVovcm6lDc4vD200ERrfn5zq_CvlWxuxNETUNNeURVjrS7VVsPnJUSxWKEcHP9i0e10wmyA5UJrlhqJddO2rSuh3ws7w5fVfy51qsB7HniKvR6OTJCc2A9MrHRLyphNeiJYXg=w1600-h1200-k-no,,,9.7741211,118.7552344,https://www.google.com/maps/place/Balai+Massage+Wellness+and+Spa/data=!4m7!3m6!1s0x33b563d277282217:0x3cadf2f533f944f4!8m2!3d9.7741211!4d118.7552344!16s%2Fg%2F11tff5dkky!19sChIJFyIod9JjtTMR9ET5M_XyrTw?authuser=0&hl=en&rclk=1,"massage spa in Puerto Princesa, Palawan, Philippines",Puerto Princesa
Haplos Massage and Spa,4.0,(2),,,,,Massage Spa,,,https://lh3.googleusercontent.com/gps-cs-s/APNQkAFCsoHBy4hB9C9YVpEKVJpR9HlEy5yLj6g78bLcYV9Na_7nMLNKwgtA069CkC2HR5w0sBjOu9YafrquQUAcrRg3aIBJWPh9buv28J4FB24bB04Fo1iUlb0C05mDmZW48eORp4Tn=w1600-h1200-k-no,,,9.7431668,118.7381905,https://www.google.com/maps/place/Haplos+Massage+and+Spa/data=!4m7!3m6!1s0x33b563793604d095:0xbc57202f7c93767a!8m2!3d9.7431668!4d118.7381905!16s%2Fg%2F11ks1n9jv2!19sChIJldAENnljtTMRenaTfC8gV7w?authuser=0&hl=en&rclk=1,"massage spa in Puerto Princesa, Palawan, Philippines",Puerto Princesa
Purple Bamboo Spa,4.0,(42),,,,,Massage Spa,,,https://lh3.googleusercontent.com/gps-cs-s/APNQkAHE5XswC0R0yxVaUsvdlfd0yzt9uRMhYnC07qhS8wXe-zA399GG0qgcVZelfSYT66kBAVaZ4PfTFICAN3XCJBH1M8GHhjCP89dIK18o3p8W-Pap19YJh7oZaF_b5zlZ5dwxofM1=w1600-h1200-k-no,,,9.7394815,118.7512344,https://www.google.com/maps/place/Purple+Bamboo+Spa/data=!4m7!3m6!1s0x33b563e49966b3f9:0x5f15cd7bb1bcaa79!8m2!3d9.7394815!4d118.7512344!16s%2Fg%2F1hdzccv7p!19sChIJ-bNmmeRjtTMReaq8sXvNFV8?authuser=0&hl=en&rclk=1,"massage spa in Puerto Princesa, Palawan, Philippines",Puerto Princesa
Spa Tagban,4.0,(2),,,,,Massage Spa,,,https://lh3.googleusercontent.com/gps-cs-s/APNQkAHwSlYDL_6o8WoUB8UuHoHuM8QWE34ivuuBxPkTfQMhUd66wB4jmVLYjv-AJvxc69qJv02Gv8L8Y7_2uhL7j8R9kMVRSdGsjy_u032SxUPyBbmLwdo3b_IjKvowKbD9ktW5Pb1p=w1600-h1200-k-no,,,9.7347174,118.7323272,https://www.google.com/maps/place/Spa+Tagban/data=!4m7!3m6!1s0x33b56162b85c8fbb:0xcd9709ab20aade6d!8m2!3d9.7347174!4d118.7323272!16s%2Fg%2F11cs1k2zys!19sChIJu49cuGJhtTMRbd6qIKsJl80?authuser=0&hl=en&rclk=1,"massage spa in Puerto Princesa, Palawan, Philippines",Puerto Princesa
Greendales Massage & Spa,3.8,(6),,,,,Massage Spa,,https://www.fresha.com/book-now/greendales-massage-spa-kckhx9my/all-offer?id=2696081&pId=2609256&rwg_token=AFd1xnFY3vQ6skc_82-wjXtrWeWr4NLmJyUcpbzSGIgTDMWNCXyuuyeRNruNU4f2g6Jn_L2e3ivy-a8y-tpDyhiQbAIzeZw-Yw%3D%3D,https://lh3.googleusercontent.com/gps-cs-s/APNQkAHAlefKNyRljHh1V7nQ8lbR0FIXaDGah4qEtFQL34xdHu2TsVlhAVbaelgHTRWCYnQqye-qNea45ecequMHZpboOnR3TQorvBmHxMW7QTxSEG5nJLNQFvrHukZmXcKhtodkp9tgg0GWsIY=w1600-h1200-k-no,,,9.7703961,118.7474481,https://www.google.com/maps/place/Greendales+Massage+%26+Spa/data=!4m7!3m6!1s0x33b5634f09a8d9b5:0x2cde8841c3de70cc!8m2!3d9.7703961!4d118.7474481!16s%2Fg%2F11xlmg_8pf!19sChIJtdmoCU9jtTMRzHDew0GI3iw?authuser=0&hl=en&rclk=1,"massage spa in Puerto Princesa, Palawan, Philippines",Puerto Princesa
Body and Soul Spa,5.0,(2),,,,,Massage Spa,,,https://streetviewpixels-pa.googleapis.com/v1/thumbnail?panoid=_NJaK5yZEcw-O4r2w-R6gQ&cb_client=search.gws-prod.gps&w=80&h=92&yaw=190.29224&pitch=0&thumbfov=100,,,9.7580922,118.7526885,https://www.google.com/maps/place/Body+and+Soul+Spa/data=!4m7!3m6!1s0x33b5638f1d82ea61:0x284e3525e8ab9044!8m2!3d9.7580922!4d118.7526885!16s%2Fg%2F11fhtdf1j0!19sChIJYeqCHY9jtTMRRJCr6CU1Tig?authuser=0&hl=en&rclk=1,"massage spa in Puerto Princesa, Palawan, Philippines",Puerto Princesa
Massage Studio,3.9,(30),,,,,Massage Spa,293 Rizal Avenue,,https://lh3.googleusercontent.com/gps-cs-s/APNQkAHTSfz3OOQuETW3Q6ADkYFDBgbS5N3sLGnkqKzxjOxewguc_8uyV9r-Sn-Q1TolKqUBizHbHNEDSHvSXCwlEBM91q8jICKglTn4p7XwuRSgLDiFutnlCQN_hA8PnBdQBnoGPM0spA=w1600-h1200-k-no,,,9.7403077,118.7420502,https://www.google.com/maps/place/Massage+Studio/data=!4m7!3m6!1s0x33b563ddfe2b63fd:0x62886c7c4578e980!8m2!3d9.7403077!4d118.7420502!16s%2Fg%2F11c7t24s1m!19sChIJ_WMr_t1jtTMRgOl4RXxsiGI?authuser=0&hl=en&rclk=1,"massage spa in Puerto Princesa, Palawan, Philippines",Puerto Princesa
Jeanaira Spa,5.0,(1),,,,,Massage Spa,,,https://streetviewpixels-pa.googleapis.com/v1/thumbnail?panoid=esDuyiAPLnqILYG3lV9sSA&cb_client=search.gws-prod.gps&w=80&h=92&yaw=357.9678&pitch=0&thumbfov=100,,,9.7404952,118.7371887,https://www.google.com/maps/place/Jeanaira+Spa/data=!4m7!3m6!1s0x33b5634ada351f7f:0xd34b9eb4678765c7!8m2!3d9.7404952!4d118.7371887!16s%2Fg%2F11fq_ykpct!19sChIJfx812kpjtTMRx2WHZ7SeS9M?authuser=0&hl=en&rclk=1,"massage spa in Puerto Princesa, Palawan, Philippines",Puerto Princesa
Vibes Massage,3.9,(30),,,,,Massage Spa,,,https://lh3.googleusercontent.com/gps-cs-s/APNQkAGCI_70ZOchimiABYvkD9YmGzwAy5iVnT8ex-MxsZjBpX9SJlB44W3mg9mWEbrObuGxSqbP362t2IwwgsifsqC1n06B82m25Rx5GkHq3wFs0C4KNAsECbC6aNUvMy6ykblaXAT7Ig=w1600-h1200-k-no,,,9.7455589,118.7505434,https://www.google.com/maps/place/Vibes+Massage/data=!4m7!3m6!1s0x33b563ef153d382d:0xc0fe5def522df832!8m2!3d9.7455589!4d118.7505434!16s%2Fg%2F11ggflrn8t!19sChIJLTg9Fe9jtTMRMvgtUu9d_sA?authuser=0&hl=en&rclk=1,"massage spa in Puerto Princesa, Palawan, Philippines",Puerto Princesa
BeautyFeel — Skin · Face · Nails · Massage,4.1,(36),,,,,Massage Spa,,,https://lh3.googleusercontent.com/gps-cs-s/APNQkAFiJowDcDUBCO5EILKZvLprF83b2fEPIWN65l_SOV65bthv2dxywtrude0Yw50eNBT2R2eY-Djw-htf1cMLb1T2kjxyoorGlMbYfTVZIWlRlbpEgdP9A_M9t4ZpO6osBTYQ6nm41g=w1600-h1200-k-no,,,9.7410628,118.7400023,https://www.google.com/maps/place/BeautyFeel+%E2%80%94+Skin+%C2%B7+Face+%C2%B7+Nails+%C2%B7+Massage/data=!4m7!3m6!1s0x33b5632ad4f7dcf3:0x578b04c106eb885f!8m2!3d9.7410628!4d118.7400023!16s%2Fg%2F11tj1b8kzz!19sChIJ89z31CpjtTMRX4jrBsEEi1c?authuser=0&hl=en&rclk=1,"massage spa in Puerto Princesa, Palawan, Philippines",Puerto Princesa
Plumberry Nails And Day Spa,4.3,(26),,,,,Massage Spa,275 Rizal Avenue,,https://lh3.googleusercontent.com/gps-cs-s/APNQkAHD8Y4XBTEeDxx-zItp82LLqygNpQ5-ABtioxIGMaiHRotZojbpycDfZAu92lVxJxsoDvoILXAA8zmyC0mzCRcdqsgzv8cplBcQQVsq3yXZgeyOtERvPXuhomXC1b9NerbbgSIx9M9tiYD5=w1600-h1200-k-no,,,9.7403803,118.7409817,https://www.google.com/maps/place/Plumberry+Nails+And+Day+Spa/data=!4m7!3m6!1s0x33b563dddbe442ff:0x981bd8d2e88272a1!8m2!3d9.7403803!4d118.7409817!16s%2Fg%2F11fnw13d2f!19sChIJ_0Lk291jtTMRoXKC6NLYG5g?authuser=0&hl=en&rclk=1,"massage spa in Puerto Princesa, Palawan, Philippines",Puerto Princesa
Sea Tree Spa - Puerto Princesa,5.0,(1),,,,,Massage Spa,,,https://lh3.googleusercontent.com/gps-cs-s/APNQkAFBx_QR3qrf8wzno5RZ4k9-OJWmpQZQfYQKBf8Yig1Tng3mg5WjgGlwv3DlEK-S7jSrMwBJHPlXTyEH8irooH4T5Ya7b38ZHiWlwnqMzcm1vduOuyturIrKDp2Laam2WWZ--Qs=w1600-h1200-k-no,,,9.7591132,118.7704617,https://www.google.com/maps/place/Sea+Tree+Spa+-+Puerto+Princesa/data=!4m7!3m6!1s0x33b565ae0820037d:0xc723397f82e91f8e!8m2!3d9.7591132!4d118.7704617!16s%2Fg%2F11wg4jfhxh!19sChIJfQMgCK5ltTMRjh_pgn85I8c?authuser=0&hl=en&rclk=1,"massage spa in Puerto Princesa, Palawan, Philippines",Puerto Princesa
MasaheSpa,4.3,(10),,,,,Massage Spa,104 Lacao St,,https://lh3.googleusercontent.com/gps-cs-s/APNQkAFMpNrXhQwlupCBP4fnDuInsX5AdSNuaEWTvewrg6GzDBuWo0_NofUZJRTC6r79qzrdQzzce48J1l4rBZbdsYsclT0fpd1H7nYMuqbXwPNsmGiou-UV4QYpeYqz-ABbuC4yn8dG_d2lgxA3=w1600-h1200-k-no,,,9.7361281,118.740118,https://www.google.com/maps/place/MasaheSpa/data=!4m7!3m6!1s0x33b563004d8ac1db:0x6511795545c24edd!8m2!3d9.7361281!4d118.740118!16s%2Fg%2F11xsg8bzw1!19sChIJ28GKTQBjtTMR3U7CRVV5EWU?authuser=0&hl=en&rclk=1,"massage spa in Puerto Princesa, Palawan, Philippines",Puerto Princesa
Cherry Massage Center,5.0,(5),,,,,Massage Spa,,,https://lh3.googleusercontent.com/gps-cs-s/APNQkAFjTJnHfraU6dGruWLAM7Q5twnHOUR5h5gSMjCMy1QV_E8gsCnIQiIXyqQ98_ygk_YJOc31Fanpi9YG1TxrWPLrDjPoDOQBfhK4zzNuVYEcYx3DRGaBC-ZuiqeY0A_AhgLj_iKvHQ=w1600-h1200-k-no,,,9.7524887,118.7598934,https://www.google.com/maps/place/Cherry+Massage+Center/data=!4m7!3m6!1s0x33b5630ab8bb20cb:0xda2b0a7ec4061002!8m2!3d9.7524887!4d118.7598934!16s%2Fg%2F11h8bhvk64!19sChIJyyC7uApjtTMRAhAGxH4KK9o?authuser=0&hl=en&rclk=1,"massage spa in Puerto Princesa, Palawan, Philippines",Puerto Princesa
Panja resort prana healing spa,4.9,(8),,,,,Massage Spa,,,https://lh3.googleusercontent.com/gps-cs-s/APNQkAHnYSXCh3IJiGljAYStWIHqUKFgklqsgJdNCVcBreJhvL1fmYBJ0I8MeitXnIvBiISh7onCNuIQS6A7F9UMXDLo82D_3jhVQ0bucV35SyaHcM8mhNww4ul-ium5OjbCUPbgfifq=w1600-h1200-k-no,,,9.815092,118.7355748,https://www.google.com/maps/place/Panja+resort+prana+healing+spa/data=!4m7!3m6!1s0x33b563d91869c32f:0xd83e77c0be5e77ef!8m2!3d9.815092!4d118.7355748!16s%2Fg%2F11gjy788fx!19sChIJL8NpGNljtTMR73devsB3Ptg?authuser=0&hl=en&rclk=1,"massage spa in Puerto Princesa, Palawan, Philippines",Puerto Princesa
Yashita Spa Palawan,4.0,(3),,,,,Massage Spa,5 LGQ Building Nat,,https://streetviewpixels-pa.googleapis.com/v1/thumbnail?panoid=8nfkCx6qzIp2vjpgXUMGIg&cb_client=search.gws-prod.gps&w=80&h=92&yaw=359.60513&pitch=0&thumbfov=100,,,9.7540777,118.7478833,https://www.google.com/maps/place/Yashita+Spa+Palawan/data=!4m7!3m6!1s0x33b563daa13d00d7:0x3d66b1f37617e0a2!8m2!3d9.7540777!4d118.7478833!16s%2Fg%2F11fk441w4g!19sChIJ1wA9odpjtTMRouAXdvOxZj0?authuser=0&hl=en&rclk=1,"massage spa in Puerto Princesa, Palawan, Philippines",Puerto Princesa
Janrick Massage,3.5,(4),,,,,Massage Spa,,,https://lh3.googleusercontent.com/gps-cs-s/APNQkAH1sujw5di_UGTByvTqn8xFsGxL1HaoiF6H0F0uy1d5XCsOdPB94YHylUqginQUKLvH6pDzQ_TE_3KM8gIi86ZfHb9G9tiSwT3_CjbLWbiK7uiWab1LpA_X0lm2fJfjmja_47wf=w1600-h1200-k-no,,,9.740673,118.7440545,https://www.google.com/maps/place/Janrick+Massage/data=!4m7!3m6!1s0x33b56300124b6fa7:0x593990fb8a6067!8m2!3d9.740673!4d118.7440545!16s%2Fg%2F11y4z4t8mr!19sChIJp29LEgBjtTMRZ2CK-5A5WQA?authuser=0&hl=en&rclk=1,"massage spa in Puerto Princesa, Palawan, Philippines",Puerto Princesa
Nail Story,4.9,(341),,,,,Massage Spa,,,https://lh3.googleusercontent.com/gps-cs-s/APNQkAEYZ_E9vvi0rmmZr2XCN7mJQwR_GdZ-GnkpQy5oqSqDxovuFWjgCxvi5cR2z8KHTntNoNvDBGVS4vRYacQ0ctHn5QpWYcb0VzTIHoQXYhmbWD31Ck7-2MHwMynJLIgAKNLpVmAr=w1600-h1200-k-no,,,9.7432599,118.7395614,https://www.google.com/maps/place/Nail+Story/data=!4m7!3m6!1s0x33b56372ab831b45:0xb9afca1b04bfcd34!8m2!3d9.7432599!4d118.7395614!16s%2Fg%2F11st9yn02m!19sChIJRRuDq3JjtTMRNM2_BBvKr7k?authuser=0&hl=en&rclk=1,"massage spa in Puerto Princesa, Palawan, Philippines",Puerto Princesa
DocWy Spa,5.0,(3),,,,,Massage Spa,,,https://lh3.googleusercontent.com/gps-cs-s/APNQkAFqZt4v8305a-eYL46rtuNUeouNx2RxooTeArmD-tmVJqRUicrC99VzH1K0AHaVfB57TP3sRZAl9aROLJ59Pyh4Ea3u0zJgwQ0DbueZMmUIlUEp4VS5boLu0oMbyvOFGCtb8kyW_w=w1600-h1200-k-no,,,9.751576,118.7516714,https://www.google.com/maps/place/DocWy+Spa/data=!4m7!3m6!1s0x33b563da35317c39:0xa6626f9154616999!8m2!3d9.751576!4d118.7516714!16s%2Fg%2F11tsv0s1_x!19sChIJOXwxNdpjtTMRmWlhVJFvYqY?authuser=0&hl=en&rclk=1,"massage spa in Puerto Princesa, Palawan, Philippines",Puerto Princesa
ASIAN MASSAGE,5.0,(1),,,,,Massage Spa,2 San Manuel Road,,https://streetviewpixels-pa.googleapis.com/v1/thumbnail?panoid=kkeRJCz4r32kdUKxGEMu3g&cb_client=search.gws-prod.gps&w=80&h=92&yaw=269.1735&pitch=0&thumbfov=100,,,9.778049,118.7520696,https://www.google.com/maps/place/ASIAN+MASSAGE/data=!4m7!3m6!1s0x33b5637721015067:0xb81fa9cfa14edad!8m2!3d9.778049!4d118.7520696!16s%2Fg%2F11l5dlh285!19sChIJZ1ABIXdjtTMRre0U-pz6gQs?authuser=0&hl=en&rclk=1,"massage spa in Puerto Princesa, Palawan, Philippines",Puerto Princesa
D&C Kreation Salon & Spa,3.9,(14),,,,,Massage Spa,,,https://lh3.googleusercontent.com/gps-cs-s/APNQkAHuV-vJWLcY-j-0y8D_Xq18HzQMpHMNN-Jovs5uh1jDCHiqyxS8oWb96T_6mFkEoWZbrZ7jDEFdVk9UFqHUbcNxhmmFhXvtBokzPXGbnPMTVDxiHQ2iOPTWbnG4Qo2pyxkNknLJTR5Pxfx0=w1600-h1200-k-no,,,9.7431624,118.7381908,https://www.google.com/maps/place/D%26C+Kreation+Salon+%26+Spa/data=!4m7!3m6!1s0x33b563dd2d49f133:0x307b6d68313a493b!8m2!3d9.7431624!4d118.7381908!16s%2Fg%2F11l5dlmjm7!19sChIJM_FJLd1jtTMRO0k6MWhtezA?authuser=0&hl=en&rclk=1,"massage spa in Puerto Princesa, Palawan, Philippines",Puerto Princesa
I Touch Massage - Robinsons Palawan,3.7,(3),,,,,Massage Spa,2 Robinsons Place Palawan,,https://streetviewpixels-pa.googleapis.com/v1/thumbnail?panoid=IS3gJ0cjtLBvDorYLvi_yA&cb_client=search.gws-prod.gps&w=80&h=92&yaw=90.97128&pitch=0&thumbfov=100,,,9.7670357,118.7482247,https://www.google.com/maps/place/I+Touch+Massage+-+Robinsons+Palawan/data=!4m7!3m6!1s0x33b5638263122cbd:0xdec69c1a61b56bf!8m2!3d9.7670357!4d118.7482247!16s%2Fg%2F11fmlkz3hp!19sChIJvSwSY4JjtTMRv1YbpsFp7A0?authuser=0&hl=en&rclk=1,"massage spa in Puerto Princesa, Palawan, Philippines",Puerto Princesa
eunoia Massage & Spa,5.0,(1),,,,,Massage Spa,,,https://streetviewpixels-pa.googleapis.com/v1/thumbnail?panoid=UUK1CHSpAomgDDNCedUy4A&cb_client=search.gws-prod.gps&w=80&h=92&yaw=195.55722&pitch=0&thumbfov=100,,,9.7395013,118.7512557,https://www.google.com/maps/place/eunoia+Massage+%26+Spa/data=!4m7!3m6!1s0x33b563e47a241af1:0x78904f3c8fccca82!8m2!3d9.7395013!4d118.7512557!16s%2Fg%2F11xthjglbk!19sChIJ8RokeuRjtTMRgsrMjzxPkHg?authuser=0&hl=en&rclk=1,"massage spa in Puerto Princesa, Palawan, Philippines",Puerto Princesa
G's Facial Spa,5.0,(3),,,,,Massage Spa,,,https://lh3.googleusercontent.com/gps-cs-s/APNQkAE9ROjysFffMm9ptxgv1tLciqk452eQyXF5M6gcieqAuoxPOhmt79RPgZLUz-iqCKDBmPgxjvm1XmLsKFtJhlpYyVznRDFH3BgGUY7LHGe-axuKRGFo_D3J-q-Svwwu6rzRstqB=w1600-h1200-k-no,,,9.754819,118.7471947,https://www.google.com/maps/place/G%27s+Facial+Spa/data=!4m7!3m6!1s0x33b563f8166d683d:0xbc0d5bafd3210906!8m2!3d9.754819!4d118.7471947!16s%2Fg%2F11twhszsch!19sChIJPWhtFvhjtTMRBgkh069bDbw?authuser=0&hl=en&rclk=1,"massage spa in Puerto Princesa, Palawan, Philippines",Puerto Princesa
Mountain Bay Spa,4.7,(3),,,,,Massage Spa,,,https://lh3.googleusercontent.com/gps-proxy/ALd4DhHknKmnuoxzdYEH4ZN9ujrvnPDega8ANTeiSEvnPKFM3UGgAKMqfCxNzJt-KByQdJO4xtFslzDWuLlrY0WzKjiWybJJT9NaU7CzMhm5A0E9RRy_UP8d_Yxp5GR78iyMfbwwKjQ3e9VsHIJ7eUiHEl_io-i8HvoSLnr_gjhkEKK-fMD4mIQ19UY=w1600-h1200-k-no,,,9.773451,118.7288326,https://www.google.com/maps/place/Mountain+Bay+Spa/data=!4m11!3m10!1s0x33b563a8f83cc5a1:0x5c3b8c98b639f797!5m3!1s2026-10-31!4m1!1i2!8m2!3d9.773451!4d118.7288326!16s%2Fg%2F1td6vnbd!19sChIJocU8-KhjtTMRl_c5tpiMO1w?authuser=0&hl=en&rclk=1,"massage spa in Puerto Princesa, Palawan, Philippines",Puerto Princesa
Elise Kang Korean Beauty salon & spa,4.6,(10),,,,,Massage Spa,,,https://lh3.googleusercontent.com/gps-cs-s/APNQkAGhZK5vR0pNaP7ztAIveQLFijuUQHBGwR4n2daYohW8OCRUXCbDGlm2kEVKYqYcFtRGmHXGwk278Np6ZFGRthNgAZuD1ji-jS2T-m1bXgOHDg07XH3Fo8_ezcR_Ni-acrRyRCh9=w1600-h1200-k-no,,,9.7553006,118.748264,https://www.google.com/maps/place/Elise+Kang+Korean+Beauty+salon+%26+spa/data=!4m7!3m6!1s0x33b563a4f6b7d0b5:0x5f11cef1c358b33e!8m2!3d9.7553006!4d118.748264!16s%2Fg%2F11ghp_6d39!19sChIJtdC39qRjtTMRPrNYw_HOEV8?authuser=0&hl=en&rclk=1,"massage spa in Puerto Princesa, Palawan, Philippines",Puerto Princesa
Princesa Garden Island Resort and Spa,4.3,"(1,701)",,,,,Massage Spa,,,https://lh3.googleusercontent.com/gps-cs-s/APNQkAH3_MfCR4tQcOt2wemRO5uv_5pKUfftcrgtXv2kUx95pOCLvcOvX4nno2xyiDbJK51gZ6A5u6ZGwwBnPoTTzpt7owgKoqRxUuMDd0m1uv34LT7IX_VSW5Zg874S6So-VTF68qIDOQ=w1600-h1200-k-no,,,9.7313852,118.7716522,https://www.google.com/maps/place/Princesa+Garden+Island+Resort+and+Spa/data=!4m11!3m10!1s0x33b566aa30c040bf:0x252e8e9e80aa2151!5m3!1s2026-10-31!4m1!1i2!8m2!3d9.7313852!4d118.7716522!16s%2Fg%2F124yj_5_l!19sChIJv0DAMKpmtTMRUSGqgJ6OLiU?authuser=0&hl=en&rclk=1,"massage spa in Puerto Princesa, Palawan, Philippines",Puerto Princesa
Balai Princesa,4.5,(114),,,,,Massage Spa,1200 each for 90m massage and 60m jacuzzi,,https://lh3.googleusercontent.com/gps-cs-s/APNQkAHCUAFKp0ueFsUhaZuLj5FZzETzQlduw7TdG5SlEWGJXFB8JtEp04IxybvIZr5_-5zxKv6G2jGOmCMxSghtDpY1adJ36wlxKI4_bb1fs5wukYhFljdFj3XhI_bKTyEXFobjHelF=w1600-h1200-k-no,,,9.7553864,118.7426573,https://www.google.com/maps/place/Balai+Princesa/data=!4m11!3m10!1s0x33b5636a6eba44e5:0x49427b3b616b267a!5m3!1s2026-10-31!4m1!1i2!8m2!3d9.7553864!4d118.7426573!16s%2Fg%2F11gxmgz9fy!19sChIJ5US6bmpjtTMReiZrYTt7Qkk?authuser=0&hl=en&rclk=1,"massage spa in Puerto Princesa, Palawan, Philippines",Puerto Princesa
Island doc spa,5.0,(2),,,,,Massage Spa,,,https://streetviewpixels-pa.googleapis.com/v1/thumbnail?panoid=vzO8aA31chbM9a_X_93Jzw&cb_client=search.gws-prod.gps&w=80&h=92&yaw=183.3497&pitch=0&thumbfov=100,,,9.8349493,118.7383615,https://www.google.com/maps/place/Island+doc+spa/data=!4m7!3m6!1s0x33b57d429a3f4e47:0xd58551359c7e65f7!8m2!3d9.8349493!4d118.7383615!16s%2Fg%2F11t1clbh21!19sChIJR04_mkJ9tTMR92V-nDVRhdU?authuser=0&hl=en&rclk=1,"massage spa in Puerto Princesa, Palawan, Philippines",Puerto Princesa
Jenina Facial Care Center,5.0,(1),,,,,Massage Spa,12 San Juan Road,,https://lh3.googleusercontent.com/gps-cs-s/APNQkAFazC2eagByDbb5sR0IPwlNErZJJyNqhIc0a7635M_1gK9KC3e7-lFAyen-M0XAK3GM7i7a0R4fBzQ8C4EbGQVMIWQNPfvC-rrA3Hmr9rZvKt0K-_0PI2sVM8ImdEHkMXcaH1Cg=w1600-h1200-k-no,,,9.7470555,118.7437379,https://www.google.com/maps/place/Jenina+Facial+Care+Center/data=!4m7!3m6!1s0x33b563975b903405:0xb16bd8dd08a44da5!8m2!3d9.7470555!4d118.7437379!16s%2Fg%2F11m__0bvcf!19sChIJBTSQW5djtTMRpU2kCN3Ya7E?authuser=0&hl=en&rclk=1,"massage spa in Puerto Princesa, Palawan, Philippines",Puerto Princesa
Enthral Lactation Massage And Wellness Center,4.0,(1),,,,,Massage Spa,,,https://lh3.googleusercontent.com/gps-cs-s/APNQkAFB0DcAQPnu0x7YFuJva4WRIUKocdDbIj4Nx4BQwVOqVff2tilWJx3xi8OqNzoqd9Lkvb7XLqsRadsoRTeK-zTfE_zERUQU-cP9kYR14Bevxnxy-i_YsAUXx2x6GbvjjCIfiwU=w1600-h1200-k-no,,,9.7397202,118.7519036,https://www.google.com/maps/place/Enthral+Lactation+Massage+And+Wellness+Center/data=!4m7!3m6!1s0x33b563003e4de94d:0xe18653170eb6d386!8m2!3d9.7397202!4d118.7519036!16s%2Fg%2F11vshynwb1!19sChIJTelNPgBjtTMRhtO2DhdThuE?authuser=0&hl=en&rclk=1,"massage spa in Puerto Princesa, Palawan, Philippines",Puerto Princesa
Beauty Studio Aesthetic By Jessa D,4.3,(46),,,,,Massage Spa,,https://www.fresha.com/book-now/beauty-studio-aesthetic-by-jessa-d-tw1o0jte/all-offer?id=1329399&pId=1262421&rwg_token=AFd1xnE65__PkxAW-viLqkMY3xndRxoMxQxJGQTb3eYEW6UzRn2I5BUyj2hqT6o57QUnM5GeX0i4bSWH2o-MpgbxvkJEy1LBJw%3D%3D,https://lh3.googleusercontent.com/gps-cs-s/APNQkAFPY-9sHaU9hKM7EUHDJSBXNMi6hAT_RPJ1mChdKjlMyJ-aVtrwNfzhkeuhe7t4jcfpsqu-eKlIHCWhevwHIr_haW4FDdS2Wqo_Ik0MDLU6xnLJwg14CHO0c73q3kNNkBK3IAclpBhU9W8=w1600-h1200-k-no,,,9.7409189,118.7438133,https://www.google.com/maps/place/Beauty+Studio+Aesthetic+By+Jessa+D/data=!4m7!3m6!1s0x33b563842eca9aa1:0x5748563d72b721a7!8m2!3d9.7409189!4d118.7438133!16s%2Fg%2F11mr21gf26!19sChIJoZrKLoRjtTMRpyG3cj1WSFc?authuser=0&hl=en&rclk=1,"massage spa in Puerto Princesa, Palawan, Philippines",Puerto Princesa
Bong Villanueva Salon,4.1,(61),,,,,Massage Spa,92 Rizal Avenue,,https://lh3.googleusercontent.com/gps-cs-s/APNQkAFbXgCgyltB5Reeh0uG4iPoqMyr2PriWqkoFJ0vORhk_EjP-J8FaA6iUI4YrGUhlp6-DCqzyIkBxq1grxXjmLDlwu-GlokLg6pTEpI50yKvPRd7L4LMqjBAO3Kv68kWn2b_Avap=w1600-h1200-k-no,,,9.7404427,118.7337381,https://www.google.com/maps/place/Bong+Villanueva+Salon/data=!4m7!3m6!1s0x33b563d985e09ea5:0xc9811377bf84e21c!8m2!3d9.7404427!4d118.7337381!16s%2Fg%2F1pztd4w8d!19sChIJpZ7ghdljtTMRHOKEv3cTgck?authuser=0&hl=en&rclk=1,"massage spa in Puerto Princesa, Palawan, Philippines",Puerto Princesa
Harbour Springs Resort & Spa Village,4.1,(53),,,,,Massage Spa,,,https://lh3.googleusercontent.com/gps-cs-s/APNQkAGDQGSJZvb_ESXPctG_RrKtFKRXwl0yaunEIS8_N0o4wOndw3wbBvQh8AFtjTCd7dRsvjglYeJRzewG7Uj2ZR8mKM28lN1de7jLtDbVp4S_hfk3QMtlBOmGJriHgxkk6YNEFrJ6kQ=w1600-h1200-k-no,,,9.8447924,118.7373414,https://www.google.com/maps/place/Harbour+Springs+Resort+%26+Spa+Village/data=!4m7!3m6!1s0x33b57ceddc10e123:0x4488b9625aa162!8m2!3d9.8447924!4d118.7373414!16s%2Fg%2F12hp58b1l!19sChIJI-EQ3O18tTMRYqFaYrmIRAA?authuser=0&hl=en&rclk=1,"massage spa in Puerto Princesa, Palawan, Philippines",Puerto Princesa
D’Twin Body Massage Spa,5.0,(1),,,,,Massage Spa,,,,,,9.7734914,118.7352066,https://www.google.com/maps/place/D%E2%80%99Twin+Body+Massage+Spa/data=!4m7!3m6!1s0x83e651af970ab6ad:0x84ba6d4580b5ef7e!8m2!3d9.7734914!4d118.7352066!16s%2Fg%2F11y00g9md6!19sChIJrbYKl69R5oMRfu-1gEVtuoQ?authuser=0&hl=en&rclk=1,"massage spa in Puerto Princesa, Palawan, Philippines",Puerto Princesa
True Obsession Nail Spa And Salon,4.1,(20),,,,,Massage Spa,,,https://lh3.googleusercontent.com/gps-cs-s/APNQkAFaxgzuHr0Gl29x3SA90xhxxLOG-mvcA_OFaFjIR-GR8oMXxaBMq7uxVebSTI752WJHCbw6viZGTdV0uGYJ3a9fSpDVJrwg0sTlMqkVpyDUIzalvU9Oj-ircRbSptJJYQy7PhI=w1600-h1200-k-no,,,9.7406433,118.7440908,https://www.google.com/maps/place/True+Obsession+Nail+Spa+And+Salon/data=!4m7!3m6!1s0x33b563fbbdcdad43:0x9f5f06f8e5f889a0!8m2!3d9.7406433!4d118.7440908!16s%2Fg%2F11g0ng8sb9!19sChIJQ63NvftjtTMRoIn45fgGX58?authuser=0&hl=en&rclk=1,"massage spa in Puerto Princesa, Palawan, Philippines",Puerto Princesa
Head To Toe Beauty Salon,4.3,(11),,,,,Massage Spa,,,https://lh3.googleusercontent.com/gps-cs-s/APNQkAFT2sYWDcfLLgGFPb2LmlSaJeJNJYhgv35PLGNMZgnGHq8lDbCDwfh-Tlx_y4uxEi2A_U5wH6rWjlQI76jVGfhH29z-CYiCWiySWd61OWLkxjMbz5HrLHMr2eVHSP4Iql2RMml7=w1600-h1200-k-no,,,9.7933569,118.749151,https://www.google.com/maps/place/Head+To+Toe+Beauty+Salon/data=!4m7!3m6!1s0x33b563399f5d4e67:0xcbe399c43fd638b1!8m2!3d9.7933569!4d118.749151!16s%2Fg%2F11fv44_b30!19sChIJZ05dnzljtTMRsTjWP8SZ48s?authuser=0&hl=en&rclk=1,"massage spa in Puerto Princesa, Palawan, Philippines",Puerto Princesa
Happy Husky Cafe / Restaurant,4.8,(259),,,,,Massage Spa,,https://www.google.com/searchviewer/42?cvd=CLw_EicKJeICIjIgEhkiF9LX29IPEQoNL2cvMTF0amt6Y3pzaBgAOgMI8A0%3D&hl=en-PH&gl=ph&fo_m=MfohQo559jFvMUOzJVpjPL1YMfZ3bInYwBDuMfaXTPp5KXh-&utm_source=tactile&gei=jZwmaoOEJtft2roPxpjKuAg&ei=jZwmaoOEJtft2roPxpjKuAg&fo_s=OA&opi=79508299&ebb=1&cs=0&foub=mcpp,https://lh3.googleusercontent.com/gps-cs-s/APNQkAFFqYrWQEx2an0gd_q5zWazoTphckL88yEvNGENmwG0B3mfEEoNrFTbT8yoNXhRrqieTclz72WFDeQBdnDtn40hNnmBzLjoMH2ACHDtpGYUp56XkJXP92bKvTLyhoObIjubuD_j=w1600-h1200-k-no,,,9.7988964,118.7126329,https://www.google.com/maps/place/Happy+Husky+Cafe+%2F+Restaurant/data=!4m7!3m6!1s0x33b563cbb54d9b41:0xdbdd4bff9797b57a!8m2!3d9.7988964!4d118.7126329!16s%2Fg%2F11tjkzczsh!19sChIJQZtNtctjtTMRerWXl_9L3ds?authuser=0&hl=en&rclk=1,"massage spa in Puerto Princesa, Palawan, Philippines",Puerto Princesa
Panja Resort Palawan,4.5,(754),,,,,Massage Spa,,,https://lh3.googleusercontent.com/gps-cs-s/APNQkAFLJVnHM34CqkOGYM5udM8Vf8e6n2U6ctBJxvu8j7sYb2xmrqtp4fgU3mQAX37uIUsUNwC_NoONzGA6Yyl7iCAS3O-boHLqS7S8ZNF76CEzSFOoMiL85fHqkTejscp7iWygghO3=w1600-h1200-k-no,,,9.8141062,118.7357489,https://www.google.com/maps/place/Panja+Resort+Palawan/data=!4m11!3m10!1s0x33b563331320089f:0x523bfd3045bf209!5m3!1s2026-10-31!4m1!1i2!8m2!3d9.8141062!4d118.7357489!16s%2Fg%2F11c44fs3xy!19sChIJnwggEzNjtTMRCfJbBNO_IwU?authuser=0&hl=en&rclk=1,"massage spa in Puerto Princesa, Palawan, Philippines",Puerto Princesa
MRS. A Salon Spa,5.0,(1),,,,,Massage Spa,,,https://lh3.googleusercontent.com/gps-cs-s/APNQkAEIaSbLeKqNtUxmqAGzezF4uVlKOiGlrDgVukggT1JsEycBM0jAHpNPNk6v8meOX6lPA5W312_L8xsql2rvqc0GnCnYsaH4rdGzYETYpkKwfoNXEI3QCany0PzasGwT6yQbVeydcg=w1600-h1200-k-no,,,9.7408751,118.7404936,https://www.google.com/maps/place/MRS.+A+Salon+Spa/data=!4m7!3m6!1s0x33b5634cfa75a3cb:0xce2f80b54477536f!8m2!3d9.7408751!4d118.7404936!16s%2Fg%2F11v0xn6skr!19sChIJy6N1-kxjtTMRb1N3RLWAL84?authuser=0&hl=en&rclk=1,"massage spa in Puerto Princesa, Palawan, Philippines",Puerto Princesa
Mothers Touch,4.3,(8),,,,,Massage Spa,,,https://lh3.googleusercontent.com/gps-cs-s/APNQkAFjEICUBL6j-Ec7wwCm95UUr49lXfGsOjC_BV4U7RF5-yw8dN74oXCx_Yppmj2dDAPqy1b97U6_lSvLexr8PrvETxZTCeWSCFHT0fhOmoY5eqZlc-BbZZH7_XHpug3phSdir0udXmzyouLK=w1600-h1200-k-no,,,9.743038,118.7396614,https://www.google.com/maps/place/Mothers+Touch/data=!4m7!3m6!1s0x33b563004f55b4fb:0x8b09ed30d0b6a3d7!8m2!3d9.743038!4d118.7396614!16s%2Fg%2F11ydljqwlk!19sChIJ-7RVTwBjtTMR16O20DDtCYs?authuser=0&hl=en&rclk=1,"massage spa in Puerto Princesa, Palawan, Philippines",Puerto Princesa
ISLAND GYM,3.7,(3),,,,,Massage Spa,,,https://lh3.googleusercontent.com/gps-cs-s/APNQkAF9jjHcXFDFiYNjrCPuhMMkkEk617ZcqLyoYDFDY9HaiJzqSTFbEK90_rXEcwFE_PtL1vPxU_o8kCorp6lIcmgtQH2FI5apwppVXb_Li4hXqtB52SfQv9CJNDpJQbfhb2VnKMKSUGXlCuE=w1600-h1200-k-no,,,9.731639,118.7709809,https://www.google.com/maps/place/ISLAND+GYM/data=!4m7!3m6!1s0x33b56794da8a1d35:0x4a2c35c07f54a877!8m2!3d9.731639!4d118.7709809!16s%2Fg%2F11lzprjbqv!19sChIJNR2K2pRntTMRd6hUf8A1LEo?authuser=0&hl=en&rclk=1,"massage spa in Puerto Princesa, Palawan, Philippines",Puerto Princesa
Ventosa Garden Residence,4.2,(10),,,,,Massage Spa,,,https://lh3.googleusercontent.com/gps-cs-s/APNQkAFGKU8JBIrJKd2wbZubuf0OiFpA27XPapmVpJm8W2Cb2PcsPJXA8r9SSCwkhglQeClyy4LoCyWa_maYv3qwxnoyDouY0yQju37SQdkgAsoe76e6pihCwKy0fF4zS3RNSCnsmmFY=w1600-h1200-k-no,,,9.7975621,118.725787,https://www.google.com/maps/place/Ventosa+Garden+Residence/data=!4m7!3m6!1s0x33b563221e199495:0xc02ed67861a85c8a!8m2!3d9.7975621!4d118.725787!16s%2Fg%2F11hbqd9493!19sChIJlZQZHiJjtTMRilyoYXjWLsA?authuser=0&hl=en&rclk=1,"massage spa in Puerto Princesa, Palawan, Philippines",Puerto Princesa
Functional Fitness Boxing & Pilates Studio,5.0,(2),,,,,Massage Spa,,,https://lh3.googleusercontent.com/gps-cs-s/APNQkAFVjsbliiDxBFUBjq7h2QLuddBEizSOD2CNng3sXhPT7ObRM7yKF1RZqwGDnXUlKN53WnWrHcS59SnEux_7lq6Hg6EF1lOAUiwEjYcpbQGOhV-FeJiZetFexge_aw5E22pzTcAh-g=w1600-h1200-k-no,,,9.7726225,118.736502,https://www.google.com/maps/place/Functional+Fitness+Boxing+%26+Pilates+Studio/data=!4m7!3m6!1s0x33b5639c2d4867c9:0x5710e096359426bd!8m2!3d9.7726225!4d118.736502!16s%2Fg%2F11y49mxhmz!19sChIJyWdILZxjtTMRvSaUNZbgEFc?authuser=0&hl=en&rclk=1,"massage spa in Puerto Princesa, Palawan, Philippines",Puerto Princesa
Go Hotels Puerto Princesa,3.9,(596),,,,,Massage Spa,,,https://lh3.googleusercontent.com/gps-cs-s/APNQkAEBa5qdQ9B7CZnQ2Lm6FmbQD3em6IcJ-DV_zCd2WgAWXzRS6boJ8EgVOYkSw65ua_BBXcGcx95brfoWzCMP-dLj8AfvRyE2L55L8iD_CdF1ia_VPIzxsUkw1t65VVSW_f1B5tRb9NMRN8zI=w1600-h1200-k-no,,,9.7697346,118.7479965,https://www.google.com/maps/place/Go+Hotels+Puerto+Princesa/data=!4m11!3m10!1s0x33b59dc249e130af:0x4518c62bb5511c0!5m3!1s2026-10-31!4m1!1i2!8m2!3d9.7697346!4d118.7479965!16s%2Fg%2F11rxgf39c!19sChIJrzDhScKdtTMRwBFVu2KMUQQ?authuser=0&hl=en&rclk=1,"massage spa in Puerto Princesa, Palawan, Philippines",Puerto Princesa
The Sandbar at Princesa Garden Island Resort and Spa,4.6,(31),,,,,Massage Spa,,,https://lh3.googleusercontent.com/gps-cs-s/APNQkAGUACfAV7nZicNSSmcGY74Dem6xnjK2deE44F1AQxvItHx2sr77yWKdDeuxIzpI5z4D1wcVGZgVhRRanyTz1WvxyxDciBMLvRx6lQDglFqV1e9CXIQMWmC3yG55NaY5T3aVfYo3OA=w1600-h1200-k-no,,,9.7338602,118.7773458,https://www.google.com/maps/place/The+Sandbar+at+Princesa+Garden+Island+Resort+and+Spa/data=!4m7!3m6!1s0x33b564032f18f325:0xb7fbcc3f0d3ef5a8!8m2!3d9.7338602!4d118.7773458!16s%2Fg%2F11cm_qz7mw!19sChIJJfMYLwNktTMRqPU-DT_M-7c?authuser=0&hl=en&rclk=1,"massage spa in Puerto Princesa, Palawan, Philippines",Puerto Princesa
Kay's Hotspring And Restaurant,3.6,(100),,,,,Massage Spa,,,https://lh3.googleusercontent.com/gps-cs-s/APNQkAEoIk5tPmKp-Ekw9Upl8x9R2Kn1C_2PZlLUnt5OcnqBlSSlfHadEpj3bgJS73vXlUoSiK9dmvkGDf99wLA1-4Fqj3ZVVjbhTNSd3dBgZtrttmuZnSbPIiue12L3fTgX4KhG5l7_8w=w1600-h1200-k-no,,,9.8460883,118.7375695,https://www.google.com/maps/place/Kay%27s+Hotspring+And+Restaurant/data=!4m7!3m6!1s0x33b57d1c115d4dbb:0xf252d517ea886607!8m2!3d9.8460883!4d118.7375695!16s%2Fg%2F1pzv74fnz!19sChIJu01dERx9tTMRB2aI6hfVUvI?authuser=0&hl=en&rclk=1,"massage spa in Puerto Princesa, Palawan, Philippines",Puerto Princesa
Lala Panzi Bed & Breakfast,4.7,(50),,,,,Massage Spa,,,https://lh3.googleusercontent.com/gps-proxy/ALd4DhHsHm5DBpFwg6k6uwavSDuRNcrYeI4wWs-Ujud6Wxfx8cb2fSYblKC9AN5_LefPZesHXqd6Zc5PxKn5oMWwVMoEJB5NtGuHWmyy03YWpx373To6H86gWbfPFydRz_IndyVly8jaoBkMxLQ2pEeJz3xyQ6OQLt6a5RIeg0ckDggY8MkWST8pUpAM=w1600-h1200-k-no,,,9.7328523,118.7561204,https://www.google.com/maps/place/Lala+Panzi+Bed+%26+Breakfast/data=!4m11!3m10!1s0x33b56157e0d2dca7:0x80852de82a2baf56!5m3!1s2026-10-31!4m1!1i2!8m2!3d9.7328523!4d118.7561204!16s%2Fg%2F11bzs11734!19sChIJp9zS4FdhtTMRVq8rKugthYA?authuser=0&hl=en&rclk=1,"massage spa in Puerto Princesa, Palawan, Philippines",Puerto Princesa
Palawan Uno Hotel,4.0,(496),,,,,Massage Spa,,,https://lh3.googleusercontent.com/gps-cs-s/APNQkAGNQQydtyr468Y-YxqS9XTEcuLZJxpP3ZE7PK6DlwBF_z3YaKarTKTKM8y5jXQKAx_6qd7QwWKvgyRYmmfdV5kToFW9_SMJsTnsAarGvTeyNdqrgD0Qdl1BpoxyDefJ3PRyn3jg=w1600-h1200-k-no,,,9.7550354,118.7471588,https://www.google.com/maps/place/Palawan+Uno+Hotel/data=!4m7!3m6!1s0x33b56394c85a795f:0x53d44338492e33ca!8m2!3d9.7550354!4d118.7471588!16s%2Fg%2F11b63vx2s1!19sChIJX3layJRjtTMRyjMuSThD1FM?authuser=0&hl=en&rclk=1,"massage spa in Puerto Princesa, Palawan, Philippines",Puerto Princesa
Hue Hotels and Resorts Puerto Princesa,4.4,"(1,423)",,,,,Massage Spa,3 Puerto Princesa North Rd,,https://lh3.googleusercontent.com/gps-cs-s/APNQkAGersrvutdyvN72Yf7o-oK6u9yO91Jx7_tf6IWKrVctjO8Y5UWx2n2guJOPLVAcTxeYRXZM409u0hgXwaQNQVbgMwKpALeiVejwp2DXSmZg69oCF7wB9oM_DTJYWU6is5I7Mi2jHA=w1600-h1200-k-no,,,9.765876,118.747957,https://www.google.com/maps/place/Hue+Hotels+and+Resorts+Puerto+Princesa/data=!4m7!3m6!1s0x33b563e7428e1ddf:0xf710ce46092d1ed1!8m2!3d9.765876!4d118.747957!16s%2Fg%2F11dxdcbtcj!19sChIJ3x2OQudjtTMR0R4tCUbOEPc?authuser=0&hl=en&rclk=1,"massage spa in Puerto Princesa, Palawan, Philippines",Puerto Princesa
Bahay Kalipay Raw Food and Yoga Retreat,4.6,(56),,,,,Massage Spa,,,https://lh3.googleusercontent.com/gps-cs-s/APNQkAFBGoRGAZyAIcBfRuRN_CaqsfxObr9_IY0rE21Ev-A4psOPbw3wUYZJbrrE4O5OU8UW8hLFj-SU9uZsQ8XxadCiRSZUeDBibvtkTY85MlmwYMhcnl-BzmqibKI1Ye9MM5MBU43Q3vOJk00=w1600-h1200-k-no,,,9.8165109,118.7282027,https://www.google.com/maps/place/Bahay+Kalipay+Raw+Food+and+Yoga+Retreat/data=!4m7!3m6!1s0x33b56474edb42539:0x3467f7da407cc5a2!8m2!3d9.8165109!4d118.7282027!16s%2Fg%2F1jky4ftw0!19sChIJOSW07XRktTMRosV8QNr3ZzQ?authuser=0&hl=en&rclk=1,"massage spa in Puerto Princesa, Palawan, Philippines",Puerto Princesa
Carpe Diem Hotel and Villas Palawan,4.6,(177),,,,,Massage Spa,,,https://lh3.googleusercontent.com/gps-cs-s/APNQkAEn0i85Q1Y9l6vZdds32E9fNOKeiLnpfEumhyOcmokdDZl1ZKpcV2uGDclVvXArBYyiFpj43VlWPdzKjiVqsg_dSFDtyH7Gp3vp0388llN5vRngIKa5erpxufuwJJNfENFJYrcp=w1600-h1200-k-no,,,9.7605356,118.7675643,https://www.google.com/maps/place/Carpe+Diem+Hotel+and+Villas+Palawan/data=!4m7!3m6!1s0x33b565269531d41d:0x37be21688c45d5cc!8m2!3d9.7605356!4d118.7675643!16s%2Fg%2F11qng4gyws!19sChIJHdQxlSZltTMRzNVFjGghvjc?authuser=0&hl=en&rclk=1,"massage spa in Puerto Princesa, Palawan, Philippines",Puerto Princesa
One Manalo Place,4.0,(213),,,,,Massage Spa,,,https://lh3.googleusercontent.com/gps-proxy/ALd4DhEdJhFhLNfos0cxyGk_BydTROPWRAV5q6RfinTHJF4beXVsfbKltr3dXnHYtOt1NPVdrAbRQmGU7je-SlagrwsTF9NraaStsdW8EPe7zmbRTVR5z8yYIBrPcWksArWjtqze-TODWbUyFW_ZE2KB1vjbHmSJ7RT-Lnv8i-rryJO6XE5A9b3A-OzuTQ=w1600-h1200-k-no,,,9.7350564,118.7542779,https://www.google.com/maps/place/One+Manalo+Place/data=!4m7!3m6!1s0x33b563fd3a67d70f:0xf83c9a24c9ee05b2!8m2!3d9.7350564!4d118.7542779!16s%2Fg%2F11b6dp1rk2!19sChIJD9dnOv1jtTMRsgXuySSaPPg?authuser=0&hl=en&rclk=1,"massage spa in Puerto Princesa, Palawan, Philippines",Puerto Princesa
Gold • Cup Specialty Coffee Roaster’s,4.7,(323),,,,,Massage Spa,293 Rizal Avenue,https://www.google.com/searchviewer/42?cvd=CLw_EicKJeICIjIgEhkiF9LX29IPEQoNL2cvMTFoNnFkZzg3NhgAOgMI8A0%3D&hl=en-PH&gl=ph&fo_m=MfohQo559jFvMUOzJVpjPL1YMfZ3bInYwBDuMfaXTPp5KXh-&utm_source=tactile&gei=kpwmasSuCtnh2roPjIawgQ8&ei=kpwmasSuCtnh2roPjIawgQ8&fo_s=OA&opi=79508299&ebb=1&cs=0&foub=mcpp,https://lh3.googleusercontent.com/gps-cs-s/APNQkAFX6B_yQKFN6d20SivMj2YHPw4siswmZPMxrdJErpRBVbY_LR0V0GZCF1lFe8lxNHtSVlI0lxCR4rGbLPuWuc0g8cMNk4NdiCi8SYq4M5dwxrQaNVSskRGmkh5fYNOuwmF1eUU=w1600-h1200-k-no,,,9.740442,118.742009,https://www.google.com/maps/place/Gold+%E2%80%A2+Cup+Specialty+Coffee+Roaster%E2%80%99s/data=!4m7!3m6!1s0x33b56333587039dd:0x682bd38a32287a39!8m2!3d9.740442!4d118.742009!16s%2Fg%2F11h6qdg876!19sChIJ3TlwWDNjtTMROXooMorTK2g?authuser=0&hl=en&rclk=1,"massage spa in Puerto Princesa, Palawan, Philippines",Puerto Princesa
Dolce Vita Hotel & Restaurant,4.4,(297),,,,,Massage Spa,4 Wescom RdLaid,,https://lh3.googleusercontent.com/gps-proxy/ALd4DhH_A4pM1DLOOEx0xShsZRe94Sne5M5s40TdlCs7u_dHPC8o2iXdU2Ymz4igvt09tVV4C8uGossjuDAonbbhlUeDRtvNx9Rj_cFTaYHi7MGj5ydUrxJoJRxQK6xDWsqgXoELCkfhL2RcJRJVIQb9GRCBynSSWHKuk9JTyq4b7tSn2B9h1o3ij2hv=w1600-h1200-k-no,,,9.7522555,118.7509038,https://www.google.com/maps/place/Dolce+Vita+Hotel+%26+Restaurant/data=!4m7!3m6!1s0x33b563ecf1c78a33:0x212a8d510bc144cd!8m2!3d9.7522555!4d118.7509038!16s%2Fg%2F11tct9wl_z!19sChIJM4rH8exjtTMRzUTBC1GNKiE?authuser=0&hl=en&rclk=1,"massage spa in Puerto Princesa, Palawan, Philippines",Puerto Princesa
Sheridan Boutique Hotel,4.0,(95),,,,,Massage Spa,,,https://lh3.googleusercontent.com/gps-proxy/ALd4DhFaPiXzWFKFaCCwGLJIAF6tEA8-k89Dl3s4BOQVn_-XH6KkLMleZTlk3WEaaWCF4VyFQ59Lo-1keOpVixVOs9mY37jRUNHhMqsM1QC7JC9j1BRiVdS2p5T03XBtpqfEsTb1JFXTbrZlaoTJJIQCsA4VdJmGFzsiu37txp48cTIkAMfjqJZYNEoqrA=w1600-h1200-k-no,,,9.7398585,118.7490598,https://www.google.com/maps/place/Sheridan+Boutique+Hotel/data=!4m7!3m6!1s0x33b563f8dcafacff:0x81618d71afceabdc!8m2!3d9.7398585!4d118.7490598!16s%2Fg%2F11f662x_6m!19sChIJ_6yv3PhjtTMR3KvOr3GNYYE?authuser=0&hl=en&rclk=1,"massage spa in Puerto Princesa, Palawan, Philippines",Puerto Princesa
Ponce de Leon Garden Resort,4.5,(392),,,,,Massage Spa,,,https://lh3.googleusercontent.com/gps-cs-s/APNQkAF0OY0y4xXQyq-Z-YI4c5cbAaMLGQD0tMa1kBeWy61mLqKVjia1UL69qpLjruJ4gIul4jnUDnSPtZ7a5NIOqT0iLIhiUQ2M0EY7FbSjwsUFa5tHMJMjNETn8rafBC1D7tn1_H7LmA=w1600-h1200-k-no,,,9.7594327,118.7596257,https://www.google.com/maps/place/Ponce+de+Leon+Garden+Resort/data=!4m7!3m6!1s0x33b5638eb8abca9f:0xd7f7535567a3635d!8m2!3d9.7594327!4d118.7596257!16s%2Fg%2F11b7l4_5fq!19sChIJn8qruI5jtTMRXWOjZ1VT99c?authuser=0&hl=en&rclk=1,"massage spa in Puerto Princesa, Palawan, Philippines",Puerto Princesa
FERSAL HOTEL Puerto Princesa,4.0,(412),,,,,Massage Spa,442 Rizal AvenueCasual airport hotel with a restaurant,,https://lh3.googleusercontent.com/gps-proxy/ALd4DhHqTgg70eXvhuobIXBZ8SFHG4-YtuZxQSNNbZynxkp7C9Y8O_wYlhaWiyfkP83LzyqHFIWxUfufXnyOsvUK6Qv0aEEL-H3dBcXpqeTzDPpRaMWXbWKmR4rqFbQXIZ7BharEkFec8XK3T21q5k4_hUOEFl5GC8Mu0r3hYCH6HCnlBk1DFJuW60fq=w1600-h1200-k-no,,,9.7391434,118.7554532,https://www.google.com/maps/place/FERSAL+HOTEL+Puerto+Princesa/data=!4m7!3m6!1s0x33b563fb512b1039:0x6b6f689b1d9282c7!8m2!3d9.7391434!4d118.7554532!16s%2Fg%2F11b63w21d6!19sChIJORArUftjtTMRx4KSHZtob2s?authuser=0&hl=en&rclk=1,"massage spa in Puerto Princesa, Palawan, Philippines",Puerto Princesa
Al Hamra Jungle Resort,4.3,(39),,,,,Massage Spa,,,https://lh3.googleusercontent.com/gps-proxy/ALd4DhGwL53_xJ5nltqOIGB6Vt-dsNzrjGos65xIb2q55GyHpzgRIMS6EEroCl5evHxaP0VGxQjBUMy8JC-I9SFgXeLr2E2w3uqbBQxTJdk7LNNxbNLk0RjY8nQ1Suw04VNSow8L5YIqppRY_AgolVErP9k4zZnUm-iluPofFecsue5wJ4kVsEhE_z4k=w1600-h1200-k-no,,,9.6642447,118.7134896,https://www.google.com/maps/place/Al+Hamra+Jungle+Resort/data=!4m7!3m6!1s0x33b5607b7751573b:0xf9b42e5491898f3f!8m2!3d9.6642447!4d118.7134896!16s%2Fg%2F11cn16fdmq!19sChIJO1dRd3tgtTMRP4-JkVQutPk?authuser=0&hl=en&rclk=1,"massage spa in Puerto Princesa, Palawan, Philippines",Puerto Princesa
Puerto Pension Hotel,4.1,(197),,,,,Massage Spa,35 Malvar RoadRelaxed inn with dining,,https://lh3.googleusercontent.com/gps-cs-s/APNQkAFhcsP5iVbAbI6XE7Twoca8r28huBYLZ2jNTmUvhmU2IQXwAuaf11Waqp1TvI6R-YGa0EkuAMU2Ja-GgXmvOmlzSwXCDW_tNNUkeMzr66kOfAw2oxkcuOXDchfS_Ia-j51ixV5L=w1600-h1200-k-no,,,9.7426834,118.7318082,https://www.google.com/maps/place/Puerto+Pension+Hotel/data=!4m7!3m6!1s0x33b563da737ec551:0xac1b12f7263df7a8!8m2!3d9.7426834!4d118.7318082!16s%2Fg%2F1thvvtgj!19sChIJUcV-c9pjtTMRqPc9JvcSG6w?authuser=0&hl=en&rclk=1,"massage spa in Puerto Princesa, Palawan, Philippines",Puerto Princesa
Always Active Fitness,4.7,(11),,,,,Gym,6 month and annual memberships,,https://lh3.googleusercontent.com/gps-cs-s/APNQkAE3mZ2xkA43SCAc4Cy0fhrIBKTkZ1tAPIJo8nZY1vG54VlotJlg6yGRELEOFjCgtpmny3V48FCwgg3SzIvy4cEuijLWRbjhDoN_TWfFQrKNxCiVnrhEGECasVzI6RYQS6IFZ-jN22Gejr-Q=w1600-h1200-k-no,,,9.7823744,118.7482646,https://www.google.com/maps/place/Always+Active+Fitness/data=!4m7!3m6!1s0x33b5636c79422223:0x568a3a6b689eb634!8m2!3d9.7823744!4d118.7482646!16s%2Fg%2F11yp0vhk4z!19sChIJIyJCeWxjtTMRNLaeaGs6ilY?authuser=0&hl=en&rclk=1,"gym in Puerto Princesa, Palawan, Philippines",Puerto Princesa
Fusionfit Gym,4.8,(25),,,,,Gym,14 Blk 8 Kalayaan Homeowners,,https://lh3.googleusercontent.com/gps-cs-s/APNQkAHJ5fCwkVNxbf4sKpSwQAdVHTZfHBZBxDAK4BKelj0J5watz9r2FPuTWRjRf790aB_RplWWOYVzeIhsAC833NMWV4TqPXz4xx0Lnb9JOW6SHU24PQL7pPM_yOiju_BMTonmkv-L=w1600-h1200-k-no,,,9.7744726,118.7619618,https://www.google.com/maps/place/Fusionfit+Gym/data=!4m7!3m6!1s0x33b56366c8425c99:0x9637c52db99fb83a!8m2!3d9.7744726!4d118.7619618!16s%2Fg%2F11rqxk6bdn!19sChIJmVxCyGZjtTMROrifuS3FN5Y?authuser=0&hl=en&rclk=1,"gym in Puerto Princesa, Palawan, Philippines",Puerto Princesa
Fitness Camp,4.2,(82),,,,,Gym,52 C P,,https://lh3.googleusercontent.com/gps-cs-s/APNQkAEkw0C_tpEVUfDuDvvXCNr8q34EhATl1Gzq9I8akeaM_vURy9aGO6GwElVg7S7GF6BW3op7vD_talvn-eXFttBdp3W40CXpon39x5KYtetU9hWOhryqhYAbZI-voqE71q3mZzcEog=w1600-h1200-k-no,,,9.7409549,118.7430675,https://www.google.com/maps/place/Fitness+Camp/data=!4m7!3m6!1s0x33b5630b6e50d199:0xf59d189ca05a02fa!8m2!3d9.7409549!4d118.7430675!16s%2Fg%2F11jgn2kxzz!19sChIJmdFQbgtjtTMR-gJaoJwYnfU?authuser=0&hl=en&rclk=1,"gym in Puerto Princesa, Palawan, Philippines",Puerto Princesa
Island Punch Fitness,5.0,(34),,,,,Gym,,,https://lh3.googleusercontent.com/gps-cs-s/APNQkAHKohjoiSI1P8hzE0uNWBSuOmiswcy20UJHobFskaVc6nqVEyrAWkTLBfoJHeqmGbSdYgQV-BxLfIAJYvtOzXJ2pZ7qEBMxUAt9d9kbWdXuowjyXWZGyKzUPaFgQUriUy2TBb-9=w1600-h1200-k-no,,,9.753542,118.7610548,https://www.google.com/maps/place/Island+Punch+Fitness/data=!4m7!3m6!1s0x33b563f1431246c1:0x5909c8a2ce98fdc6!8m2!3d9.753542!4d118.7610548!16s%2Fg%2F11wr3kpbmm!19sChIJwUYSQ_FjtTMRxv2YzqLICVk?authuser=0&hl=en&rclk=1,"gym in Puerto Princesa, Palawan, Philippines",Puerto Princesa
Fitness Factor Gym,4.5,(43),,,,,Gym,,,https://lh3.googleusercontent.com/gps-cs-s/APNQkAGl0WKgPix5Q9xRlJxSwxoex6r-5mdpUhq2pS2Z_k1RI2bwh76KlPjdQVkd3xUTeft8NtqUvdqdi6k9JG0uSyFZCk69zu373YHFmWgeGXNDmFO4bpnuyYUffRHRxPIuH8UIRZ4gVg=w1600-h1200-k-no,,,9.7934645,118.7301137,https://www.google.com/maps/place/Fitness+Factor+Gym/data=!4m7!3m6!1s0x33b56342361f6f11:0xe5be39450e675e58!8m2!3d9.7934645!4d118.7301137!16s%2Fg%2F11h7qxfv4c!19sChIJEW8fNkJjtTMRWF5nDkU5vuU?authuser=0&hl=en&rclk=1,"gym in Puerto Princesa, Palawan, Philippines",Puerto Princesa
COLD ONE MUAYTHAI GYM,4.9,(59),,,,,Gym,,,https://lh3.googleusercontent.com/gps-cs-s/APNQkAECiiijqyiOiymo7PY0KG4yB7HhyAw15WiWSGeRw4eteiE9v_kLZsoq2FEHjeWYv_UNpgALowM-9NnyqaWmRb7C9xlPHGcNnoiHJHZtLC5ixvx4dYMCUG4gR9tMRoGEg-ZVKeA6=w1600-h1200-k-no,,,9.7332042,118.7396322,https://www.google.com/maps/place/COLD+ONE+MUAYTHAI+GYM/data=!4m7!3m6!1s0x33b563c183e8f3a7:0xcf19f246216abc99!8m2!3d9.7332042!4d118.7396322!16s%2Fg%2F11tstxzlx7!19sChIJp_Pog8FjtTMRmbxqIUbyGc8?authuser=0&hl=en&rclk=1,"gym in Puerto Princesa, Palawan, Philippines",Puerto Princesa
NBA Fitness Center,4.1,(10),,,,,Gym,8 Peneyra Rd,,https://lh3.googleusercontent.com/gps-cs-s/APNQkAECtzF6pL_y9M6ch-Tyxq_ZZc6cpDpxVXrjid3zzAxQW0fWQAoHNSl8xpXrtd8mawcT1SKCnwZXDTW8xgRWNMYU_GvECOZpSXWggqh4XS77ue064BPT5Lr_y5B4wv_QpsItkLdGAO3RZ11J=w1600-h1200-k-no,,,9.7556215,118.7507165,https://www.google.com/maps/place/NBA+Fitness+Center/data=!4m7!3m6!1s0x33b5639315cc2ad1:0x9e25a44687ef02e2!8m2!3d9.7556215!4d118.7507165!16s%2Fg%2F11g9gvlphp!19sChIJ0SrMFZNjtTMR4gLvh0akJZ4?authuser=0&hl=en&rclk=1,"gym in Puerto Princesa, Palawan, Philippines",Puerto Princesa
Seconds Fitness,5.0,(10),,,,,Gym,,,https://lh3.googleusercontent.com/gps-cs-s/APNQkAFfu32jbvuV0j2pw3N24Cvzt3-vubIM9enDh20snDQpL7g3BZEQsT0mWntkt_p8gusl2Qupt0y5rUjnPtcTNensxykbFm-BiwiNRRtDI8HOeJbxTW89KnYsvtMvVEG__CxiKQfz-MwNLy4=w1600-h1200-k-no,,,9.7879739,118.7378802,https://www.google.com/maps/place/Seconds+Fitness/data=!4m7!3m6!1s0x33b5630002b50113:0x45147b4d0745dbf5!8m2!3d9.7879739!4d118.7378802!16s%2Fg%2F11ycsqt238!19sChIJEwG1AgBjtTMR9dtFB017FEU?authuser=0&hl=en&rclk=1,"gym in Puerto Princesa, Palawan, Philippines",Puerto Princesa
Sunlight Gym and Bodyworks,4.1,(84),,,,,Gym,,,https://lh3.googleusercontent.com/gps-cs-s/APNQkAF-9hufkt9k4T6rUC75Q8K9k8upZjQXXaabkZB36X6MWN-3f4cIfTaIytLBILWUg3LoHrtLyIRj-kkx-ZhxQFaunt_UPfT1eKZI6B7NqpGfMIcEXE8PyeoBifMQTIcIH1k0RXmO=w1600-h1200-k-no,,,9.7430052,118.7350005,https://www.google.com/maps/place/Sunlight+Gym+and+Bodyworks/data=!4m7!3m6!1s0x33b563dba8604531:0x64e69080d03b797f!8m2!3d9.7430052!4d118.7350005!16s%2Fg%2F11bxd_v2m6!19sChIJMUVgqNtjtTMRf3k70ICQ5mQ?authuser=0&hl=en&rclk=1,"gym in Puerto Princesa, Palawan, Philippines",Puerto Princesa
Mizar Fitness Gym,4.3,(4),,,,,Gym,,,https://lh3.googleusercontent.com/gps-cs-s/APNQkAF9w6_DxK5zKD3U8Wj5URrPhH5F6D_CrHvEwb7oRVTvcJFjN-N308rLb58vMPln8QHJykCV3sxtovzHF_LHBn_ycPqhFAfnWff0pravhOZFzjLf7vzhSNosq_b3uy-MLhjoqNEdCQ=w1600-h1200-k-no,,,9.7445904,118.7401395,https://www.google.com/maps/place/Mizar+Fitness+Gym/data=!4m7!3m6!1s0x33b563234fc1cfdb:0xfb24e84749838aae!8m2!3d9.7445904!4d118.7401395!16s%2Fg%2F11n2pmy5r8!19sChIJ28_BTyNjtTMRroqDSUfoJPs?authuser=0&hl=en&rclk=1,"gym in Puerto Princesa, Palawan, Philippines",Puerto Princesa
Ground Zero Fitness Gym 24/7,5.0,(5),,,,,Gym,7  5,,https://lh3.googleusercontent.com/gps-cs-s/APNQkAGLh8aLWCpEnbW2-K7NpMk_pK5JdmPVh_LM12k5Iu3IlGStl41UGrgR9ghEGces_x3Vx-qaGLQYpFobs75pBvWp81DS9p-hhYib8V2IF1nYfCpad3USvXnVbC1u1GxCHlnbsQrH9XrEwvQF=w1600-h1200-k-no,,,9.7435627,118.7387411,https://www.google.com/maps/place/Ground+Zero+Fitness+Gym+24%2F7/data=!4m7!3m6!1s0x33b563002def5757:0xaa232c2ae87b8d65!8m2!3d9.7435627!4d118.7387411!16s%2Fg%2F11yjwvrp5b!19sChIJV1fvLQBjtTMRZY176CosI6o?authuser=0&hl=en&rclk=1,"gym in Puerto Princesa, Palawan, Philippines",Puerto Princesa
Puerto Princesa City Sports Gym,5.0,(1),,,,,Gym,,,https://lh3.googleusercontent.com/gps-cs-s/APNQkAHT0s1q2mvj-owD391lDsHFQ_SMN6p3qyTOFAFN234oAOWhLZsPbJ1yU-c2MEMuzLbx8sH_dMjzgzQSS13N53cDzYiDYUNsAAQ-JtCEZusuqRmOkHkkDhp7RtsimIqPVkszmD-P58ZSEOwV=w1600-h1200-k-no,,,9.7815211,118.7330132,https://www.google.com/maps/place/Puerto+Princesa+City+Sports+Gym/data=!4m7!3m6!1s0x33b56300738a0d6b:0x8d468755f4cb8c55!8m2!3d9.7815211!4d118.7330132!16s%2Fg%2F11ynx_7njl!19sChIJaw2KcwBjtTMRVYzL9FWHRo0?authuser=0&hl=en&rclk=1,"gym in Puerto Princesa, Palawan, Philippines",Puerto Princesa
Towers gym,4.2,(5),,,,,Gym,,,https://lh3.googleusercontent.com/gps-cs-s/APNQkAHZkkzQYij4if132qIv_m18SQfeanoru2F8-jkh_s5QgMBTYW5xAD_nn7MPYx39iXJcCkiO0tnZYT78_gu-XgaGcTrb1l6DhXct9J-sh-WRw4gNEG3eVOXM8PLjHAurSEyP6p6aDm55Wt8=w1600-h1200-k-no,,,9.7970778,118.756973,https://www.google.com/maps/place/Towers+gym/data=!4m7!3m6!1s0x33b563e053c13bbf:0xe2370b683215781e!8m2!3d9.7970778!4d118.756973!16s%2Fg%2F11t8634_b4!19sChIJvzvBU-BjtTMRHngVMmgLN-I?authuser=0&hl=en&rclk=1,"gym in Puerto Princesa, Palawan, Philippines",Puerto Princesa
Fluid Movement Fitness Studio,5.0,(2),,,,,Gym,,,https://lh3.googleusercontent.com/gps-cs-s/APNQkAH1VY-sVZIBjO-jW8Wrw7oUqXpt6D2sYguRDAGpgSBqU5dKWCwj8xZxn_zqzTequGRc7goccZ-KlvHCwfBtl18KaDVZv5GUmIApEvK8EVVzYBRA5tYXXuoJCwWHNDgzQz8a9lGk=w1600-h1200-k-no,,,9.7351979,118.7636501,https://www.google.com/maps/place/Fluid+Movement+Fitness+Studio/data=!4m7!3m6!1s0x33b563cf9f59d61b:0x2de5f2da1dad5347!8m2!3d9.7351979!4d118.7636501!16s%2Fg%2F11y3mhfsy8!19sChIJG9ZZn89jtTMRR1OtHdry5S0?authuser=0&hl=en&rclk=1,"gym in Puerto Princesa, Palawan, Philippines",Puerto Princesa
Iron works,4.6,(23),,,,,Gym,,,https://lh3.googleusercontent.com/gps-cs-s/APNQkAEvdlOLgYtOZGwbMWVQH9TccseFX7clk2kcNpCjx4jJcLJWJJG04Q42-4GhVQVNjfPcnFD8dg1Iqww_G2auXtVt2TMluIERquxOx0sGzDXa2tmIKWRr5TFvQjy6ZYQvdiWu0dU=w1600-h1200-k-no,,,9.7353433,118.7396882,https://www.google.com/maps/place/Iron+works/data=!4m7!3m6!1s0x33b5638e442814cb:0x1f91e327bc619f9c!8m2!3d9.7353433!4d118.7396882!16s%2Fg%2F11hz99v5_z!19sChIJyxQoRI5jtTMRnJ9hvCfjkR8?authuser=0&hl=en&rclk=1,"gym in Puerto Princesa, Palawan, Philippines",Puerto Princesa
Ironcore Fitness Gym,5.0,(1),,,,,Gym,,,https://lh3.googleusercontent.com/gps-cs-s/APNQkAGRSgY-fU9a7XrTYsmqFvUBL-aD8N4q8A5kgg9YiThco5lGXmAYFeDt7LyWZUtKYiIu_6UVyyeh617L_KypD4g37o5EceFuDYkSXFMsTZxlow2j5RCJDLa23fuEdYzzM5MTrEECRCpiSilO=w1600-h1200-k-no,,,9.7905142,118.7517816,https://www.google.com/maps/place/Ironcore+Fitness+Gym/data=!4m7!3m6!1s0x33b563002ff7a1eb:0x731283f93391144c!8m2!3d9.7905142!4d118.7517816!16s%2Fg%2F11xvpnj4g0!19sChIJ66H3LwBjtTMRTBSRM_mDEnM?authuser=0&hl=en&rclk=1,"gym in Puerto Princesa, Palawan, Philippines",Puerto Princesa
BATAK FITNESS GYM,3.7,(3),,,,,Gym,,,,,,9.7975661,118.7315413,https://www.google.com/maps/place/BATAK+FITNESS+GYM/data=!4m7!3m6!1s0x33b5633d34bcc82f:0x9c0498ee670d7712!8m2!3d9.7975661!4d118.7315413!16s%2Fg%2F11c1nc3htz!19sChIJL8i8ND1jtTMREncNZ-6YBJw?authuser=0&hl=en&rclk=1,"gym in Puerto Princesa, Palawan, Philippines",Puerto Princesa
XXL GYM and Water Refilling Station,3.8,(5),,,,,Gym,,,https://lh3.googleusercontent.com/gps-cs-s/APNQkAE48cJMyRmNiBekmYRJi62vFm9ff-Bo9SkHDNnYRPF1lhWGziVuVC0qGH-AYeR0xUajS8GrdRYH5ernRzNcaVKg9fy9jeK0PfROn-ev3wkt0Hp0lmQUZ5ptJu4kjXZzQ89_1S_e=w1600-h1200-k-no,,,9.7979384,118.7127773,https://www.google.com/maps/place/XXL+GYM+and+Water+Refilling+Station/data=!4m7!3m6!1s0x33b56387ba37eb09:0xe5adc99ff5c6ae4b!8m2!3d9.7979384!4d118.7127773!16s%2Fg%2F11j03hjjz_!19sChIJCes3uodjtTMRS67G9Z_JreU?authuser=0&hl=en&rclk=1,"gym in Puerto Princesa, Palawan, Philippines",Puerto Princesa
Wescom Gym,5.0,(2),,,,,Gym,,,https://lh3.googleusercontent.com/gps-cs-s/APNQkAEJ6stCvSIponUW5R_6OoKrYiBb8nz8uZJPNsvcdkaKTPEFNmNZt9wmElotlpLGqLQyoYY9I3Xl3Wq6r0n5VHzuYzHrY6QnPz-rsJgrKuQ7SvnMeT50Xy65O5J-Ue0tA1g-=w1600-h1200-k-no,,,9.7453649,118.7711388,https://www.google.com/maps/place/Wescom+Gym/data=!4m7!3m6!1s0x33b5640923651693:0x79a38e5ec5fcd1f0!8m2!3d9.7453649!4d118.7711388!16s%2Fg%2F1jkz37x70!19sChIJkxZlIwlktTMR8NH8xV6Oo3k?authuser=0&hl=en&rclk=1,"gym in Puerto Princesa, Palawan, Philippines",Puerto Princesa
Byme Training Club,5.0,(6),,,,,Gym,,,https://lh3.googleusercontent.com/gps-cs-s/APNQkAFH1yvqo_atKRkKpL-yBK1hY2E1L95WgE6XVG9k2MNcTLve2c1efTEqvC2YxyvzRW_erpbKYb0sxjvKYuGTRlXBA0BsL84ip3E1pS7XIjqSE3QzO-TKS8DABlP1t1lqbKrOanrrg-oCTxa1=w1600-h1200-k-no,,,9.7672213,118.7449742,https://www.google.com/maps/place/Byme+Training+Club/data=!4m7!3m6!1s0x33b563001ea20cab:0xe51f63c53670c54!8m2!3d9.7672213!4d118.7449742!16s%2Fg%2F11wqnvbsd8!19sChIJqwyiHgBjtTMRVAxnUzz2UQ4?authuser=0&hl=en&rclk=1,"gym in Puerto Princesa, Palawan, Philippines",Puerto Princesa
Ride.Rev.Palawan,5.0,(2),,,,,Gym,,,https://lh3.googleusercontent.com/gps-cs-s/APNQkAEtF_jKQTo44KZUJhqbK91ROUKE2OzCtcCaqnbEiC-9fxlvEYHppEYXDnyOHXVQdW71RcEwfqOpJI2uhSXe4RQ3tEEOsZy6e6P_5NWsc1UQJgsqcaVr2WHI3ne62fEsLr0drfOTEw=w1600-h1200-k-no,,,9.7727987,118.7364714,https://www.google.com/maps/place/Ride.Rev.Palawan/data=!4m7!3m6!1s0x33b56399381db3af:0x88551dcc37f2a8ea!8m2!3d9.7727987!4d118.7364714!16s%2Fg%2F11scbj2wq7!19sChIJr7MdOJljtTMR6qjyN8wdVYg?authuser=0&hl=en&rclk=1,"gym in Puerto Princesa, Palawan, Philippines",Puerto Princesa
"Hard Gloves Boxing Gym, HIIT & CrossFit",5.0,(11),,,,,Gym,,,https://lh3.googleusercontent.com/gps-cs-s/APNQkAH_EAaE-2nQCPxcssIdi6liAe5Qb6-eILfz_HRGgBHJJjkrRz17LwrQjjNUQkTFItK98_xHjyX7JVqN0Z4uKmL5id8U2TJsR9T3u5l3V2k2GWPPOPt54qxU2QKMCEBgkDVOB5xGBaeRrKK2=w1600-h1200-k-no,,,9.7368982,118.7627421,"https://www.google.com/maps/place/Hard+Gloves+Boxing+Gym,+HIIT+%26+CrossFit/data=!4m7!3m6!1s0x33b563c5f4120525:0x4cf8e23d996da04c!8m2!3d9.7368982!4d118.7627421!16s%2Fg%2F11x0njx_nm!19sChIJJQUS9MVjtTMRTKBtmT3i-Ew?authuser=0&hl=en&rclk=1","gym in Puerto Princesa, Palawan, Philippines",Puerto Princesa
Sports Complex,4.6,(95),,,,,Gym,,,https://lh3.googleusercontent.com/gps-cs-s/APNQkAGOd2e8jY72136cERwKvp0Sem_o4zfEcfXLgzK1vbTOfIvBgD3BPolnrpBQ8c_oxndwbN07i-p09r6_gNn9v4uQ_DVnVSroYnC8rUo4SQQopx2b1iWktlg6qNmvDB06-Bhk-amS=w1600-h1200-k-no,,,9.7816166,118.733466,https://www.google.com/maps/place/Sports+Complex/data=!4m7!3m6!1s0x33b563fa69c1e05d:0x2f409ea88c3f3f7f!8m2!3d9.7816166!4d118.733466!16s%2Fg%2F11mv6d5xs0!19sChIJXeDBafpjtTMRfz8_jKieQC8?authuser=0&hl=en&rclk=1,"gym in Puerto Princesa, Palawan, Philippines",Puerto Princesa
PSU Gymnasium,4.2,(37),,,,,Gym,,,https://lh3.googleusercontent.com/gps-cs-s/APNQkAE0tvJK2FphBTFB29TQf1i328I0Lb2Yqye10fAaXUkHwlCLtIScksFCOy9KgKbXeVPNWH6VHmNti4dHrY2M5V1Pk4znjX0wxwvAMVjgLxBer-Jwl4NPiG-jrCT_k4YaYDa6Y4eY=w1600-h1200-k-no,,,9.7789373,118.7328283,https://www.google.com/maps/place/PSU+Gymnasium/data=!4m7!3m6!1s0x33b563088d3eac61:0x259ece7116f388fe!8m2!3d9.7789373!4d118.7328283!16s%2Fg%2F12640phbb!19sChIJYaw-jQhjtTMR_ojzFnHOniU?authuser=0&hl=en&rclk=1,"gym in Puerto Princesa, Palawan, Philippines",Puerto Princesa
Jieosa Fithauz,4.8,(4),,,,,Gym,,,https://lh3.googleusercontent.com/gps-cs-s/APNQkAGIyH5PgvrZWyg-e4FP7yjHm5Lk0BMJWpGmKHZhU3QmqHd5LsineIhDwivdB742L4pl369ppoE2NmHfNi2VBIU0rgZC_-0uloqVSDhfr9c41402VgmS8OL8YmykiQlby7FHQaA=w1600-h1200-k-no,,,9.7942584,118.7606874,https://www.google.com/maps/place/Jieosa+Fithauz/data=!4m7!3m6!1s0x33b563f312908b3f:0x400be6334a6e37c9!8m2!3d9.7942584!4d118.7606874!16s%2Fg%2F11h3k50jd6!19sChIJP4uQEvNjtTMRyTduSjPmC0A?authuser=0&hl=en&rclk=1,"gym in Puerto Princesa, Palawan, Philippines",Puerto Princesa
Puerto Acers gymnatics academy,5.0,(1),,,,,Gym,,,https://lh3.googleusercontent.com/gps-cs-s/APNQkAEyngVD2VrGy3BRdIgHVYoyoyeOEvZNJyUnyiLIsYIho8G22-bEDOteSYYwvXi4jUgcCWUjfrVKQ2XEwoT6DkR8l9SZRAzhrp2HCMQApCN0yoXhg4o2xWuz8kMEKmM2cJexYjR9=w1600-h1200-k-no,,,9.7352005,118.763933,https://www.google.com/maps/place/Puerto+Acers+gymnatics+academy/data=!4m7!3m6!1s0x33b5634909d4189f:0x2af6eb46c9441d17!8m2!3d9.7352005!4d118.763933!16s%2Fg%2F11l5hd99ns!19sChIJnxjUCUljtTMRFx1EyUbr9io?authuser=0&hl=en&rclk=1,"gym in Puerto Princesa, Palawan, Philippines",Puerto Princesa
OVERLIMIT JIU JITSU BJJ,5.0,(2),,,,,Gym,,,https://lh3.googleusercontent.com/gps-cs-s/APNQkAGsV75cZT9FEIGfujDYmesWIlqw27FkVwmSDLW0KKZJU5rxvgBVue_cnluf2l1apSsEc_YlzIptUxdd5AXkpcBPrYzmkNNCGTprw5INUk_gQw4WYvLwMBlVRcXp2yQ0h47iYMw479UvIxmE=w1600-h1200-k-no,,,9.7987665,118.7128799,https://www.google.com/maps/place/OVERLIMIT+JIU+JITSU+BJJ/data=!4m7!3m6!1s0x33b5630067981f5f:0xe7e2d2ba9e707aee!8m2!3d9.7987665!4d118.7128799!16s%2Fg%2F11ypq1f9jn!19sChIJXx-YZwBjtTMR7npwnrrS4uc?authuser=0&hl=en&rclk=1,"gym in Puerto Princesa, Palawan, Philippines",Puerto Princesa
Dr. Lucas,5.0,(1),,,,,Gym,,,https://streetviewpixels-pa.googleapis.com/v1/thumbnail?panoid=kLywo2GPll4Qia5LrHBXIg&cb_client=search.gws-prod.gps&w=80&h=92&yaw=98.142&pitch=0&thumbfov=100,,,9.771528,118.754107,https://www.google.com/maps/place/Dr.+Lucas/data=!4m7!3m6!1s0x33b563af0f7ccfed:0x87c1059192b730d!8m2!3d9.771528!4d118.754107!16s%2Fg%2F11gl128shz!19sChIJ7c98D69jtTMRDXMrGVkQfAg?authuser=0&hl=en&rclk=1,"gym in Puerto Princesa, Palawan, Philippines",Puerto Princesa
BOSS Hub,5.0,(1),,,,,Gym,8 Peneyra Rd,,https://lh3.googleusercontent.com/gps-cs-s/APNQkAETUUHqDM6gxe_RUFfH--SSKcAXYcnHfE-JC1ru2raijDYlTvJlCL1O66j1XmIg3RhhkorJQ3ve0Qb_BqZIdSBl06Q4pDQ8glPunTQyLxBvwTyzTbmjOPR1OsxIiiDHNmgBkmef=w1600-h1200-k-no,,,9.7555641,118.750702,https://www.google.com/maps/place/BOSS+Hub/data=!4m7!3m6!1s0x33b563001492b231:0xd0ab742c36e48a3f!8m2!3d9.7555641!4d118.750702!16s%2Fg%2F11vx32rxp8!19sChIJMbKSFABjtTMRP4rkNix0q9A?authuser=0&hl=en&rclk=1,"gym in Puerto Princesa, Palawan, Philippines",Puerto Princesa
WPU Covered Gymnasium,4.0,(1),,,,,Gym,,,,,,9.7851912,118.7292571,https://www.google.com/maps/place/WPU+Covered+Gymnasium/data=!4m7!3m6!1s0x33b56335c292eb1f:0x6b96a2cceb5ed82a!8m2!3d9.7851912!4d118.7292571!16s%2Fg%2F11sbxkhb88!19sChIJH-uSwjVjtTMRKthe68yilms?authuser=0&hl=en&rclk=1,"gym in Puerto Princesa, Palawan, Philippines",Puerto Princesa
ESJ BADMINTON COURT,4.5,(16),,,,,Gym,,,https://lh3.googleusercontent.com/gps-cs-s/APNQkAEZ-KJ96bNgz-wGHB4L3fVUz6GybmbfMaQ6zuK_-uaFqGTv72dPTmGs4OebxCqoqBpOl2XKI_9o4Qss0vesBNSFUweOMUGzb4rI-Ioy4iRrWmndcH44lhHNlBC5h16J5eXJS1c9cw=w1600-h1200-k-no,,,9.7376783,118.7540401,https://www.google.com/maps/place/ESJ+BADMINTON+COURT/data=!4m7!3m6!1s0x33b56375b924320b:0x1659d10cd6a715c0!8m2!3d9.7376783!4d118.7540401!16s%2Fg%2F11hdqwqk03!19sChIJCzIkuXVjtTMRwBWn1gzRWRY?authuser=0&hl=en&rclk=1,"gym in Puerto Princesa, Palawan, Philippines",Puerto Princesa
Seven Dragons Martial Arts Center,5.0,(5),,,,,Gym,,,https://lh3.googleusercontent.com/gps-cs-s/APNQkAGfGa0c--5-KrEagns3YdTWgYYKu1gsYYJUlsriPLOwuY9zQPkjsUBp0Wu5UoqEPyvUknMKTmTcVsn0-fvTpdjrGc4BuXphOvQg6YkzHXS3qmSoNsMpoK31s8U1qG-tG9b9kIjP=w1600-h1200-k-no,,,9.7988609,118.7125788,https://www.google.com/maps/place/Seven+Dragons+Martial+Arts+Center/data=!4m7!3m6!1s0x33b563520e6463dd:0x15d4f40fa4d27152!8m2!3d9.7988609!4d118.7125788!16s%2Fg%2F11sbcy56f8!19sChIJ3WNkDlJjtTMRUnHSpA_01BU?authuser=0&hl=en&rclk=1,"gym in Puerto Princesa, Palawan, Philippines",Puerto Princesa
Sta. Monica Covered Court,4.0,(91),,,,,Gym,,,https://lh3.googleusercontent.com/gps-cs-s/APNQkAEHYC2xcEnUsQwYQ8UQTMrZBntoha9_i8659lQa0JUkwE1A9lwHFp5m4xBmy8MMXida7nLOVB-f4qX3HPUn31txAchHOauYoU0n6lvbesZ8blfPlq2G_9W2AsuvBTotu9xnxxiKZQ=w1600-h1200-k-no,,,9.7918453,118.7357524,https://www.google.com/maps/place/Sta.+Monica+Covered+Court/data=!4m7!3m6!1s0x33b56316c0056a31:0x9747f3554317aab2!8m2!3d9.7918453!4d118.7357524!16s%2Fg%2F11r8jk3ll!19sChIJMWoFwBZjtTMRsqoXQ1XzR5c?authuser=0&hl=en&rclk=1,"gym in Puerto Princesa, Palawan, Philippines",Puerto Princesa
New Village Covered Court,5.0,(1),,,,,Gym,,,https://lh3.googleusercontent.com/gps-cs-s/APNQkAFc0IUBoREE26jZWdH8btqN4f-cxk2WAwsHMHULxzmG4e5ATAyNUjh00cbohRCys2Ew1-Y9RfPKvuobj2DaCZnXvehWvoE8vdOuu4FL6raM-A9CuNyqtv9YhMKGA1wcQa0XLV1WkXuBT-61=w1600-h1200-k-no,,,9.8105427,118.7438721,https://www.google.com/maps/place/New+Village+Covered+Court/data=!4m7!3m6!1s0x33b56300331afd81:0x17d72abb20258212!8m2!3d9.8105427!4d118.7438721!16s%2Fg%2F11yfqbh963!19sChIJgf0aMwBjtTMREoIlILsq1xc?authuser=0&hl=en&rclk=1,"gym in Puerto Princesa, Palawan, Philippines",Puerto Princesa
Rage Room and Restobar Palawan,5.0,(6),,,,,Gym,,,https://lh3.googleusercontent.com/gps-cs-s/APNQkAEWr1v7Wd2WAr7VM433uuLgIsgSw8EuQKfWL9TwAnenUhtQQKytuFv5riL83Yvz4HXYcJJbHSZplLqM_A1_GkfXYsBFz-mFnOyr0xArxsqNHF_INUib8dOeiqC2J_XAOT9ggmJLwAqi1V0=w1600-h1200-k-no,,,9.73986,118.7330253,https://www.google.com/maps/place/Rage+Room+and+Restobar+Palawan/data=!4m7!3m6!1s0x33b5637d268b781f:0xbf410b229b2d45a!8m2!3d9.73986!4d118.7330253!16s%2Fg%2F11yhs9vndl!19sChIJH3iLJn1jtTMRWtSyKbIQ9As?authuser=0&hl=en&rclk=1,"gym in Puerto Princesa, Palawan, Philippines",Puerto Princesa
"Batoy, ELlaine, USANA DISTRIBUTOR, PUERTO PRINCESA CITY PALAWAN.",4.5,(15),,,,,Gym,,,https://lh3.googleusercontent.com/gps-cs-s/APNQkAFgNdtVZr-H6gwjlrTgHg9SRwOYrPKPB1eEdkN3EAYn2X959lRvcigWcihe0pQxNek_I4h7Ls65EFWDJtQCumLthpIzUKnFg-f9hRZeyPOxWXQSqJq3YvSHv0rjX6awMTINIaWniA=w1600-h1200-k-no,,,9.7460821,118.7576968,"https://www.google.com/maps/place/Batoy,+ELlaine,+USANA+DISTRIBUTOR,+PUERTO+PRINCESA+CITY+PALAWAN./data=!4m7!3m6!1s0x33b56344248d6461:0x6f5e635fdfada190!8m2!3d9.7460821!4d118.7576968!16s%2Fg%2F11s7z7_0w0!19sChIJYWSNJERjtTMRkKGt319jXm8?authuser=0&hl=en&rclk=1","gym in Puerto Princesa, Palawan, Philippines",Puerto Princesa
"Short-term Rental in Puerto Princesa City with a Balcony, FREE Gym & Pool near Airport - B2 6Luster",3.7,(3),,,,,Gym,2 6Luster  3,,https://lh3.googleusercontent.com/gps-proxy/ALd4DhEJMK9eFgyCpng5K498JcYy5cRDII8pueKeuAsX0VInhh_7gkQS8ZhWZZTUZZXtUyvo0GXbL-cGWaf0VcppidbkllO-3-3IsKipEXCHo-HEUX8XgWYdZZDX6IUEehElnL4qMvrnoPE5iecl8a5HTUT4bugYGiWdHJPCyHIPiYiMj9HGU6y4WTs6ww=w1600-h1200-k-no,,,9.7292242,118.765953,"https://www.google.com/maps/place/Short-term+Rental+in+Puerto+Princesa+City+with+a+Balcony,+FREE+Gym+%26+Pool+near+Airport+-+B2+6Luster/data=!4m12!3m11!1s0x33b56154c9a77c13:0x273720b107ad6e67!5m3!1s2026-10-31!4m1!1i2!8m2!3d9.7292242!4d118.765953!16s%2Fg%2F11nhw84q9s!17BQ0FF!19sChIJE3ynyVRhtTMRZ26tB7EgNyc?authuser=0&hl=en&rclk=1","gym in Puerto Princesa, Palawan, Philippines",Puerto Princesa
Puerto Princesa City Library (PPCL),4.3,(6),(048) 433 6177,https://wa.me/0484336177,,https://www.facebook.com/profile.php?id=100064767936573&mibextid=ZbWKwL,Public Wi-Fi,433 6177,https://www.facebook.com/profile.php?id=100064767936573&mibextid=ZbWKwL,,,,9.7394712,118.7371542,https://www.google.com/maps/place/Puerto+Princesa+City+Library+%28PPCL%29/data=!4m7!3m6!1s0x33b563deb4a9a08f:0xf677484599a0a47e!8m2!3d9.7394712!4d118.7371542!16s%2Fg%2F1hf9tmtf9!19sChIJj6CptN5jtTMRfqSgmUVId_Y?authuser=0&hl=en&rclk=1,"public wifi in Puerto Princesa, Palawan, Philippines",Puerto Princesa
Bo's Coffee (Robinsons Palawan),4.4,(158),,,,,Public Wi-Fi,,https://www.boscoffee.com/,,,,9.7664226,118.7486899,https://www.google.com/maps/place/Bo%27s+Coffee+%28Robinsons+Palawan%29/data=!4m7!3m6!1s0x33b578a1684dcab1:0xa571c0f7df33f529!8m2!3d9.7664226!4d118.7486899!16s%2Fg%2F11gfd77ks7!19sChIJscpNaKF4tTMRKfUz3_fAcaU?authuser=0&hl=en&rclk=1,"public wifi in Puerto Princesa, Palawan, Philippines",Puerto Princesa
AMD&D Internet Cafe and Online Store Palawan,5.0,(4),,,,http://www.facebook.com/amdinternet,Public Wi-Fi,,http://www.facebook.com/amdinternet,,,,9.7790189,118.761376,https://www.google.com/maps/place/AMD%26D+Internet+Cafe+and+Online+Store+Palawan/data=!4m7!3m6!1s0x33b563219e09bd5b:0xf442f94b709d0c4!8m2!3d9.7790189!4d118.761376!16s%2Fg%2F11nyl0pg33!19sChIJW70JniFjtTMRxNAJt5QvRA8?authuser=0&hl=en&rclk=1,"public wifi in Puerto Princesa, Palawan, Philippines",Puerto Princesa
Green Turtle Backpackers Guesthouse,4.6,(53),939 902 2356,https://wa.me/9399022356,,https://www.facebook.com/GreenTurtlePH,Public Wi-Fi,0939 902 2356,https://www.facebook.com/GreenTurtlePH,,,,9.7809969,118.7447887,https://www.google.com/maps/place/Green+Turtle+Backpackers+Guesthouse/data=!4m11!3m10!1s0x33b56351d5fdf9af:0x49dd81d1b5f87972!5m3!1s2026-10-31!4m1!1i2!8m2!3d9.7809969!4d118.7447887!16s%2Fg%2F11gwmsbvwc!19sChIJr_n91VFjtTMRcnn4tdGB3Uk?authuser=0&hl=en&rclk=1,"public wifi in Puerto Princesa, Palawan, Philippines",Puerto Princesa
Skytel Palawan,4.0,(72),917 777 3838,https://wa.me/9177773838,,,Public Wi-Fi,0917 777 3838,https://skytelpalawan.top/,,,,9.7828005,118.7473154,https://www.google.com/maps/place/Skytel+Palawan/data=!4m11!3m10!1s0x33b5633e776a7c19:0x39cc3b64c11f7a35!5m3!1s2026-10-31!4m1!1i2!8m2!3d9.7828005!4d118.7473154!16s%2Fg%2F11frxyswdx!19sChIJGXxqdz5jtTMRNXofwWQ7zDk?authuser=0&hl=en&rclk=1,"public wifi in Puerto Princesa, Palawan, Philippines",Puerto Princesa
Smart Store SM Puerto Princesa,4.2,(70),929 887 4237,https://wa.me/9298874237,,,Sim Card,0929 887 4237,,https://lh3.googleusercontent.com/gps-cs-s/APNQkAGKfdHGy-eynv-vhfLfZ9Vek5c0EoPG7wgrdRniCmBdMvWWOUAEeDwuYoX3WQ5AdCNz1RRMTKWe7iGeYyGY8gaVZ4N9kJsLQ_RdQlsMrhJyozv7LYnuifGWAhU8j7F0pYiXod0jyA=w1600-h1200-k-no,,,9.7434269,118.7395685,https://www.google.com/maps/place/Smart+Store+SM+Puerto+Princesa/data=!4m7!3m6!1s0x33b563dce5409f43:0x6946b90dd7038092!8m2!3d9.7434269!4d118.7395685!16s%2Fg%2F11gf3n9hml!19sChIJQ59A5dxjtTMRkoAD1w25Rmk?authuser=0&hl=en&rclk=1,"sim card in Puerto Princesa, Palawan, Philippines",Puerto Princesa
"CELLHUB MAIN BRANCH (BORDSCELLHUB) RIZAL AVE. PUERTO PRINCESA CITY, PALAWAN",4.2,(6),921 975 5225,https://wa.me/9219755225,,,Sim Card,5 BUILDING,,https://lh3.googleusercontent.com/gps-cs-s/APNQkAHGqj1JF4vyVJDJsF-zQMZ_sBkvn6k6Fl4AaSr-p7jOfyVDSs5UFIabUOiepJsXgt5RDzo21Jra1cvnYIovQlZn2v3YKrQbucwChvEjWhZKoAgvM9RNO7n4-X0odQEWIAtgHGQ=w1600-h1200-k-no,,,9.7401033,118.7399457,"https://www.google.com/maps/place/CELLHUB+MAIN+BRANCH+%28BORDSCELLHUB%29+RIZAL+AVE.+PUERTO+PRINCESA+CITY,+PALAWAN/data=!4m7!3m6!1s0x33b563483d9b175d:0x9356de54b7b454c!8m2!3d9.7401033!4d118.7399457!16s%2Fg%2F11ndwp63cw!19sChIJXRebPUhjtTMRTEV7S-VtNQk?authuser=0&hl=en&rclk=1","sim card in Puerto Princesa, Palawan, Philippines",Puerto Princesa
WIKO Mobile Kiosk at Robinsons Palawan,5.0,(5),929 573 7623,https://wa.me/9295737623,,,Sim Card,0929 573 7623,,https://lh3.googleusercontent.com/gps-cs-s/APNQkAF3XPsKxGtH8JX0nnLTKBPROrlMSRB5T9_O8u7zzbb8Uy3tFE2hzsrzJ6dK9TVSf2D86g3rtDlIZF8o7mj8ZvDwnhPUnstJU8u_l8ARmfvzevYkRPoxC57qx-R09CvhHOXV2vYC=w1600-h1200-k-no,,,9.7670357,118.7482247,https://www.google.com/maps/place/WIKO+Mobile+Kiosk+at+Robinsons+Palawan/data=!4m7!3m6!1s0x33b56330790b7279:0x5424ec2efdda12f0!8m2!3d9.7670357!4d118.7482247!16s%2Fg%2F11s96rndv7!19sChIJeXILeTBjtTMR8BLa_S7sJFQ?authuser=0&hl=en&rclk=1,"sim card in Puerto Princesa, Palawan, Philippines",Puerto Princesa
Electronico,4.2,(38),,,,,Sim Card,,,https://lh3.googleusercontent.com/gps-cs-s/APNQkAGksm4mpDYxxL4nzadMc-EnK-RRC4tBDS4zMy18QnMUUvSqo12-nlq42jppxc0Rgst85jyQiLbdgxcjkzJlQ97zpwaemeLEr0U5MxIrbMJPYaGJm6Q6NLVxe8nFfQ_18xKna1bP=w1600-h1200-k-no,,,9.7407215,118.7367151,https://www.google.com/maps/place/Electronico/data=!4m7!3m6!1s0x33b563dbfcea6bef:0x4fbacbf94466fc08!8m2!3d9.7407215!4d118.7367151!16s%2Fg%2F1hc2y3mlg!19sChIJ72vq_NtjtTMRCPxmRPnLuk8?authuser=0&hl=en&rclk=1,"sim card in Puerto Princesa, Palawan, Philippines",Puerto Princesa
Cherry Mobile Phones Service Center,5.0,(1),912 797 1354,https://wa.me/9127971354,,,Sim Card,277 Rizal AvenueCloses soon,,https://lh3.googleusercontent.com/gps-cs-s/APNQkAHV9iOq2HC6S02cLbFN6CR65ZCDf1TLommwukrnRUBcGcGp7JzvsG67k9OTmToWbEiJQgObqAWxLyH-GEUU3g-nxhOYZTq6DRKuuebrjrZBptSyI8c9EdjS1gdWeiNLhosJJSIN=w1600-h1200-k-no,,,9.7384649,118.7405399,https://www.google.com/maps/place/Cherry+Mobile+Phones+Service+Center/data=!4m7!3m6!1s0x33b563dc19b9a0ed:0x1bb823d53f4130f8!8m2!3d9.7384649!4d118.7405399!16s%2Fg%2F11b5pl0z8g!19sChIJ7aC5GdxjtTMR-DBBP9UjuBs?authuser=0&hl=en&rclk=1,"sim card in Puerto Princesa, Palawan, Philippines",Puerto Princesa
PUERTO ELECTRONICO,5.0,(1),,,,,Sim Card,,,https://streetviewpixels-pa.googleapis.com/v1/thumbnail?panoid=y1XfJUsVmMHjAbAaT9Qwlg&cb_client=search.gws-prod.gps&w=80&h=92&yaw=183.04297&pitch=0&thumbfov=100,,,9.7679989,118.7485908,https://www.google.com/maps/place/PUERTO+ELECTRONICO/data=!4m7!3m6!1s0x33b563262e2aa425:0xfb53d9f2a5ac7b73!8m2!3d9.7679989!4d118.7485908!16s%2Fg%2F11h6qcvzx_!19sChIJJaQqLiZjtTMRc3uspfLZU_s?authuser=0&hl=en&rclk=1,"sim card in Puerto Princesa, Palawan, Philippines",Puerto Princesa
Electelcom Communication Services,5.0,(1),,,,,Sim Card,277 Rizal Avenue,,https://lh3.googleusercontent.com/gps-cs-s/APNQkAEd_nLhZo2gj2eB0dejvrY4Qh5tPzsVbwmcOoqQT3c8aXj_iRZbbRQGTPyPJPCIUAhqvoMNzfgQBtV5-5UX-r0vgDBeODy702y1kNYJ1ZYCyqWum4aVVmu5FrqegbL6BYjeTl4=w1600-h1200-k-no,,,9.740271,118.741344,https://www.google.com/maps/place/Electelcom+Communication+Services/data=!4m7!3m6!1s0x33b563dddecffa51:0x211f9889584e95d6!8m2!3d9.740271!4d118.741344!16s%2Fg%2F11h7rqx80_!19sChIJUfrP3t1jtTMR1pVOWImYHyE?authuser=0&hl=en&rclk=1,"sim card in Puerto Princesa, Palawan, Philippines",Puerto Princesa
RENT A MOTORBIKE PALAWAN GARAGE,5.0,(7),968 854 5615,https://wa.me/9688545615,,,Sim Card,,,https://lh3.googleusercontent.com/gps-cs-s/APNQkAGtFMZW2VJWK92dSdxZWRXH4kERGIc_r0SDx1_AYXoPOa4wg6X8egQSHaBJUhXIotC6o3ujZC15rrKVp0oWlUz4vCCTpAepistRYsk82vlCS4ej5G8YoU28AhQQ90cPAgjuOrutAg=w1600-h1200-k-no,,,9.7320418,118.7386137,https://www.google.com/maps/place/RENT+A+MOTORBIKE+PALAWAN+GARAGE/data=!4m7!3m6!1s0x33b5617a1840ccf7:0x3d94444a65a6c71b!8m2!3d9.7320418!4d118.7386137!16s%2Fg%2F11td3rqmf7!19sChIJ98xAGHphtTMRG8emZUpElD0?authuser=0&hl=en&rclk=1,"sim card in Puerto Princesa, Palawan, Philippines",Puerto Princesa
Rey Car Rental,4.7,(92),977 608 7599,https://wa.me/9776087599,,,Sim Card,176 Wescom Rd,,https://lh3.googleusercontent.com/gps-cs-s/APNQkAF_MYH2I1ViRGbPZy3Evb9LpR0dgTdCEFTIgJZehKrw7xWn7m_-me1DCoQygL-EJ4T1TmBuJA4kfRQ_sOPMeR8cLkB9mDL2lvIyCBsIC_V8t8ehgFxKK9IzgLIesqeyHMKYBZHn=w1600-h1200-k-no,,,9.7526029,118.7590218,https://www.google.com/maps/place/Rey+Car+Rental/data=!4m7!3m6!1s0x33b563e93a1555d3:0x2a65b96ff553172b!8m2!3d9.7526029!4d118.7590218!16s%2Fg%2F11cnd86tzn!19sChIJ01UVOuljtTMRKxdT9W-5ZSo?authuser=0&hl=en&rclk=1,"sim card in Puerto Princesa, Palawan, Philippines",Puerto Princesa
MQCANTIGA STORE,5.0,(5),906 448 9032,https://wa.me/9064489032,,,Sim Card,4 Lot 2,,https://lh3.googleusercontent.com/gps-cs-s/APNQkAHtvq47PiFaa60kD--kq0dwDiMPmzJIifGxj7o3MSetDZlQhj8jf_I_DP5o8_yDbsrgxc30srg68TPhAJwR2yPNJi-mn3ud1Bgz9ghxpc2lib_vj_KuEr12oS202ljBwJOANv0z4Q=w1600-h1200-k-no,,,9.7999578,118.7656004,https://www.google.com/maps/place/MQCANTIGA+STORE/data=!4m7!3m6!1s0x33b56374beb34045:0x12e83d4d1eed4c87!8m2!3d9.7999578!4d118.7656004!16s%2Fg%2F11lrdbgd_j!19sChIJRUCzvnRjtTMRh0ztHk096BI?authuser=0&hl=en&rclk=1,"sim card in Puerto Princesa, Palawan, Philippines",Puerto Princesa
Open 24/7 Mahmoud Store,5.0,(2),,,,,Convenience Store,7 Mahmoud Store  5,,,,,9.7513396,118.7505267,https://www.google.com/maps/place/Open+24%2F7+Mahmoud+Store/data=!4m7!3m6!1s0x33b5635ab2c9b079:0x21e8cb42c3b483b!8m2!3d9.7513396!4d118.7505267!16s%2Fg%2F11l1f6y1cz!19sChIJebDJslpjtTMRO0g7LLSMHgI?authuser=0&hl=en&rclk=1,"convenience store in Puerto Princesa, Palawan, Philippines",Puerto Princesa
VONNE'S MINI MART open 24/7,3.5,(6),,,,,Convenience Store,7  3,,,,,9.736129,118.7562156,https://www.google.com/maps/place/VONNE%27S+MINI+MART+open+24%2F7/data=!4m7!3m6!1s0x33b563097c341b0f:0x6f0e48ad156c3a5b!8m2!3d9.736129!4d118.7562156!16s%2Fg%2F11rzp9rn7d!19sChIJDxs0fAljtTMRWzpsFa1IDm8?authuser=0&hl=en&rclk=1,"convenience store in Puerto Princesa, Palawan, Philippines",Puerto Princesa
RIJ'S CONVENIENCE STORE,5.0,(1),916 336 3065,https://wa.me/9163363065,,,Convenience Store,0916 336 3065,,,,,9.8041129,118.7503562,https://www.google.com/maps/place/RIJ%27S+CONVENIENCE+STORE/data=!4m7!3m6!1s0x33b5637806bf350f:0xafa53e2fd3f7a51!8m2!3d9.8041129!4d118.7503562!16s%2Fg%2F11z5xdbl3h!19sChIJDzW_BnhjtTMRUXo__eJT-go?authuser=0&hl=en&rclk=1,"convenience store in Puerto Princesa, Palawan, Philippines",Puerto Princesa
Le Poulpe Convenience Store,5.0,(1),965 249 2250,https://wa.me/9652492250,,https://m.facebook.com/LePoulpeConvenienceStore/,Convenience Store,0965 249 2250,https://m.facebook.com/LePoulpeConvenienceStore/,,,,9.7468331,118.7419026,https://www.google.com/maps/place/Le+Poulpe+Convenience+Store/data=!4m7!3m6!1s0x33b563b7915bf65b:0xa5d87e14d66e2d8b!8m2!3d9.7468331!4d118.7419026!16s%2Fg%2F11pytlh85d!19sChIJW_ZbkbdjtTMRiy1u1hR-2KU?authuser=0&hl=en&rclk=1,"convenience store in Puerto Princesa, Palawan, Philippines",Puerto Princesa
Arkadia Liquor Store And Convenience Store,5.0,(1),,,,,Convenience Store,,,,,,9.7579844,118.7510407,https://www.google.com/maps/place/Arkadia+Liquor+Store+And+Convenience+Store/data=!4m7!3m6!1s0x33b563005ce4b51b:0xf90b7844b78660b8!8m2!3d9.7579844!4d118.7510407!16s%2Fg%2F11z2k3_r6q!19sChIJG7XkXABjtTMRuGCGt0R4C_k?authuser=0&hl=en&rclk=1,"convenience store in Puerto Princesa, Palawan, Philippines",Puerto Princesa
Tyvien Store,5.0,(6),918 509 0162,https://wa.me/9185090162,,,Convenience Store,0918 509 0162,,,,,9.7751066,118.7630886,https://www.google.com/maps/place/Tyvien+Store/data=!4m7!3m6!1s0x33b563b4771ffec3:0x84523f607a0246e9!8m2!3d9.7751066!4d118.7630886!16s%2Fg%2F11nxrds7z4!19sChIJw_4fd7RjtTMR6UYCemA_UoQ?authuser=0&hl=en&rclk=1,"convenience store in Puerto Princesa, Palawan, Philippines",Puerto Princesa
Lea Store,5.0,(1),,,,,Convenience Store,,,,,,9.7735392,118.7438026,https://www.google.com/maps/place/Lea+Store/data=!4m7!3m6!1s0x33b563ccc8bc5dfd:0xc74d9840b5ec0124!8m2!3d9.7735392!4d118.7438026!16s%2Fg%2F11mr7n_2by!19sChIJ_V28yMxjtTMRJAHstUCYTcc?authuser=0&hl=en&rclk=1,"convenience store in Puerto Princesa, Palawan, Philippines",Puerto Princesa
JMP Convenience Store,5.0,(2),,,,,Convenience Store,,,,,,9.7953588,118.7128487,https://www.google.com/maps/place/JMP+Convenience+Store/data=!4m7!3m6!1s0x33b56379aed9b3b7:0x4919253e5c85b5c2!8m2!3d9.7953588!4d118.7128487!16s%2Fg%2F11fmc5944s!19sChIJt7PZrnljtTMRwrWFXD4lGUk?authuser=0&hl=en&rclk=1,"convenience store in Puerto Princesa, Palawan, Philippines",Puerto Princesa
KJ MINI MART,5.0,(3),927 352 8886,https://wa.me/9273528886,,,Convenience Store,0927 352 8886,,,,,9.7952483,118.7487098,https://www.google.com/maps/place/KJ+MINI+MART/data=!4m7!3m6!1s0x33b563311b8ffc89:0x82b1c933edf8167!8m2!3d9.7952483!4d118.7487098!16s%2Fg%2F11x5gqg1j_!19sChIJifyPGzFjtTMRZ4HfPpMcKwg?authuser=0&hl=en&rclk=1,"convenience store in Puerto Princesa, Palawan, Philippines",Puerto Princesa
Izza's Convenience Store,5.0,(1),,,,,Convenience Store,28 Lot 13 Pathmosville subd,,,,,9.8177933,118.7384386,https://www.google.com/maps/place/Izza%27s+Convenience+Store/data=!4m7!3m6!1s0x33b57d6557c0da9f:0x786e1ed9e29d6d9!8m2!3d9.8177933!4d118.7384386!16s%2Fg%2F11t29djqd7!19sChIJn9rAV2V9tTMR2dYpnu3hhgc?authuser=0&hl=en&rclk=1,"convenience store in Puerto Princesa, Palawan, Philippines",Puerto Princesa
BANDOJO STORE,5.0,(1),,,,,Convenience Store,3 Block 4 Seabreez HOA,https://peddlr.io/store/bandojo-sari-sari-store-111043,,,,9.8005467,118.7460991,https://www.google.com/maps/place/BANDOJO+STORE/data=!4m7!3m6!1s0x33b563a4fc626d41:0x32e17d2d84dade1d!8m2!3d9.8005467!4d118.7460991!16s%2Fg%2F11gzs59j52!19sChIJQW1i_KRjtTMRHd7ahC194TI?authuser=0&hl=en&rclk=1,"convenience store in Puerto Princesa, Palawan, Philippines",Puerto Princesa
Patrick's Convenience Store,4.0,(1),,,,,Convenience Store,,,,,,9.7784825,118.7483001,https://www.google.com/maps/place/Patrick%27s+Convenience+Store/data=!4m7!3m6!1s0x33b563825b760ae3:0xbea7fe12be1c8878!8m2!3d9.7784825!4d118.7483001!16s%2Fg%2F11q38ndvtd!19sChIJ4wp2W4JjtTMReIgcvhL-p74?authuser=0&hl=en&rclk=1,"convenience store in Puerto Princesa, Palawan, Philippines",Puerto Princesa
Sky n' Savy,4.5,(2),,,,,Convenience Store,,,,,,9.777443,118.7484098,https://www.google.com/maps/place/Sky+n%27+Savy/data=!4m7!3m6!1s0x33b563265afb6cf5:0x618eede6557356b7!8m2!3d9.777443!4d118.7484098!16s%2Fg%2F11tdswzw9w!19sChIJ9Wz7WiZjtTMRt1ZzVebtjmE?authuser=0&hl=en&rclk=1,"convenience store in Puerto Princesa, Palawan, Philippines",Puerto Princesa
Pick n Go,4.4,(25),917 706 8610,https://wa.me/9177068610,,,Convenience Store,0917 706 8610,,,,,9.7474619,118.7470834,https://www.google.com/maps/place/Pick+n+Go/data=!4m7!3m6!1s0x33b563e9192f05cb:0x71f5bd62eda26ac5!8m2!3d9.7474619!4d118.7470834!16s%2Fg%2F11gdm9zqy5!19sChIJywUvGeljtTMRxWqi7WK99XE?authuser=0&hl=en&rclk=1,"convenience store in Puerto Princesa, Palawan, Philippines",Puerto Princesa
"NCCC Supermarket- Malvar, Palawan",4.5,(88),915 064 7862,https://wa.me/9150647862,,,Convenience Store,0915 064 7862,,,,,9.7421041,118.7363673,"https://www.google.com/maps/place/NCCC+Supermarket-+Malvar,+Palawan/data=!4m7!3m6!1s0x33b5632094b5d275:0x5c49c30f6d462852!8m2!3d9.7421041!4d118.7363673!16s%2Fg%2F11qplv_lxc!19sChIJddK1lCBjtTMRUihGbQ_DSVw?authuser=0&hl=en&rclk=1","convenience store in Puerto Princesa, Palawan, Philippines",Puerto Princesa
Beth care convenience store,5.0,(1),,,,,Convenience Store,,,,,,9.7422308,118.7352639,https://www.google.com/maps/place/Beth+care+convenience+store/data=!4m7!3m6!1s0x33b563fc5a02840d:0x2a8a683aea4919c0!8m2!3d9.7422308!4d118.7352639!16s%2Fg%2F11sydgncjy!19sChIJDYQCWvxjtTMRwBlJ6jpoiio?authuser=0&hl=en&rclk=1,"convenience store in Puerto Princesa, Palawan, Philippines",Puerto Princesa
APOSTOL STORE,3.7,(3),997 375 1414,https://wa.me/9973751414,,http://www.facebook.com/apostolstore,Convenience Store,0997 375 1414,http://www.facebook.com/apostolstore,,,,9.7801637,118.7571115,https://www.google.com/maps/place/APOSTOL+STORE/data=!4m7!3m6!1s0x33b5637bd7da31bb:0xe1f6ad38a1d095ea!8m2!3d9.7801637!4d118.7571115!16s%2Fg%2F11c1q9d37_!19sChIJuzHa13tjtTMR6pXQoTit9uE?authuser=0&hl=en&rclk=1,"convenience store in Puerto Princesa, Palawan, Philippines",Puerto Princesa
JJ Ministore,5.0,(2),,,,,Convenience Store,,,,,,9.7298412,118.7443894,https://www.google.com/maps/place/JJ+Ministore/data=!4m7!3m6!1s0x33b5617a7e684cdd:0xaf3dd0d1bc958019!8m2!3d9.7298412!4d118.7443894!16s%2Fg%2F11wj0jcy5m!19sChIJ3UxofnphtTMRGYCVvNHQPa8?authuser=0&hl=en&rclk=1,"convenience store in Puerto Princesa, Palawan, Philippines",Puerto Princesa
CM Shopping Mart,5.0,(1),,,,,Convenience Store,,,,,,9.7416058,118.7360716,https://www.google.com/maps/place/CM+Shopping+Mart/data=!4m7!3m6!1s0x33b563dbebbae709:0x44caff1f0f3711ed!8m2!3d9.7416058!4d118.7360716!16s%2Fg%2F1tdgryj6!19sChIJCee669tjtTMR7RE3Dx__ykQ?authuser=0&hl=en&rclk=1,"convenience store in Puerto Princesa, Palawan, Philippines",Puerto Princesa
Longno Variety Store,4.0,(1),,,,,Convenience Store,,,,,,9.7779462,118.7614542,https://www.google.com/maps/place/Longno+Variety+Store/data=!4m7!3m6!1s0x33b563fd1ecce90d:0x172d7201735801fa!8m2!3d9.7779462!4d118.7614542!16s%2Fg%2F11k4vh50ns!19sChIJDenMHv1jtTMR-gFYcwFyLRc?authuser=0&hl=en&rclk=1,"convenience store in Puerto Princesa, Palawan, Philippines",Puerto Princesa
Drugman Supermarket,4.5,(6),,,,,Convenience Store,,,,,,9.7414363,118.7374459,https://www.google.com/maps/place/Drugman+Supermarket/data=!4m7!3m6!1s0x33b5633a771fcf15:0xdf245fa93319dc5b!8m2!3d9.7414363!4d118.7374459!16s%2Fg%2F11hq0y2c64!19sChIJFc8fdzpjtTMRW9wZM6lfJN8?authuser=0&hl=en&rclk=1,"convenience store in Puerto Princesa, Palawan, Philippines",Puerto Princesa
Sta. Monica Puerto Princesa Palawan,5.0,(1),,,,,Convenience Store,,,,,,9.7949224,118.7320024,https://www.google.com/maps/place/Sta.+Monica+Puerto+Princesa+Palawan/data=!4m7!3m6!1s0x33b56300246de0ef:0xd059f907b2e6ddbe!8m2!3d9.7949224!4d118.7320024!16s%2Fg%2F11mktwfbcl!19sChIJ7-BtJABjtTMRvt3msgf5WdA?authuser=0&hl=en&rclk=1,"convenience store in Puerto Princesa, Palawan, Philippines",Puerto Princesa
Tonie's Mart Mall/Tonie's Mart Grocery,4.7,(9),,,,,Convenience Store,,,,,,9.7425513,118.7361765,https://www.google.com/maps/place/Tonie%27s+Mart+Mall%2FTonie%27s+Mart+Grocery/data=!4m7!3m6!1s0x33b563db999ae1df:0x51d811927659c9a2!8m2!3d9.7425513!4d118.7361765!16s%2Fg%2F11bymwvf13!19sChIJ3-GamdtjtTMRoslZdpIR2FE?authuser=0&hl=en&rclk=1,"convenience store in Puerto Princesa, Palawan, Philippines",Puerto Princesa
The Deli Mart and More,4.5,(15),917 129 2622,https://wa.me/9171292622,,https://www.facebook.com/The-Deli-Mart-More-Palawan-102333248603697/about/?ref=page_internal,Convenience Store,329 Malvar RoadCloses soon,https://www.facebook.com/The-Deli-Mart-More-Palawan-102333248603697/about/?ref=page_internal,,,,9.7477808,118.743331,https://www.google.com/maps/place/The+Deli+Mart+and+More/data=!4m7!3m6!1s0x33b563f567f882d9:0xa450439ff64aaaad!8m2!3d9.7477808!4d118.743331!16s%2Fg%2F11q7gj_9tf!19sChIJ2YL4Z_VjtTMRrapK9p9DUKQ?authuser=0&hl=en&rclk=1,"convenience store in Puerto Princesa, Palawan, Philippines",Puerto Princesa
Connie store,5.0,(1),,,,,Convenience Store,34778 Lomboy St,,,,,9.7928568,118.7627722,https://www.google.com/maps/place/Connie+store/data=!4m7!3m6!1s0x33b5637a628e0a6d:0x73f1c53c3e1da5da!8m2!3d9.7928568!4d118.7627722!16s%2Fg%2F11r5q62yvj!19sChIJbQqOYnpjtTMR2qUdPjzF8XM?authuser=0&hl=en&rclk=1,"convenience store in Puerto Princesa, Palawan, Philippines",Puerto Princesa
YBC Store,3.8,(5),,,,,Convenience Store,,,,,,9.7518962,118.7547457,https://www.google.com/maps/place/YBC+Store/data=!4m7!3m6!1s0x33b563f282a5ab4d:0x2b866f9fe4788c53!8m2!3d9.7518962!4d118.7547457!16s%2Fg%2F1261jffmf!19sChIJTaulgvJjtTMRU4x45J9vhis?authuser=0&hl=en&rclk=1,"convenience store in Puerto Princesa, Palawan, Philippines",Puerto Princesa
Andrews Grocery,4.4,(8),(048) 433 2439,https://wa.me/0484332439,,,Convenience Store,109 Malvar RoadCloses soon,,,,,9.7424579,118.7356849,https://www.google.com/maps/place/Andrews+Grocery/data=!4m7!3m6!1s0x33b563c2cdafd851:0x7295d659ffd952aa!8m2!3d9.7424579!4d118.7356849!16s%2Fg%2F1hc2w3vhw!19sChIJUdivzcJjtTMRqlLZ_1nWlXI?authuser=0&hl=en&rclk=1,"convenience store in Puerto Princesa, Palawan, Philippines",Puerto Princesa
Andrew's Supermarket,4.2,(17),,,,,Convenience Store,,,,,,9.7819239,118.7419188,https://www.google.com/maps/place/Andrew%27s+Supermarket/data=!4m7!3m6!1s0x33b563d959ca0623:0xf86e74dedefc333!8m2!3d9.7819239!4d118.7419188!16s%2Fg%2F11tg9k75qw!19sChIJIwbKWdljtTMRM8Pv7U3nhg8?authuser=0&hl=en&rclk=1,"convenience store in Puerto Princesa, Palawan, Philippines",Puerto Princesa
New City Commercial Center,4.2,(168),,,,,Convenience Store,,,,,,9.7389412,118.7413931,https://www.google.com/maps/place/New+City+Commercial+Center/data=!4m7!3m6!1s0x33b563de6a4823db:0xfdc037ed9e6cbd6d!8m2!3d9.7389412!4d118.7413931!16s%2Fg%2F1hc764psj!19sChIJ2yNIat5jtTMRbb1snu03wP0?authuser=0&hl=en&rclk=1,"convenience store in Puerto Princesa, Palawan, Philippines",Puerto Princesa
123G CONVENIENCE STORE,4.0,(1),,,,,Convenience Store,,,,,,9.7403207,118.7404802,https://www.google.com/maps/place/123G+CONVENIENCE+STORE/data=!4m7!3m6!1s0x33b563ddd44a7869:0xce9d3802d0dc0161!8m2!3d9.7403207!4d118.7404802!16s%2Fg%2F11krpcn5wm!19sChIJaXhK1N1jtTMRYQHc0AI4nc4?authuser=0&hl=en&rclk=1,"convenience store in Puerto Princesa, Palawan, Philippines",Puerto Princesa
Graceland Grains Center and General Merchandise,5.0,(2),,,,,Convenience Store,,,,,,9.7855314,118.7372646,https://www.google.com/maps/place/Graceland+Grains+Center+and+General+Merchandise/data=!4m7!3m6!1s0x33b56311fff3b6c1:0xc3ec35b187ce80d6!8m2!3d9.7855314!4d118.7372646!16s%2Fg%2F1tf5h57y!19sChIJwbbz_xFjtTMR1oDOh7E17MM?authuser=0&hl=en&rclk=1,"convenience store in Puerto Princesa, Palawan, Philippines",Puerto Princesa
Goland Supermarket - Goland Plaza Branch,3.8,(27),919 069 9568,https://wa.me/9190699568,,,Convenience Store,0919 069 9568,,,,,9.7513039,118.7473339,https://www.google.com/maps/place/Goland+Supermarket+-+Goland+Plaza+Branch/data=!4m7!3m6!1s0x33b56372c9cd208f:0x56fd3aae43b68387!8m2!3d9.7513039!4d118.7473339!16s%2Fg%2F1pzwzqkpy!19sChIJjyDNyXJjtTMRh4O2Q646_VY?authuser=0&hl=en&rclk=1,"convenience store in Puerto Princesa, Palawan, Philippines",Puerto Princesa
Hybrid Store,3.8,(10),998 855 7822,https://wa.me/9988557822,,,Convenience Store,0998 855 7822,,,,,9.749676,118.7697341,https://www.google.com/maps/place/Hybrid+Store/data=!4m7!3m6!1s0x33b5640baeab3f9f:0x961e5828ba13d532!8m2!3d9.749676!4d118.7697341!16s%2Fg%2F11g6mkghb0!19sChIJnz-rrgtktTMRMtUTuihYHpY?authuser=0&hl=en&rclk=1,"convenience store in Puerto Princesa, Palawan, Philippines",Puerto Princesa
"Puerto Princesa City,Palawan",5.0,(1),,,,,Convenience Store,,,,,,9.7435754,118.7426171,"https://www.google.com/maps/place/Puerto+Princesa+City,Palawan/data=!4m7!3m6!1s0x33b563003be5f93b:0x777f12fde1592047!8m2!3d9.7435754!4d118.7426171!16s%2Fg%2F11vzfwsxl5!19sChIJO_nlOwBjtTMRRyBZ4f0Sf3c?authuser=0&hl=en&rclk=1","convenience store in Puerto Princesa, Palawan, Philippines",Puerto Princesa
Puerto Princesa Food Corporation,4.7,(3),(048) 434 5664,https://wa.me/0484345664,,,Convenience Store,13 Manalo St,,,,,9.7361569,118.7409012,https://www.google.com/maps/place/Puerto+Princesa+Food+Corporation/data=!4m7!3m6!1s0x33b563dfa4d8ef49:0x4d56a5a1946633a0!8m2!3d9.7361569!4d118.7409012!16s%2Fg%2F1pzr1g140!19sChIJSe_YpN9jtTMRoDNmlKGlVk0?authuser=0&hl=en&rclk=1,"convenience store in Puerto Princesa, Palawan, Philippines",Puerto Princesa
Alsaif Trading Palawan,5.0,(7),,,,https://www.facebook.com/AlsaifTradingPalawan/,Convenience Store,,https://www.facebook.com/AlsaifTradingPalawan/,,,,9.7641416,118.7541248,https://www.google.com/maps/place/Alsaif+Trading+Palawan/data=!4m7!3m6!1s0x33b56356cf159f05:0xb47f376309c4b8bd!8m2!3d9.7641416!4d118.7541248!16s%2Fg%2F11krkjx69h!19sChIJBZ8Vz1ZjtTMRvbjECWM3f7Q?authuser=0&hl=en&rclk=1,"convenience store in Puerto Princesa, Palawan, Philippines",Puerto Princesa
BBGirl,4.5,(2),,,,,Convenience Store,6 purok bayanihan now,,,,,9.7779779,118.7566247,https://www.google.com/maps/place/BBGirl/data=!4m7!3m6!1s0x33b56378fbac3e8f:0x53efcacb5b94b74e!8m2!3d9.7779779!4d118.7566247!16s%2Fg%2F11j869p1ws!19sChIJjz6s-3hjtTMRTreUW8vK71M?authuser=0&hl=en&rclk=1,"convenience store in Puerto Princesa, Palawan, Philippines",Puerto Princesa
8Two8 CONVENIENCE Store And Cafe,4.4,(5),,,,,Convenience Store,8 CONVENIENCE Store And Cafe  4,,,,,9.747962,118.7432348,https://www.google.com/maps/place/8Two8+CONVENIENCE+Store+And+Cafe/data=!4m7!3m6!1s0x33b563e9d90d7e4d:0xd864ffd2c4b1ed3e!8m2!3d9.747962!4d118.7432348!16s%2Fg%2F11c6ldfjxp!19sChIJTX4N2eljtTMRPu2xxNL_ZNg?authuser=0&hl=en&rclk=1,"convenience store in Puerto Princesa, Palawan, Philippines",Puerto Princesa
Lato Coffee and Restaurant,4.6,(237),906 448 9332,https://wa.me/9064489332,,,Convenience Store,0906 448 9332,https://www.google.com/searchviewer/42?cvd=CLw_EicKJeICIjIgEhkiF9LX29IPEQoNL2cvMTFueHA4MXB6dhgAOgMI8A0%3D&hl=en-PH&gl=ph&fo_m=MfohQo559jFvMUOzJVpjPL1YMfZ3bInYwBDuMfaXTPp5KXh-&utm_source=tactile&gei=yJwmar-mOv3g2roP1YbOuQg&ei=yJwmar-mOv3g2roP1YbOuQg&fo_s=OA&opi=79508299&ebb=1&cs=0&foub=mcpp,,,,9.7439232,118.7308376,https://www.google.com/maps/place/Lato+Coffee+and+Restaurant/data=!4m7!3m6!1s0x33b563be1a1a7887:0x54cf0582832a43be!8m2!3d9.7439232!4d118.7308376!16s%2Fg%2F11nxp81pzv!19sChIJh3gaGr5jtTMRvkMqg4IFz1Q?authuser=0&hl=en&rclk=1,"convenience store in Puerto Princesa, Palawan, Philippines",Puerto Princesa
STOP & GO FOOD-STORE,5.0,(3),,,,,Convenience Store,,,,,,9.7811757,118.7545919,https://www.google.com/maps/place/STOP+%26+GO+FOOD-STORE/data=!4m7!3m6!1s0x33b5636f7e85bd3b:0x12788574af0a2bc3!8m2!3d9.7811757!4d118.7545919!16s%2Fg%2F11tmsld9kc!19sChIJO72Ffm9jtTMRwysKr3SFeBI?authuser=0&hl=en&rclk=1,"convenience store in Puerto Princesa, Palawan, Philippines",Puerto Princesa
Baker's Hill,4.4,"(3,601)",(048) 433 4314,https://wa.me/0484334314,,https://www.facebook.com/Bakers-Hill-524196797645401/,Convenience Store,433 4314,https://www.facebook.com/Bakers-Hill-524196797645401/,,,,9.8074189,118.7344615,https://www.google.com/maps/place/Baker%27s+Hill/data=!4m7!3m6!1s0x33b56330f6156911:0x7e8343d33b56faa2!8m2!3d9.8074189!4d118.7344615!16s%2Fg%2F1vhlvq75!19sChIJEWkV9jBjtTMRovpWO9NDg34?authuser=0&hl=en&rclk=1,"convenience store in Puerto Princesa, Palawan, Philippines",Puerto Princesa
Mercado de San Miguel,4.2,(150),(048) 434 0048,https://wa.me/0484340048,,,Convenience Store,434 0048,,,,,9.7475112,118.7470104,https://www.google.com/maps/place/Mercado+de+San+Miguel/data=!4m7!3m6!1s0x33b563e919b19341:0xebb3032883d7bbb6!8m2!3d9.7475112!4d118.7470104!16s%2Fg%2F1hcb3ch2p!19sChIJQZOxGeljtTMRtrvXgygDs-s?authuser=0&hl=en&rclk=1,"convenience store in Puerto Princesa, Palawan, Philippines",Puerto Princesa
Gab's Food Corner,4.3,(4),938 604 4544,https://wa.me/9386044544,,https://www.facebook.com/profile.php?id=100083319553315&mibextid=JRoKGi,Convenience Store,0938 604 4544,https://www.facebook.com/profile.php?id=100083319553315&mibextid=JRoKGi,,,,9.8431331,118.7430605,https://www.google.com/maps/place/Gab%27s+Food+Corner/data=!4m7!3m6!1s0x33b57d000782a6cd:0x52beccf3ee7c0c8a!8m2!3d9.8431331!4d118.7430605!16s%2Fg%2F11ldp_xd42!19sChIJzaaCBwB9tTMRigx87vPMvlI?authuser=0&hl=en&rclk=1,"convenience store in Puerto Princesa, Palawan, Philippines",Puerto Princesa
Super Kalan Dealer,5.0,(3),(048) 433 4417,https://wa.me/0484334417,,,Convenience Store,433 4417,,,,,9.7465705,118.7422044,https://www.google.com/maps/place/Super+Kalan+Dealer/data=!4m7!3m6!1s0x33b563c28f9d29a9:0x981edb306ce4a9e3!8m2!3d9.7465705!4d118.7422044!16s%2Fg%2F1pzth2km_!19sChIJqSmdj8JjtTMR46nkbDDbHpg?authuser=0&hl=en&rclk=1,"convenience store in Puerto Princesa, Palawan, Philippines",Puerto Princesa
CHOICE CUT MEAT STORE,4.7,(3),917 680 2202,https://wa.me/9176802202,,,Convenience Store,0917 680 2202,,,,,9.7992428,118.7242045,https://www.google.com/maps/place/CHOICE+CUT+MEAT+STORE/data=!4m7!3m6!1s0x33b5631429d12177:0x4a86f04df8f6d984!8m2!3d9.7992428!4d118.7242045!16s%2Fg%2F11klzlykzd!19sChIJdyHRKRRjtTMRhNn2-E3whko?authuser=0&hl=en&rclk=1,"convenience store in Puerto Princesa, Palawan, Philippines",Puerto Princesa
Daiso Japan - Robinsons Palawan,4.4,(7),,,,,Convenience Store,,,,,,9.7678462,118.7486478,https://www.google.com/maps/place/Daiso+Japan+-+Robinsons+Palawan/data=!4m7!3m6!1s0x33b56347acc2acb3:0x9e8025bbf3d857bd!8m2!3d9.7678462!4d118.7486478!16s%2Fg%2F11fmll40jh!19sChIJs6zCrEdjtTMRvVfY87slgJ4?authuser=0&hl=en&rclk=1,"convenience store in Puerto Princesa, Palawan, Philippines",Puerto Princesa
Daddy G's Goodies food store,5.0,(1),,,,,Convenience Store,,,,,,9.745953,118.7422558,https://www.google.com/maps/place/Daddy+G%27s+Goodies+food+store/data=!4m7!3m6!1s0x33b5639306b0daa7:0x17762db783dc4539!8m2!3d9.745953!4d118.7422558!16s%2Fg%2F11h0hwl3sh!19sChIJp9qwBpNjtTMROUXcg7ctdhc?authuser=0&hl=en&rclk=1,"convenience store in Puerto Princesa, Palawan, Philippines",Puerto Princesa
Pajara Street Santa Monica Puerto Princesa City Palawan,5.0,(1),,,,,Convenience Store,6 Lledo Boarding house,,,,,9.7876512,118.729389,https://www.google.com/maps/place/Pajara+Street+Santa+Monica+Puerto+Princesa+City+Palawan/data=!4m7!3m6!1s0x33b56300201faf8b:0x30459d5a0e18e076!8m2!3d9.7876512!4d118.729389!16s%2Fg%2F11lnt42nj6!19sChIJi68fIABjtTMRduAYDlqdRTA?authuser=0&hl=en&rclk=1,"convenience store in Puerto Princesa, Palawan, Philippines",Puerto Princesa
Max & Bunny,4.5,(341),917 702 6649,https://wa.me/9177026649,,http://www.facebook.com/maxandbunnyshop,Convenience Store,0917 702 6649,http://www.facebook.com/maxandbunnyshop,,,,9.7616424,118.7525052,https://www.google.com/maps/place/Max+%26+Bunny/data=!4m7!3m6!1s0x33b563781aac05e9:0x25f0cc9bfcdff19!8m2!3d9.7616424!4d118.7525052!16s%2Fg%2F11q34flnwc!19sChIJ6QWsGnhjtTMRGf_Nv8kMXwI?authuser=0&hl=en&rclk=1,"convenience store in Puerto Princesa, Palawan, Philippines",Puerto Princesa
Pardeco viduya store,5.0,(1),,,,,Convenience Store,,,,,,9.7397704,118.7636514,https://www.google.com/maps/place/Pardeco+viduya+store/data=!4m7!3m6!1s0x33b563a6aa0ed83f:0x32ffdb87b86792ed!8m2!3d9.7397704!4d118.7636514!16s%2Fg%2F11l77cysdd!19sChIJP9gOqqZjtTMR7ZJnuIfb_zI?authuser=0&hl=en&rclk=1,"convenience store in Puerto Princesa, Palawan, Philippines",Puerto Princesa
Caltex Irawan Gasoline Station,4.5,(36),917 189 9953,https://wa.me/9171899953,,,Convenience Store,,,,,,9.8015271,118.6953503,https://www.google.com/maps/place/Caltex+Irawan+Gasoline+Station/data=!4m7!3m6!1s0x33b563439f59ee5d:0x953ef50b4dadb101!8m2!3d9.8015271!4d118.6953503!16s%2Fg%2F11j7z0vy80!19sChIJXe5Zn0NjtTMRAbGtTQv1PpU?authuser=0&hl=en&rclk=1,"convenience store in Puerto Princesa, Palawan, Philippines",Puerto Princesa
Shell,4.0,(3),(048) 433 7325,https://wa.me/0484337325,,,Convenience Store,433 7325,https://find.shell.com/ph/fuel/10021612-sh-matahimik-p-princesa/en_PH,,,,9.744289,118.739759,https://www.google.com/maps/place/Shell/data=!4m7!3m6!1s0x33b563dcda50a04d:0xb8fa34ef55b72acd!8m2!3d9.744289!4d118.739759!16s%2Fg%2F1tm66gsp!19sChIJTaBQ2txjtTMRzSq3Ve80-rg?authuser=0&hl=en&rclk=1,"convenience store in Puerto Princesa, Palawan, Philippines",Puerto Princesa
Little Things Cafe Palawan,4.6,(19),968 854 5619,https://wa.me/9688545619,,https://www.facebook.com/thelittlethingspalawan?mibextid=LQQJ4d,Convenience Store,0968 854 5619,https://www.facebook.com/thelittlethingspalawan?mibextid=LQQJ4d,,,,9.7391668,118.7638167,https://www.google.com/maps/place/Little+Things+Cafe+Palawan/data=!4m7!3m6!1s0x33b563ca726e2d17:0xbe6bb44e137223d5!8m2!3d9.7391668!4d118.7638167!16s%2Fg%2F11k55b_r2v!19sChIJFy1ucspjtTMR1SNyE060a74?authuser=0&hl=en&rclk=1,"convenience store in Puerto Princesa, Palawan, Philippines",Puerto Princesa
Massway Shopping Center,4.0,(363),,,,,Convenience Store,,,,,,9.7802448,118.7485624,https://www.google.com/maps/place/Massway+Shopping+Center/data=!4m7!3m6!1s0x33b56373fd3672c9:0xe0598f1b5955108!8m2!3d9.7802448!4d118.7485624!16s%2Fg%2F11f3s3645v!19sChIJyXI2_XNjtTMRCFGVtfGYBQ4?authuser=0&hl=en&rclk=1,"convenience store in Puerto Princesa, Palawan, Philippines",Puerto Princesa
3s Bilao Foods,5.0,(1),966 637 3273,https://wa.me/9666373273,,,Convenience Store,0966 637 3273,,,,,9.7707871,118.7672732,https://www.google.com/maps/place/3s+Bilao+Foods/data=!4m7!3m6!1s0x33b56349dc981831:0x6fc033b4ef7e066f!8m2!3d9.7707871!4d118.7672732!16s%2Fg%2F11jt50r009!19sChIJMRiY3EljtTMRbwZ-77QzwG8?authuser=0&hl=en&rclk=1,"convenience store in Puerto Princesa, Palawan, Philippines",Puerto Princesa
Princess Port,4.2,(6),,,,,Convenience Store,,,,,,9.7458523,118.7505032,https://www.google.com/maps/place/Princess+Port/data=!4m7!3m6!1s0x33b563ef166cd715:0xbaae0aa30b1babcd!8m2!3d9.7458523!4d118.7505032!16s%2Fg%2F11f020fzfk!19sChIJFddsFu9jtTMRzasbC6MKrro?authuser=0&hl=en&rclk=1,"convenience store in Puerto Princesa, Palawan, Philippines",Puerto Princesa
All Inclusive Laundry Express,5.0,(19),909 605 3090,https://wa.me/9096053090,,https://m.facebook.com/profile.php/?id=100082998918695,Laundry,0909 605 3090,https://m.facebook.com/profile.php/?id=100082998918695,,,,9.7944984,118.7497426,https://www.google.com/maps/place/All+Inclusive+Laundry+Express/data=!4m7!3m6!1s0x33b563623a2589c5:0x75a240905e34edca!8m2!3d9.7944984!4d118.7497426!16s%2Fg%2F11v3tzt73q!19sChIJxYklOmJjtTMRyu00XpBAonU?authuser=0&hl=en&rclk=1,"laundry in Puerto Princesa, Palawan, Philippines",Puerto Princesa
Express Clean Laundry Lounge Palawan,5.0,(25),921 951 9831,https://wa.me/9219519831,,,Laundry,60 Lacao St,https://expressclean.ph/,,,,9.7410332,118.7406023,https://www.google.com/maps/place/Express+Clean+Laundry+Lounge+Palawan/data=!4m7!3m6!1s0x33b563d785b29883:0x6565aaa733e7b942!8m2!3d9.7410332!4d118.7406023!16s%2Fg%2F11vx25rj7k!19sChIJg5iyhddjtTMRQrnnM6eqZWU?authuser=0&hl=en&rclk=1,"laundry in Puerto Princesa, Palawan, Philippines",Puerto Princesa
Happy Hour Laundromat,4.5,(10),,,,,Laundry,,,,,,9.7579418,118.7473844,https://www.google.com/maps/place/Happy+Hour+Laundromat/data=!4m7!3m6!1s0x33b5636d10634d1f:0x25db7b660e3354c6!8m2!3d9.7579418!4d118.7473844!16s%2Fg%2F11jz_x68w1!19sChIJH01jEG1jtTMRxlQzDmZ72yU?authuser=0&hl=en&rclk=1,"laundry in Puerto Princesa, Palawan, Philippines",Puerto Princesa
Quishea laundry hub,5.0,(134),916 438 3030,https://wa.me/9164383030,,,Laundry,0916 438 3030,,,,,9.7378365,118.7341729,https://www.google.com/maps/place/Quishea+laundry+hub/data=!4m7!3m6!1s0x33b563002dc6f6ef:0x1f415b10a0fd1bcf!8m2!3d9.7378365!4d118.7341729!16s%2Fg%2F11y31tzg6z!19sChIJ7_bGLQBjtTMRzxv9oBBbQR8?authuser=0&hl=en&rclk=1,"laundry in Puerto Princesa, Palawan, Philippines",Puerto Princesa
LAUNDRY 57,4.7,(20),916 375 6958,https://wa.me/9163756958,,,Laundry,57  4,,,,,9.761971,118.7467287,https://www.google.com/maps/place/LAUNDRY+57/data=!4m7!3m6!1s0x33b563bda30feb6b:0x79d4199547ee7513!8m2!3d9.761971!4d118.7467287!16s%2Fg%2F11l5dl4s08!19sChIJa-sPo71jtTMRE3XuR5UZ1Hk?authuser=0&hl=en&rclk=1,"laundry in Puerto Princesa, Palawan, Philippines",Puerto Princesa
REIGN Wash And Dry,4.6,(52),(048) 433 2199,https://wa.me/0484332199,,,Laundry,433 2199,,,,,9.7397965,118.750881,https://www.google.com/maps/place/REIGN+Wash+And+Dry/data=!4m7!3m6!1s0x33b563e6ae56a351:0xbd67f8d63ad3ff1a!8m2!3d9.7397965!4d118.750881!16s%2Fg%2F11dxr3lr_t!19sChIJUaNWruZjtTMRGv_TOtb4Z70?authuser=0&hl=en&rclk=1,"laundry in Puerto Princesa, Palawan, Philippines",Puerto Princesa
Spintrix Laundry Services,4.3,(34),995 877 1549,https://wa.me/9958771549,,,Laundry,,,,,,9.7402319,118.7419947,https://www.google.com/maps/place/Spintrix+Laundry+Services/data=!4m7!3m6!1s0x33b563985ca3247d:0x671fd369853c71ca!8m2!3d9.7402319!4d118.7419947!16s%2Fg%2F11kph7jksx!19sChIJfSSjXJhjtTMRynE8hWnTH2c?authuser=0&hl=en&rclk=1,"laundry in Puerto Princesa, Palawan, Philippines",Puerto Princesa
SpinCycle Laundry Service,4.9,(27),945 164 0513,https://wa.me/9451640513,,https://www.facebook.com/share/1YuorPiHeg/?mibextid=wwXIfr,Laundry,0945 164 0513,https://www.facebook.com/share/1YuorPiHeg/?mibextid=wwXIfr,,,,9.7480998,118.7446991,https://www.google.com/maps/place/SpinCycle+Laundry+Service/data=!4m7!3m6!1s0x33b563534ec75caf:0x504ce0b3af9aad42!8m2!3d9.7480998!4d118.7446991!16s%2Fg%2F11mdq164p1!19sChIJr1zHTlNjtTMRQq2ar7PgTFA?authuser=0&hl=en&rclk=1,"laundry in Puerto Princesa, Palawan, Philippines",Puerto Princesa
G.B. LABANDERA LAUNDRY,5.0,(11),,,,,Laundry,179 Manalo St,,,,,9.73543,118.744209,https://www.google.com/maps/place/G.B.+LABANDERA+LAUNDRY/data=!4m7!3m6!1s0x33b563002dcb2b5f:0x1e655ee96a47abc0!8m2!3d9.73543!4d118.744209!16s%2Fg%2F11lc_0n7kg!19sChIJXyvLLQBjtTMRwKtHauleZR4?authuser=0&hl=en&rclk=1,"laundry in Puerto Princesa, Palawan, Philippines",Puerto Princesa
Lauvabbles Laundry Hub,5.0,(1),993 416 1950,https://wa.me/9934161950,,https://www.facebook.com/share/176tutUyLj/?mibextid=wwXIfr,Laundry,0993 416 1950,https://www.facebook.com/share/176tutUyLj/?mibextid=wwXIfr,,,,9.7392586,118.7601941,https://www.google.com/maps/place/Lauvabbles+Laundry+Hub/data=!4m7!3m6!1s0x33b56300030f080b:0xefbb5b0b17196046!8m2!3d9.7392586!4d118.7601941!16s%2Fg%2F11yqtffggd!19sChIJCwgPAwBjtTMRRmAZFwtbu-8?authuser=0&hl=en&rclk=1,"laundry in Puerto Princesa, Palawan, Philippines",Puerto Princesa
Laundry Shop Don Ernesto,4.1,(11),967 409 7513,https://wa.me/9674097513,,,Laundry,,,,,,9.761746,118.754313,https://www.google.com/maps/place/Laundry+Shop+Don+Ernesto/data=!4m7!3m6!1s0x33b5636502b1a8c1:0x2a78c6f6ca87d4eb!8m2!3d9.761746!4d118.754313!16s%2Fg%2F11kbp8fyj1!19sChIJwaixAmVjtTMR69SHyvbGeCo?authuser=0&hl=en&rclk=1,"laundry in Puerto Princesa, Palawan, Philippines",Puerto Princesa
Calie's Laundry Van,5.0,(16),938 851 5252,https://wa.me/9388515252,,,Laundry,0938 851 5252,,,,,9.7647042,118.7543526,https://www.google.com/maps/place/Calie%27s+Laundry+Van/data=!4m7!3m6!1s0x33b563028de99bf5:0x13e1b895c7fb9f78!8m2!3d9.7647042!4d118.7543526!16s%2Fg%2F11rr7qc9jp!19sChIJ9ZvpjQJjtTMReJ_7x5W44RM?authuser=0&hl=en&rclk=1,"laundry in Puerto Princesa, Palawan, Philippines",Puerto Princesa
Bubbles Of Joy Laundry Shop,4.8,(22),995 669 8265,https://wa.me/9956698265,,,Laundry,0995 669 8265,,,,,9.7413285,118.7408182,https://www.google.com/maps/place/Bubbles+Of+Joy+Laundry+Shop/data=!4m7!3m6!1s0x33b563ddc8f7106f:0x29a6e335cf8ba700!8m2!3d9.7413285!4d118.7408182!16s%2Fg%2F11g7_7sgc5!19sChIJbxD3yN1jtTMRAKeLzzXjpik?authuser=0&hl=en&rclk=1,"laundry in Puerto Princesa, Palawan, Philippines",Puerto Princesa
KenNJen Laundry Services,4.6,(11),915 044 3665,https://wa.me/9150443665,,,Laundry,229 Manalo StCloses soon,,,,,9.7352055,118.7482156,https://www.google.com/maps/place/KenNJen+Laundry+Services/data=!4m7!3m6!1s0x33b5635e2622a727:0x8cd75c433d4ca740!8m2!3d9.7352055!4d118.7482156!16s%2Fg%2F11rtf1hk_x!19sChIJJ6ciJl5jtTMRQKdMPUNc14w?authuser=0&hl=en&rclk=1,"laundry in Puerto Princesa, Palawan, Philippines",Puerto Princesa
Fresh & Fold Laundry,5.0,(1),926 109 1322,https://wa.me/9261091322,,,Laundry,15 Carandang St,,,,,9.741605,118.7387839,https://www.google.com/maps/place/Fresh+%26+Fold+Laundry/data=!4m7!3m6!1s0x33b563000b1fc32b:0x34a40d756fc81893!8m2!3d9.741605!4d118.7387839!16s%2Fg%2F11yqdmf09t!19sChIJK8MfCwBjtTMRkxjIb3UNpDQ?authuser=0&hl=en&rclk=1,"laundry in Puerto Princesa, Palawan, Philippines",Puerto Princesa
Pagarz Laundry Service,4.9,(12),,,,,Laundry,,,,,,9.7356076,118.7561322,https://www.google.com/maps/place/Pagarz+Laundry+Service/data=!4m7!3m6!1s0x33b5630070908177:0x16a7ac82f8b9ea80!8m2!3d9.7356076!4d118.7561322!16s%2Fg%2F11vpwhbnhk!19sChIJd4GQcABjtTMRgOq5-IKspxY?authuser=0&hl=en&rclk=1,"laundry in Puerto Princesa, Palawan, Philippines",Puerto Princesa
Ma Ghie's Laundry Shop,5.0,(4),931 708 5730,https://wa.me/9317085730,,,Laundry,0931 708 5730,,,,,9.7604821,118.7661459,https://www.google.com/maps/place/Ma+Ghie%27s+Laundry+Shop/data=!4m7!3m6!1s0x33b56300571d4e2d:0x4940ff273d3d2324!8m2!3d9.7604821!4d118.7661459!16s%2Fg%2F11mlxzdmh3!19sChIJLU4dVwBjtTMRJCM9PSf_QEk?authuser=0&hl=en&rclk=1,"laundry in Puerto Princesa, Palawan, Philippines",Puerto Princesa
NashRome Laundry Services,5.0,(1),935 484 8348,https://wa.me/9354848348,,,Laundry,0935 484 8348,,,,,9.7621307,118.7590941,https://www.google.com/maps/place/NashRome+Laundry+Services/data=!4m7!3m6!1s0x33b56300704460db:0xd9aa97370917d18a!8m2!3d9.7621307!4d118.7590941!16s%2Fg%2F11yz95l2gl!19sChIJ22BEcABjtTMRitEXCTeXqtk?authuser=0&hl=en&rclk=1,"laundry in Puerto Princesa, Palawan, Philippines",Puerto Princesa
Dream Clean Express,5.0,(1),960 421 6182,https://wa.me/9604216182,,,Laundry,1043 Victoria Romasanta St,,,,,9.7517485,118.7507632,https://www.google.com/maps/place/Dream+Clean+Express/data=!4m7!3m6!1s0x33b56300003373eb:0x444e2e9dbca86c20!8m2!3d9.7517485!4d118.7507632!16s%2Fg%2F11z3zvv4d2!19sChIJ63MzAABjtTMRIGyovJ0uTkQ?authuser=0&hl=en&rclk=1,"laundry in Puerto Princesa, Palawan, Philippines",Puerto Princesa
Wash Master Laundry Hub,5.0,(9),921 232 8388,https://wa.me/9212328388,,https://www.facebook.com/profile.php?id=61573893567028,Laundry,0921 232 8388,https://www.facebook.com/profile.php?id=61573893567028,,,,9.7810279,118.7447948,https://www.google.com/maps/place/Wash+Master+Laundry+Hub/data=!4m7!3m6!1s0x33b5635069dd8c3b:0x2776abbd95b2fb34!8m2!3d9.7810279!4d118.7447948!16s%2Fg%2F11yc7v00yb!19sChIJO4zdaVBjtTMRNPuylb2rdic?authuser=0&hl=en&rclk=1,"laundry in Puerto Princesa, Palawan, Philippines",Puerto Princesa
Labadabango Laundry House,5.0,(4),994 829 6873,https://wa.me/9948296873,,https://www.facebook.com/profile.php?id=61561857552185,Laundry,0994 829 6873,https://www.facebook.com/profile.php?id=61561857552185,,,,9.7464412,118.7418105,https://www.google.com/maps/place/Labadabango+Laundry+House/data=!4m7!3m6!1s0x33b563df27f8ed4d:0xc6e1d24078e44227!8m2!3d9.7464412!4d118.7418105!16s%2Fg%2F11w7dtbp35!19sChIJTe34J99jtTMRJ0LkeEDS4cY?authuser=0&hl=en&rclk=1,"laundry in Puerto Princesa, Palawan, Philippines",Puerto Princesa
Mikaxine Laundry Services,5.0,(1),939 902 2440,https://wa.me/9399022440,,https://www.facebook.com/mikaxinelaundryservices?,Laundry,0939 902 2440,https://www.facebook.com/mikaxinelaundryservices?,,,,9.7744769,118.7380253,https://www.google.com/maps/place/Mikaxine+Laundry+Services/data=!4m7!3m6!1s0x33b56386f8de21a5:0x2ac5c880abf4ef42!8m2!3d9.7744769!4d118.7380253!16s%2Fg%2F11yz8hkr6t!19sChIJpSHe-IZjtTMRQu_0q4DIxSo?authuser=0&hl=en&rclk=1,"laundry in Puerto Princesa, Palawan, Philippines",Puerto Princesa
Perry Bubbly Laundry Service,3.9,(7),939 570 7238,https://wa.me/9395707238,,https://www.facebook.com/perrybubbly,Laundry,0939 570 7238,https://www.facebook.com/perrybubbly,,,,9.7423419,118.7425418,https://www.google.com/maps/place/Perry+Bubbly+Laundry+Service/data=!4m7!3m6!1s0x33b56382815111af:0x62c2512220bb47cb!8m2!3d9.7423419!4d118.7425418!16s%2Fg%2F11k9nmdhw1!19sChIJrxFRgYJjtTMRy0e7ICJRwmI?authuser=0&hl=en&rclk=1,"laundry in Puerto Princesa, Palawan, Philippines",Puerto Princesa
SPINTRIX LAUNDRY SERVICES MANALO BRANCH,5.0,(4),915 753 2117,https://wa.me/9157532117,,,Laundry,0915 753 2117,,,,,9.7362716,118.7411519,https://www.google.com/maps/place/SPINTRIX+LAUNDRY+SERVICES+MANALO+BRANCH/data=!4m7!3m6!1s0x33b563d537365507:0xb9c06e2b8ed3a7e!8m2!3d9.7362716!4d118.7411519!16s%2Fg%2F11y37mxhyp!19sChIJB1U2N9VjtTMRfjrtuOIGnAs?authuser=0&hl=en&rclk=1,"laundry in Puerto Princesa, Palawan, Philippines",Puerto Princesa
Master Wash Laundry,4.2,(23),995 383 5669,https://wa.me/9953835669,,https://www.facebook.com/masterwashlaundry,Laundry,0995 383 5669,https://www.facebook.com/masterwashlaundry,,,,9.7406699,118.7355074,https://www.google.com/maps/place/Master+Wash+Laundry/data=!4m7!3m6!1s0x33b563dbdf4def29:0x9ebc7e4c527b05dc!8m2!3d9.7406699!4d118.7355074!16s%2Fg%2F11bzzxrkgs!19sChIJKe9N39tjtTMR3AV7Ukx-vJ4?authuser=0&hl=en&rclk=1,"laundry in Puerto Princesa, Palawan, Philippines",Puerto Princesa
GOLDEN WASH EXPRESS,5.0,(1),991 775 7530,https://wa.me/9917757530,,,Laundry,0991 775 7530,,,,,9.7950198,118.7239735,https://www.google.com/maps/place/GOLDEN+WASH+EXPRESS/data=!4m7!3m6!1s0x33b56312add65ce1:0x760c845653987c3f!8m2!3d9.7950198!4d118.7239735!16s%2Fg%2F11vhbxbf47!19sChIJ4VzWrRJjtTMRP3yYU1aEDHY?authuser=0&hl=en&rclk=1,"laundry in Puerto Princesa, Palawan, Philippines",Puerto Princesa
Fresh and Clean Laundry Shop,5.0,(1),916 642 3428,https://wa.me/9166423428,,,Laundry,0916 642 3428,,,,,9.7295891,118.7444136,https://www.google.com/maps/place/Fresh+and+Clean+Laundry+Shop/data=!4m7!3m6!1s0x33b5610046ad44e1:0xf1e322e65846356a!8m2!3d9.7295891!4d118.7444136!16s%2Fg%2F11w322x8tf!19sChIJ4UStRgBhtTMRajVGWOYi4_E?authuser=0&hl=en&rclk=1,"laundry in Puerto Princesa, Palawan, Philippines",Puerto Princesa
L.C. Princesa Laundry,5.0,(1),955 563 3171,https://wa.me/9555633171,,,Laundry,0955 563 3171,,,,,9.7512424,118.7630325,https://www.google.com/maps/place/L.C.+Princesa+Laundry/data=!4m7!3m6!1s0x33b563006e15f29d:0x3b3f39cd391f80d6!8m2!3d9.7512424!4d118.7630325!16s%2Fg%2F11njtbryvd!19sChIJnfIVbgBjtTMR1oAfOc05Pzs?authuser=0&hl=en&rclk=1,"laundry in Puerto Princesa, Palawan, Philippines",Puerto Princesa
Aira Laundry,5.0,(1),931 770 6469,https://wa.me/9317706469,,,Laundry,,,,,,9.7459462,118.7422612,https://www.google.com/maps/place/Aira+Laundry/data=!4m7!3m6!1s0x33b563ae18756cdd:0xf98a7f010280f21f!8m2!3d9.7459462!4d118.7422612!16s%2Fg%2F11nhjsmj38!19sChIJ3Wx1GK5jtTMRH_KAAgF_ivk?authuser=0&hl=en&rclk=1,"laundry in Puerto Princesa, Palawan, Philippines",Puerto Princesa
Bubblewash Laundry Hub,5.0,(1),970 808 7718,https://wa.me/9708087718,,https://www.facebook.com/share/1cGTaPzxAx/,Laundry,0970 808 7718,https://www.facebook.com/share/1cGTaPzxAx/,,,,9.7807093,118.7568479,https://www.google.com/maps/place/Bubblewash+Laundry+Hub/data=!4m7!3m6!1s0x33b563e08b0f4a37:0x509b8dc9c824ea82!8m2!3d9.7807093!4d118.7568479!16s%2Fg%2F11z7hjdfm7!19sChIJN0oPi-BjtTMRguokyMmNm1A?authuser=0&hl=en&rclk=1,"laundry in Puerto Princesa, Palawan, Philippines",Puerto Princesa
L.A. Sauce Sneaker Laundry Palawan,5.0,(3),(048) 241 0076,https://wa.me/0482410076,,,Laundry,241 0076,,,,,9.7462296,118.7414544,https://www.google.com/maps/place/L.A.+Sauce+Sneaker+Laundry+Palawan/data=!4m7!3m6!1s0x33b5639385bc9491:0xa4367b872e986fe3!8m2!3d9.7462296!4d118.7414544!16s%2Fg%2F11txtg1frm!19sChIJkZS8hZNjtTMR42-YLod7NqQ?authuser=0&hl=en&rclk=1,"laundry in Puerto Princesa, Palawan, Philippines",Puerto Princesa
Johana Laundry,5.0,(1),917 773 9929,https://wa.me/9177739929,,https://www.facebook.com/profile.php?id=100064044579232&mibextid=ZbWKwL,Laundry,1 Road Entrance,https://www.facebook.com/profile.php?id=100064044579232&mibextid=ZbWKwL,,,,9.7808886,118.7452319,https://www.google.com/maps/place/Johana+Laundry/data=!4m7!3m6!1s0x33b5639d6e18f27b:0xbbc6e5f8a6feb9d5!8m2!3d9.7808886!4d118.7452319!16s%2Fg%2F11l70tsbtp!19sChIJe_IYbp1jtTMR1bn-pvjlxrs?authuser=0&hl=en&rclk=1,"laundry in Puerto Princesa, Palawan, Philippines",Puerto Princesa
Anastasia laundry house,5.0,(1),,,,,Laundry,,,,,,9.6639837,118.7057854,https://www.google.com/maps/place/Anastasia+laundry+house/data=!4m7!3m6!1s0x33b5610026f6dc51:0xb07f53246618d8a5!8m2!3d9.6639837!4d118.7057854!16s%2Fg%2F11z6_6cr9k!19sChIJUdz2JgBhtTMRpdgYZiRTf7A?authuser=0&hl=en&rclk=1,"laundry in Puerto Princesa, Palawan, Philippines",Puerto Princesa
WashMeister laundromat,4.0,(1),960 427 0170,https://wa.me/9604270170,,,Laundry,22 Wescom Rd0960 427 0170,,,,,9.7518846,118.7559038,https://www.google.com/maps/place/WashMeister+laundromat/data=!4m7!3m6!1s0x33b56300476d8347:0xba4a589e45dcd3cd!8m2!3d9.7518846!4d118.7559038!16s%2Fg%2F11yysgprlq!19sChIJR4NtRwBjtTMRzdPcRZ5YSro?authuser=0&hl=en&rclk=1,"laundry in Puerto Princesa, Palawan, Philippines",Puerto Princesa
Mackie Laba Laundry Shop,5.0,(2),(054) 085 2049,https://wa.me/0540852049,,,Laundry,085 2049,,,,,9.7638822,118.7541047,https://www.google.com/maps/place/Mackie+Laba+Laundry+Shop/data=!4m7!3m6!1s0x33b563005adacf19:0xfbec5ff8fdb4e664!8m2!3d9.7638822!4d118.7541047!16s%2Fg%2F11w8plg5vb!19sChIJGc_aWgBjtTMRZOa0_fhf7Ps?authuser=0&hl=en&rclk=1,"laundry in Puerto Princesa, Palawan, Philippines",Puerto Princesa
Dazzle Laundry Shop,5.0,(1),,,,,Laundry,,,,,,9.7623849,118.7624582,https://www.google.com/maps/place/Dazzle+Laundry+Shop/data=!4m7!3m6!1s0x33b5633290be2723:0x82a973c2484f3391!8m2!3d9.7623849!4d118.7624582!16s%2Fg%2F11yw8qxlnv!19sChIJIye-kDJjtTMRkTNPSMJzqYI?authuser=0&hl=en&rclk=1,"laundry in Puerto Princesa, Palawan, Philippines",Puerto Princesa
Island Laundromat,5.0,(1),995 804 6902,https://wa.me/9958046902,,,Laundry,0995 804 6902,,,,,9.8021957,118.7407805,https://www.google.com/maps/place/Island+Laundromat/data=!4m7!3m6!1s0x33b563007685bfed:0x24bbe67acabe6d3f!8m2!3d9.8021957!4d118.7407805!16s%2Fg%2F11vy1ff8_4!19sChIJ7b-FdgBjtTMRP22-ynrmuyQ?authuser=0&hl=en&rclk=1,"laundry in Puerto Princesa, Palawan, Philippines",Puerto Princesa
CKG LAUNDRY,3.7,(6),917 150 6122,https://wa.me/9171506122,,,Laundry,268 Manalo St,,,,,9.7355104,118.7517076,https://www.google.com/maps/place/CKG+LAUNDRY/data=!4m7!3m6!1s0x33b56366f447213d:0xa36c279a22235f6f!8m2!3d9.7355104!4d118.7517076!16s%2Fg%2F11ssylw109!19sChIJPSFH9GZjtTMRb18jIponbKM?authuser=0&hl=en&rclk=1,"laundry in Puerto Princesa, Palawan, Philippines",Puerto Princesa
Don Ernesto laundry shop branch 3,5.0,(5),,,,,Laundry,3  5,,,,,9.7361185,118.7557925,https://www.google.com/maps/place/Don+Ernesto+laundry+shop+branch+3/data=!4m7!3m6!1s0x33b5630040ab828f:0x13d098f34633f726!8m2!3d9.7361185!4d118.7557925!16s%2Fg%2F11vssw99w8!19sChIJj4KrQABjtTMRJvczRvOY0BM?authuser=0&hl=en&rclk=1,"laundry in Puerto Princesa, Palawan, Philippines",Puerto Princesa
Lab-hand laundry shop,5.0,(7),970 811 2499,https://wa.me/9708112499,,,Laundry,0970 811 2499,,,,,9.7525712,118.7660198,https://www.google.com/maps/place/Lab-hand+laundry+shop/data=!4m7!3m6!1s0x33b5634975e0c4c9:0x55f58901ed343fde!8m2!3d9.7525712!4d118.7660198!16s%2Fg%2F11trgd2ymf!19sChIJycTgdUljtTMR3j807QGJ9VU?authuser=0&hl=en&rclk=1,"laundry in Puerto Princesa, Palawan, Philippines",Puerto Princesa
IR Laundry Services,5.0,(1),953 336 8859,https://wa.me/9533368859,,,Laundry,0953 336 8859,,,,,9.7639622,118.7620663,https://www.google.com/maps/place/IR+Laundry+Services/data=!4m7!3m6!1s0x33b56354d9208327:0xa4f7935608b834c0!8m2!3d9.7639622!4d118.7620663!16s%2Fg%2F11kjcrpy9_!19sChIJJ4Mg2VRjtTMRwDS4CFaT96Q?authuser=0&hl=en&rclk=1,"laundry in Puerto Princesa, Palawan, Philippines",Puerto Princesa
190 Laundry Station,5.0,(2),994 331 5659,https://wa.me/9943315659,,,Laundry,190 Laundry Station  5,,,,,9.740066,118.7450524,https://www.google.com/maps/place/190+Laundry+Station/data=!4m7!3m6!1s0x33b56321e7823d0d:0x89ddd17c2b8c4764!8m2!3d9.740066!4d118.7450524!16s%2Fg%2F11zhln2rc3!19sChIJDT2C5yFjtTMRZEeMK3zR3Yk?authuser=0&hl=en&rclk=1,"laundry in Puerto Princesa, Palawan, Philippines",Puerto Princesa
AEB ONE STOP LAUNDRY SHOP,5.0,(1),977 608 7055,https://wa.me/9776087055,,,Laundry,0977 608 7055,,,,,9.7524887,118.7598934,https://www.google.com/maps/place/AEB+ONE+STOP+LAUNDRY+SHOP/data=!4m7!3m6!1s0x33b563ad106986eb:0xfb552f505a28224f!8m2!3d9.7524887!4d118.7598934!16s%2Fg%2F11j2w2zflr!19sChIJ64ZpEK1jtTMRTyIoWlAvVfs?authuser=0&hl=en&rclk=1,"laundry in Puerto Princesa, Palawan, Philippines",Puerto Princesa
DON ERNESTO LAUNDRY,5.0,(1),,,,,Laundry,,,,,,9.7601518,118.7362956,https://www.google.com/maps/place/DON+ERNESTO+LAUNDRY/data=!4m7!3m6!1s0x33b563b95bbfca97:0x18c67cbd60e4b0b0!8m2!3d9.7601518!4d118.7362956!16s%2Fg%2F11z1j5v_31!19sChIJl8q_W7ljtTMRsLDkYL18xhg?authuser=0&hl=en&rclk=1,"laundry in Puerto Princesa, Palawan, Philippines",Puerto Princesa
Nice bubbles,5.0,(3),,,,,Laundry,,,,,,9.7571082,118.7461909,https://www.google.com/maps/place/Nice+bubbles/data=!4m7!3m6!1s0x33b563003018de8d:0xf02f9791af63e7d!8m2!3d9.7571082!4d118.7461909!16s%2Fg%2F11vyv10nzf!19sChIJjd4YMABjtTMRfT72Gnn5Ag8?authuser=0&hl=en&rclk=1,"laundry in Puerto Princesa, Palawan, Philippines",Puerto Princesa
LA.BA. Laundry Shop,4.0,(2),916 455 9648,https://wa.me/9164559648,,,Laundry,0916 455 9648,,,,,9.7501067,118.7696628,https://www.google.com/maps/place/LA.BA.+Laundry+Shop/data=!4m7!3m6!1s0x33b565b415b537d9:0x1147c90167cd32fc!8m2!3d9.7501067!4d118.7696628!16s%2Fg%2F11x2hkyt_t!19sChIJ2Te1FbRltTMR_DLNZwHJRxE?authuser=0&hl=en&rclk=1,"laundry in Puerto Princesa, Palawan, Philippines",Puerto Princesa
Best cleaner laundry services,5.0,(1),915 312 0014,https://wa.me/9153120014,,,Laundry,0915 312 0014,,,,,9.7359594,118.7324362,https://www.google.com/maps/place/Best+cleaner+laundry+services/data=!4m7!3m6!1s0x33b5630003761bab:0xedcffce3388d9f83!8m2!3d9.7359594!4d118.7324362!16s%2Fg%2F11y6dqdq3q!19sChIJqxt2AwBjtTMRg5-NOOP8z-0?authuser=0&hl=en&rclk=1,"laundry in Puerto Princesa, Palawan, Philippines",Puerto Princesa
FC Laundry Works,5.0,(1),,,,,Laundry,,,,,,9.7730289,118.7480689,https://www.google.com/maps/place/FC+Laundry+Works/data=!4m7!3m6!1s0x33b5633e769ffd25:0x1a64fd60faf94063!8m2!3d9.7730289!4d118.7480689!16s%2Fg%2F11trszpr5h!19sChIJJf2fdj5jtTMRY0D5-mD9ZBo?authuser=0&hl=en&rclk=1,"laundry in Puerto Princesa, Palawan, Philippines",Puerto Princesa
Lababest Laundry Services,5.0,(1),993 871 4967,https://wa.me/9938714967,,,Laundry,0993 871 4967,,,,,9.774131,118.7551838,https://www.google.com/maps/place/Lababest+Laundry+Services/data=!4m7!3m6!1s0x33b563006ea7d515:0x65de221a380b6fbc!8m2!3d9.774131!4d118.7551838!16s%2Fg%2F11vwzqvp6v!19sChIJFdWnbgBjtTMRvG8LOBoi3mU?authuser=0&hl=en&rclk=1,"laundry in Puerto Princesa, Palawan, Philippines",Puerto Princesa
FP's Laundry Shop,5.0,(2),947 692 4457,https://wa.me/9476924457,,,Laundry,0947 692 4457,,,,,9.7614999,118.7342435,https://www.google.com/maps/place/FP%27s+Laundry+Shop/data=!4m7!3m6!1s0x33b563d5e0c61f3d:0xc93a30f468bda74f!8m2!3d9.7614999!4d118.7342435!16s%2Fg%2F11khzkl2gd!19sChIJPR_G4NVjtTMRT6e9aPQwOsk?authuser=0&hl=en&rclk=1,"laundry in Puerto Princesa, Palawan, Philippines",Puerto Princesa
Laundry Max Sta monica ppc,5.0,(1),,,,,Laundry,,,,,,9.7941273,118.7343818,https://www.google.com/maps/place/Laundry+Max+Sta+monica+ppc/data=!4m7!3m6!1s0x33b5630037f67925:0xda937066ec8b2623!8m2!3d9.7941273!4d118.7343818!16s%2Fg%2F11w98x1k8y!19sChIJJXn2NwBjtTMRIyaL7GZwk9o?authuser=0&hl=en&rclk=1,"laundry in Puerto Princesa, Palawan, Philippines",Puerto Princesa
"Laundrybest - Palawan, Puerto Princesa",4.0,(1),(048) 433 4092,https://wa.me/0484334092,,,Laundry,82 Rizal Avenue,,,,,9.7400081,118.7397786,"https://www.google.com/maps/place/Laundrybest+-+Palawan,+Puerto+Princesa/data=!4m7!3m6!1s0x33b563de83c3efb7:0x128966ae6635fe21!8m2!3d9.7400081!4d118.7397786!16s%2Fg%2F1hc4s4zlp!19sChIJt-_Dg95jtTMRIf41Zq5miRI?authuser=0&hl=en&rclk=1","laundry in Puerto Princesa, Palawan, Philippines",Puerto Princesa
Lab-hand laundry shop san Jose branch,5.0,(1),970 811 2499,https://wa.me/9708112499,,,Laundry,0970 811 2499,,,,,9.794624,118.7551086,https://www.google.com/maps/place/Lab-hand+laundry+shop+san+Jose+branch/data=!4m7!3m6!1s0x33b563002af8ce6f:0xc30fa86d5abd14b0!8m2!3d9.794624!4d118.7551086!16s%2Fg%2F11yb9_jgmy!19sChIJb874KgBjtTMRsBS9Wm2oD8M?authuser=0&hl=en&rclk=1,"laundry in Puerto Princesa, Palawan, Philippines",Puerto Princesa
ck7 laundry services,5.0,(3),917 136 8898,https://wa.me/9171368898,,,Laundry,7 laundry services  5,,,,,9.795177,118.7487132,https://www.google.com/maps/place/ck7+laundry+services/data=!4m7!3m6!1s0x33b563001c0eb7e3:0x6eac98de8e30e8e5!8m2!3d9.795177!4d118.7487132!16s%2Fg%2F11z2ckhrzx!19sChIJ47cOHABjtTMR5egwjt6YrG4?authuser=0&hl=en&rclk=1,"laundry in Puerto Princesa, Palawan, Philippines",Puerto Princesa
Ever Laundry Shop,3.5,(4),,,,,Laundry,52 F,,,,,9.7580536,118.7525591,https://www.google.com/maps/place/Ever+Laundry+Shop/data=!4m7!3m6!1s0x33b5635f66dc73c1:0x32ca10e7e471f52b!8m2!3d9.7580536!4d118.7525591!16s%2Fg%2F11h6tmp8sf!19sChIJwXPcZl9jtTMRK_Vx5OcQyjI?authuser=0&hl=en&rclk=1,"laundry in Puerto Princesa, Palawan, Philippines",Puerto Princesa
Marias Budget Laundry Service,5.0,(1),,,,,Laundry,,,,,,9.7341827,118.7339282,https://www.google.com/maps/place/Marias+Budget+Laundry+Service/data=!4m7!3m6!1s0x33b561007b163247:0x3119b64988b78ac2!8m2!3d9.7341827!4d118.7339282!16s%2Fg%2F11w_cnf4xc!19sChIJRzIWewBhtTMRwoq3iEm2GTE?authuser=0&hl=en&rclk=1,"laundry in Puerto Princesa, Palawan, Philippines",Puerto Princesa
Princess Laundry House,5.0,(1),938 805 4404,https://wa.me/9388054404,,,Laundry,0938 805 4404,,,,,9.7779564,118.7380133,https://www.google.com/maps/place/Princess+Laundry+House/data=!4m7!3m6!1s0x33b5630036b3739b:0xc0f691c52578368b!8m2!3d9.7779564!4d118.7380133!16s%2Fg%2F11y9_d7ghg!19sChIJm3OzNgBjtTMRizZ4JcWR9sA?authuser=0&hl=en&rclk=1,"laundry in Puerto Princesa, Palawan, Philippines",Puerto Princesa
Millenial Laundry Service,5.0,(2),951 765 6742,https://wa.me/9517656742,,,Laundry,0951 765 6742,,,,,9.7946518,118.7529136,https://www.google.com/maps/place/Millenial+Laundry+Service/data=!4m7!3m6!1s0x33b563b9a3e5a31d:0xa5ea4b32f85eeaab!8m2!3d9.7946518!4d118.7529136!16s%2Fg%2F11rqtn1hsm!19sChIJHaPlo7ljtTMRq-pe-DJL6qU?authuser=0&hl=en&rclk=1,"laundry in Puerto Princesa, Palawan, Philippines",Puerto Princesa
WHR LAUNDRY SHOP,4.0,(2),,,,,Laundry,,,,,,9.7955506,118.7316133,https://www.google.com/maps/place/WHR+LAUNDRY+SHOP/data=!4m7!3m6!1s0x33b56317ff342a33:0xb567eb75a9f84009!8m2!3d9.7955506!4d118.7316133!16s%2Fg%2F11f00bnhst!19sChIJMyo0_xdjtTMRCUD4qXXrZ7U?authuser=0&hl=en&rclk=1,"laundry in Puerto Princesa, Palawan, Philippines",Puerto Princesa
Labadoo Laundry Shop.,5.0,(1),,,,,Laundry,,,,,,9.7762195,118.744364,https://www.google.com/maps/place/Labadoo+Laundry+Shop./data=!4m7!3m6!1s0x33b563005b040e13:0xd0a33da0e9d9efc8!8m2!3d9.7762195!4d118.744364!16s%2Fg%2F11y0dws4ht!19sChIJEw4EWwBjtTMRyO_Z6aA9o9A?authuser=0&hl=en&rclk=1,"laundry in Puerto Princesa, Palawan, Philippines",Puerto Princesa
KA-KUMAY Laundry,5.0,(1),,,,,Laundry,,,,,,9.7721719,118.7460373,https://www.google.com/maps/place/KA-KUMAY+Laundry/data=!4m7!3m6!1s0x33b563005572c207:0x271b1f293ae72067!8m2!3d9.7721719!4d118.7460373!16s%2Fg%2F11vzy2l1cj!19sChIJB8JyVQBjtTMRZyDnOikfGyc?authuser=0&hl=en&rclk=1,"laundry in Puerto Princesa, Palawan, Philippines",Puerto Princesa
M3 Laundry Services,5.0,(1),927 359 0515,https://wa.me/9273590515,,https://www.facebook.com/M3-Laundry-services-190321901331071/,Laundry,3 Laundry Services  5,https://www.facebook.com/M3-Laundry-services-190321901331071/,,,,9.791847,118.735789,https://www.google.com/maps/place/M3+Laundry+Services/data=!4m7!3m6!1s0x33b5634ef4099b97:0xc6c54d6272c895c3!8m2!3d9.791847!4d118.735789!16s%2Fg%2F11ft13b4pl!19sChIJl5sJ9E5jtTMRw5XIcmJNxcY?authuser=0&hl=en&rclk=1,"laundry in Puerto Princesa, Palawan, Philippines",Puerto Princesa
Mama Rose,5.0,(1),,,,,Laundry,84 Rizal Avenue,,,,,9.7403958,118.7333873,https://www.google.com/maps/place/Mama+Rose/data=!4m7!3m6!1s0x33b5630035d4fb05:0xe2dac09f2a2837f9!8m2!3d9.7403958!4d118.7333873!16s%2Fg%2F11mdsv_5v2!19sChIJBfvUNQBjtTMR-TcoKp_A2uI?authuser=0&hl=en&rclk=1,"laundry in Puerto Princesa, Palawan, Philippines",Puerto Princesa
CareWears LAUNDRY,5.0,(1),,,,,Laundry,139 Manalo St,,,,,9.7363163,118.7411508,https://www.google.com/maps/place/CareWears+LAUNDRY/data=!4m7!3m6!1s0x33b563df962eda2d:0xa083a40751d5627d!8m2!3d9.7363163!4d118.7411508!16s%2Fg%2F11yk2blj80!19sChIJLdoult9jtTMRfWLVUQekg6A?authuser=0&hl=en&rclk=1,"laundry in Puerto Princesa, Palawan, Philippines",Puerto Princesa
Aquacell Water Refilling & Laundry Shop,5.0,(1),951 747 1079,https://wa.me/9517471079,,,Laundry,0951 747 1079,,,,,9.7348292,118.7636353,https://www.google.com/maps/place/Aquacell+Water+Refilling+%26+Laundry+Shop/data=!4m7!3m6!1s0x33b563ea3639e8b9:0x756665ea3cbc0e1e!8m2!3d9.7348292!4d118.7636353!16s%2Fg%2F11p5x7j66v!19sChIJueg5NupjtTMRHg68POplZnU?authuser=0&hl=en&rclk=1,"laundry in Puerto Princesa, Palawan, Philippines",Puerto Princesa
Toilet,5.0,(1),,,,,Public Restroom,,,,,,9.7460754,118.750004,https://www.google.com/maps/place/Toilet/data=!4m7!3m6!1s0x33b5635f8d1d3651:0x145af578cbe3d81b!8m2!3d9.7460754!4d118.750004!16s%2Fg%2F11fkf5nbsr!19sChIJUTYdjV9jtTMRG9jjy3j1WhQ?authuser=0&hl=en&rclk=1,"public restroom in Puerto Princesa, Palawan, Philippines",Puerto Princesa
Puerto Princesa Public Market,4.0,(248),955 254 5309,https://wa.me/9552545309,,,Public Restroom,0955 254 5309,,,,,9.783329,118.7451572,https://www.google.com/maps/place/Puerto+Princesa+Public+Market/data=!4m7!3m6!1s0x33b56372e16ab1ed:0x6779d7c4282f7ed2!8m2!3d9.783329!4d118.7451572!16s%2Fg%2F11b_01924b!19sChIJ7bFq4XJjtTMR0n4vKMTXeWc?authuser=0&hl=en&rclk=1,"public restroom in Puerto Princesa, Palawan, Philippines",Puerto Princesa
Sampaguita Park,3.5,(17),,,,,Public Restroom,,,,,,9.7674423,118.7384861,https://www.google.com/maps/place/Sampaguita+Park/data=!4m7!3m6!1s0x33b563a3a037911f:0x67521c57f5123708!8m2!3d9.7674423!4d118.7384861!16s%2Fg%2F11c1pmc22v!19sChIJH5E3oKNjtTMRCDcS9VccUmc?authuser=0&hl=en&rclk=1,"public restroom in Puerto Princesa, Palawan, Philippines",Puerto Princesa
San Jose New Market,3.8,(942),946 326 4547,https://wa.me/9463264547,,,Public Restroom,0946 326 4547,,,,,9.783093,118.7449861,https://www.google.com/maps/place/San+Jose+New+Market/data=!4m7!3m6!1s0x33b56372c8439811:0xdca5a56453dfc810!8m2!3d9.783093!4d118.7449861!16s%2Fg%2F1tlzxq4t!19sChIJEZhDyHJjtTMREMjfU2Slpdw?authuser=0&hl=en&rclk=1,"public restroom in Puerto Princesa, Palawan, Philippines",Puerto Princesa
Baker's Hill Playground,4.8,(31),,,,,Public Restroom,,,,,,9.8074726,118.7347731,https://www.google.com/maps/place/Baker%27s+Hill+Playground/data=!4m7!3m6!1s0x33b56334d0ee6a59:0x63385abe1b9922d7!8m2!3d9.8074726!4d118.7347731!16s%2Fg%2F11hzc_x8dj!19sChIJWWru0DRjtTMR1yKZG75aOGM?authuser=0&hl=en&rclk=1,"public restroom in Puerto Princesa, Palawan, Philippines",Puerto Princesa
Irawan Bagsakan Market,4.1,(75),,,,,Public Restroom,,,,,,9.8010302,118.6893549,https://www.google.com/maps/place/Irawan+Bagsakan+Market/data=!4m7!3m6!1s0x33b563a8c3854567:0xe3d3a09e2e827c73!8m2!3d9.8010302!4d118.6893549!16s%2Fg%2F11pb1tlvfx!19sChIJZ0WFw6hjtTMRc3yCLp6g0-M?authuser=0&hl=en&rclk=1,"public restroom in Puerto Princesa, Palawan, Philippines",Puerto Princesa
Outdoor Amphitheater,4.6,(36),947 025 2023,https://wa.me/9470252023,,https://web.facebook.com/BalayongParkPPC,Public Restroom,0947 025 2023,https://web.facebook.com/BalayongParkPPC,,,,9.7838595,118.7356049,https://www.google.com/maps/place/Outdoor+Amphitheater/data=!4m7!3m6!1s0x33b563ae88be5fc5:0x7d75544ce98501b4!8m2!3d9.7838595!4d118.7356049!16s%2Fg%2F11lrjsqkwz!19sChIJxV--iK5jtTMRtAGF6UxUdX0?authuser=0&hl=en&rclk=1,"public restroom in Puerto Princesa, Palawan, Philippines",Puerto Princesa
Stellar Grounds,4.5,(76),,,,,Public Restroom,,,,,,9.7393932,118.7472762,https://www.google.com/maps/place/Stellar+Grounds/data=!4m7!3m6!1s0x33b563b093eb8be5:0x96f001209ae066f1!8m2!3d9.7393932!4d118.7472762!16s%2Fg%2F11h25ysryd!19sChIJ5Yvrk7BjtTMR8WbgmiAB8JY?authuser=0&hl=en&rclk=1,"public restroom in Puerto Princesa, Palawan, Philippines",Puerto Princesa
Basketball Court,3.8,(6),,,,,Public Restroom,,,,,,9.8270406,118.7552983,https://www.google.com/maps/place/Basketball+Court/data=!4m7!3m6!1s0x33b57ca4ce29315f:0xa5318c3289d847ee!8m2!3d9.8270406!4d118.7552983!16s%2Fg%2F11c604sn1w!19sChIJXzEpzqR8tTMR7kfYiTKMMaU?authuser=0&hl=en&rclk=1,"public restroom in Puerto Princesa, Palawan, Philippines",Puerto Princesa
Loyola Memorial Park And Garden,4.4,(131),,,,,Public Restroom,,,,,,9.7323834,118.735445,https://www.google.com/maps/place/Loyola+Memorial+Park+And+Garden/data=!4m7!3m6!1s0x33b56163c9873797:0x8c5b5d544a25a874!8m2!3d9.7323834!4d118.735445!16s%2Fg%2F11c0rhdsf3!19sChIJlzeHyWNhtTMRdKglSlRdW4w?authuser=0&hl=en&rclk=1,"public restroom in Puerto Princesa, Palawan, Philippines",Puerto Princesa
Puerto Princesa Land Transportation Terminal Irawan,4.2,(66),,,,,Public Restroom,,,,,,9.7997549,118.6908935,https://www.google.com/maps/place/Puerto+Princesa+Land+Transportation+Terminal+Irawan/data=!4m7!3m6!1s0x33b56392a0501f05:0xbc2a01e89160553b!8m2!3d9.7997549!4d118.6908935!16s%2Fg%2F11trc2pvdp!19sChIJBR9QoJJjtTMRO1VgkegBKrw?authuser=0&hl=en&rclk=1,"public restroom in Puerto Princesa, Palawan, Philippines",Puerto Princesa
"Hall of Justice, Puerto Princesa, Palawan, Philippines",3.5,(4),,,,,Public Restroom,,,,,,9.7851952,118.7316363,"https://www.google.com/maps/place/Hall+of+Justice,+Puerto+Princesa,+Palawan,+Philippines/data=!4m7!3m6!1s0x33b56374467e8c15:0xccd3b55f885e6817!8m2!3d9.7851952!4d118.7316363!16s%2Fg%2F11q92wz83j!19sChIJFYx-RnRjtTMRF2heiF-108w?authuser=0&hl=en&rclk=1","public restroom in Puerto Princesa, Palawan, Philippines",Puerto Princesa
The Travel Club SM Puerto Princesa,5.0,(1),(048) 553 1260,https://wa.me/0485531260,,,Luggage Storage,254 2nd Level,https://www.thetravelclub.ph/,,,,9.7434391,118.7395927,https://www.google.com/maps/place/The+Travel+Club+SM+Puerto+Princesa/data=!4m7!3m6!1s0x33b563e9caaaa43b:0xf46ad000112d13e!8m2!3d9.7434391!4d118.7395927!16s%2Fg%2F11pkcm2zw8!19sChIJO6SqyuljtTMRPtESAQCtRg8?authuser=0&hl=en&rclk=1,"luggage storage in Puerto Princesa, Palawan, Philippines",Puerto Princesa
PALAWAN TAXI,4.3,(45),916 684 4886,https://wa.me/9166844886,,,Transportation,,https://www.whatsapp639088146388.com/,,,,9.74786,118.7478267,https://www.google.com/maps/place/PALAWAN+TAXI/data=!4m7!3m6!1s0x33b5633a7c08fe99:0x1e48db2d5ae70661!8m2!3d9.74786!4d118.7478267!16s%2Fg%2F11y2gts758!19sChIJmf4IfDpjtTMRYQbnWi3bSB4?authuser=0&hl=en&rclk=1,"transportation in Puerto Princesa, Palawan, Philippines",Puerto Princesa
Palawan Airport Transfer and Tours,4.7,(30),948 756 5769,https://wa.me/9487565769,,,Transportation,,https://palawantransferandtours.com/,,,,9.746587,118.7450423,https://www.google.com/maps/place/Palawan+Airport+Transfer+and+Tours/data=!4m7!3m6!1s0x6dffc87434dd4449:0xab83a8cac78ab244!8m2!3d9.746587!4d118.7450423!16s%2Fg%2F11vb2xnfmt!19sChIJSUTdNHTI_20RRLKKx8qog6s?authuser=0&hl=en&rclk=1,"transportation in Puerto Princesa, Palawan, Philippines",Puerto Princesa
Palawan Van Transport & Travel Services,4.6,(9),960 389 1566,https://wa.me/9603891566,,,Transportation,,https://sites.google.com/view/palawanvantransportandservices/home,,,,9.7888138,118.7306651,https://www.google.com/maps/place/Palawan+Van+Transport+%26+Travel+Services/data=!4m7!3m6!1s0x33b563acd336fd7f:0x8e4ec0e17df7af1e!8m2!3d9.7888138!4d118.7306651!16s%2Fg%2F11kb53k3rw!19sChIJf_0206xjtTMRHq_3feHATo4?authuser=0&hl=en&rclk=1,"transportation in Puerto Princesa, Palawan, Philippines",Puerto Princesa
"Trip2sea - Taxi, Transport & Tours",4.5,(4),995 205 2275,https://wa.me/9952052275,,,Transportation,0995 205 2275,https://trip2sea.com/home/,,,,9.783093,118.7449861,"https://www.google.com/maps/place/Trip2sea+-+Taxi,+Transport+%26+Tours/data=!4m7!3m6!1s0x33b5639dc4527e9f:0xcc874488c6ddd4b9!8m2!3d9.783093!4d118.7449861!16s%2Fg%2F11fl07w3jt!19sChIJn35SxJ1jtTMRudTdxohEh8w?authuser=0&hl=en&rclk=1","transportation in Puerto Princesa, Palawan, Philippines",Puerto Princesa
Jcalbert Tourist Transport Services,3.6,(21),929 354 5715,https://wa.me/9293545715,,https://www.facebook.com/profile.php?id=61572477284899,Transportation,8 2nd floor,https://www.facebook.com/profile.php?id=61572477284899,,,,9.7468421,118.747442,https://www.google.com/maps/place/Jcalbert+Tourist+Transport+Services/data=!4m7!3m6!1s0x33b56333e11cd72b:0xccfba8866ff6c5c8!8m2!3d9.7468421!4d118.747442!16s%2Fg%2F11m686gmj2!19sChIJK9cc4TNjtTMRyMX2b4ao-8w?authuser=0&hl=en&rclk=1,"transportation in Puerto Princesa, Palawan, Philippines",Puerto Princesa
Maxim Rides&Food Delivery Puerto Princesa,5.0,(1),,,,,Transportation,132 National Highway,https://taximaxim.com/ph/en/8961-puerto+princesa/order-a-taxi-online,,,,9.7559629,118.7479244,https://www.google.com/maps/place/Maxim+Rides%26Food+Delivery+Puerto+Princesa/data=!4m7!3m6!1s0x33b563fe20a738ef:0xd2c2e48703ee458a!8m2!3d9.7559629!4d118.7479244!16s%2Fg%2F11y0y1gr7y!19sChIJ7zinIP5jtTMRikXuA4fkwtI?authuser=0&hl=en&rclk=1,"transportation in Puerto Princesa, Palawan, Philippines",Puerto Princesa
TS and F Taxi office,5.0,(1),,,,,Transportation,,,,,,9.7824013,118.7406136,https://www.google.com/maps/place/TS+and+F+Taxi+office/data=!4m7!3m6!1s0x33b563002d3e3963:0x78151a8f8426e1b3!8m2!3d9.7824013!4d118.7406136!16s%2Fg%2F11wnqhcv4m!19sChIJYzk-LQBjtTMRs-EmhI8aFXg?authuser=0&hl=en&rclk=1,"transportation in Puerto Princesa, Palawan, Philippines",Puerto Princesa
Palawan Transport Services Safe Trip,5.0,(1),912 171 1201,https://wa.me/9121711201,,,Transportation,,,,,,9.7956095,118.7328843,https://www.google.com/maps/place/Palawan+Transport+Services+Safe+Trip/data=!4m7!3m6!1s0x33b563059daf944b:0x4245dedccdf0f2d5!8m2!3d9.7956095!4d118.7328843!16s%2Fg%2F11fm4jr0w5!19sChIJS5SvnQVjtTMR1fLwzdzeRUI?authuser=0&hl=en&rclk=1,"transportation in Puerto Princesa, Palawan, Philippines",Puerto Princesa
Bloomfield Transport,3.6,(5),917 145 0055,https://wa.me/9171450055,,,Transportation,850917 145 0055,,,,,9.7790165,118.7483507,https://www.google.com/maps/place/Bloomfield+Transport/data=!4m7!3m6!1s0x33b5635355fdcb8f:0x69d5f626cdd5f209!8m2!3d9.7790165!4d118.7483507!16s%2Fg%2F11vjg2r8kj!19sChIJj8v9VVNjtTMRCfLVzSb21Wk?authuser=0&hl=en&rclk=1,"transportation in Puerto Princesa, Palawan, Philippines",Puerto Princesa
Irawan Bus Terminal,4.0,(116),955 251 3928,https://wa.me/9552513928,,,Transportation,6370955 251 3928,,,,,9.80053,118.6901572,https://www.google.com/maps/place/Irawan+Bus+Terminal/data=!4m7!3m6!1s0x33b563e0c6cc276b:0x70f981fed580ce9d!8m2!3d9.80053!4d118.6901572!16s%2Fg%2F11k4ttxvrm!19sChIJayfMxuBjtTMRnc6A1f6B-XA?authuser=0&hl=en&rclk=1,"transportation in Puerto Princesa, Palawan, Philippines",Puerto Princesa
Puerto Princesa City Ferry,4.6,(12),,,,,Transportation,,,,,,9.6871575,118.7499303,https://www.google.com/maps/place/Puerto+Princesa+City+Ferry/data=!4m7!3m6!1s0x33b560db9c77e731:0x8dc5d5d7919127f0!8m2!3d9.6871575!4d118.7499303!16s%2Fg%2F11cp799hnx!19sChIJMed3nNtgtTMR8CeRkdfVxY0?authuser=0&hl=en&rclk=1,"transportation in Puerto Princesa, Palawan, Philippines",Puerto Princesa
CHERRY BUS VAN PICK UP,5.0,(1),,,,,Transportation,3 Puerto Princesa North Road,,,,,9.747673,118.7471364,https://www.google.com/maps/place/CHERRY+BUS+VAN+PICK+UP/data=!4m7!3m6!1s0x33b56300245c859d:0x3741a38512c40406!8m2!3d9.747673!4d118.7471364!16s%2Fg%2F11z69_tx61!19sChIJnYVcJABjtTMRBgTEEoWjQTc?authuser=0&hl=en&rclk=1,"transportation in Puerto Princesa, Palawan, Philippines",Puerto Princesa
San Isidro Bus Garage,4.1,(27),,,,,Transportation,,,,,,9.7635688,118.7538568,https://www.google.com/maps/place/San+Isidro+Bus+Garage/data=!4m7!3m6!1s0x33b5636553b52357:0x83509b4aee9a1263!8m2!3d9.7635688!4d118.7538568!16s%2Fg%2F11lpzr9h6z!19sChIJVyO1U2VjtTMRYxKa7kqbUIM?authuser=0&hl=en&rclk=1,"transportation in Puerto Princesa, Palawan, Philippines",Puerto Princesa
PALAWAN PUERTO ELNIDO TOURS and TRANSFER - PALAWONDERFUL ADVENTURES TRAVEL,4.4,(16),926 929 5012,https://wa.me/9269295012,,https://www.facebook.com/PalawanVanRentalandTours/,Transportation,16 Carandang StCloses soon,https://www.facebook.com/PalawanVanRentalandTours/,,,,9.741238,118.7387811,https://www.google.com/maps/place/PALAWAN+PUERTO+ELNIDO+TOURS+and+TRANSFER+-+PALAWONDERFUL+ADVENTURES+TRAVEL/data=!4m7!3m6!1s0x33b563dc3c0d00ef:0x33de0d3ba065255e!8m2!3d9.741238!4d118.7387811!16s%2Fg%2F12q4w6288!19sChIJ7wANPNxjtTMRXiVloDsN3jM?authuser=0&hl=en&rclk=1,"transportation in Puerto Princesa, Palawan, Philippines",Puerto Princesa
CoolExtreme Rent-A-Car Palawan | Car Rental Puerto Princesa & El Nido,4.6,(174),918 448 7295,https://wa.me/9184487295,,,Transportation,38 R,http://palawanrentacar.com/,,,,9.7461014,118.7457631,https://www.google.com/maps/place/CoolExtreme+Rent-A-Car+Palawan+%7C+Car+Rental+Puerto+Princesa+%26+El+Nido/data=!4m7!3m6!1s0x33b563e888e29a55:0x29778ca83ae5ac29!8m2!3d9.7461014!4d118.7457631!16s%2Fg%2F11f08d3fvq!19sChIJVZriiOhjtTMRKazlOqiMdyk?authuser=0&hl=en&rclk=1,"transportation in Puerto Princesa, Palawan, Philippines",Puerto Princesa
Annabelle's Travel Transport,4.8,(4),939 939 7975,https://wa.me/9399397975,,,Transportation,0939 939 7975,,,,,9.7608119,118.7370477,https://www.google.com/maps/place/Annabelle%27s+Travel+Transport/data=!4m7!3m6!1s0x33b563bbf2eb19b1:0xf98e60791a27c969!8m2!3d9.7608119!4d118.7370477!16s%2Fg%2F11y26yj1c!19sChIJsRnr8rtjtTMRacknGnlgjvk?authuser=0&hl=en&rclk=1,"transportation in Puerto Princesa, Palawan, Philippines",Puerto Princesa
Honda bay Palawan,4.4,(13),,,,,Transportation,,,,,,9.8429874,118.7461178,https://www.google.com/maps/place/Honda+bay+Palawan/data=!4m7!3m6!1s0x33b57d85f91a1527:0xb731c9bcdca7e1ab!8m2!3d9.8429874!4d118.7461178!16s%2Fg%2F11rkfdj_ms!19sChIJJxUa-YV9tTMRq-Gn3LzJMbc?authuser=0&hl=en&rclk=1,"transportation in Puerto Princesa, Palawan, Philippines",Puerto Princesa
Fast Cargo Logistics Corporation,4.7,(7),(048) 433 4132,https://wa.me/0484334132,,,Transportation,433 4132,http://www.fastlogistics.com.ph/,,,,9.7425791,118.7338287,https://www.google.com/maps/place/Fast+Cargo+Logistics+Corporation/data=!4m7!3m6!1s0x33b563da416ffc49:0x1648229f180456fd!8m2!3d9.7425791!4d118.7338287!16s%2Fg%2F1hc2p_13x!19sChIJSfxvQdpjtTMR_VYEGJ8iSBY?authuser=0&hl=en&rclk=1,"transportation in Puerto Princesa, Palawan, Philippines",Puerto Princesa
Woola Filipinas: Viajes a medida,4.9,(236),,,,,Transportation,,,,,,9.7949224,118.7320024,https://www.google.com/maps/place/Woola+Filipinas:+Viajes+a+medida/data=!4m7!3m6!1s0x33b563d569d98ccd:0x3d7ab504578262de!8m2!3d9.7949224!4d118.7320024!16s%2Fg%2F11fs_8vjq9!19sChIJzYzZadVjtTMR3mKCVwS1ej0?authuser=0&hl=en&rclk=1,"transportation in Puerto Princesa, Palawan, Philippines",Puerto Princesa
"Allan Boy Trucking Services, Inc.",5.0,(2),,,,,Transportation,,,,,,9.7411547,118.7304618,"https://www.google.com/maps/place/Allan+Boy+Trucking+Services,+Inc./data=!4m7!3m6!1s0x33b563f9a715da37:0x39ab156d09a1a4a9!8m2!3d9.7411547!4d118.7304618!16s%2Fg%2F11h3nn0c66!19sChIJN9oVp_ljtTMRqaShCW0Vqzk?authuser=0&hl=en&rclk=1","transportation in Puerto Princesa, Palawan, Philippines",Puerto Princesa
MACRED TRUCKING SERVICES,4.8,(5),917 548 3166,https://wa.me/9175483166,,,Transportation,5 Blk 8 Villa Elena Subd,,,,,9.8329261,118.7281262,https://www.google.com/maps/place/MACRED+TRUCKING+SERVICES/data=!4m7!3m6!1s0x33b56394394a51ef:0x57122807558aae65!8m2!3d9.8329261!4d118.7281262!16s%2Fg%2F11g9h0xhh8!19sChIJ71FKOZRjtTMRZa6KVQcoElc?authuser=0&hl=en&rclk=1,"transportation in Puerto Princesa, Palawan, Philippines",Puerto Princesa
RAJ Palawan Car Rental Service,5.0,(12),948 869 7249,https://wa.me/9488697249,,,Transportation,,https://rajpalawancarrental.com/,,,,9.748096,118.742658,https://www.google.com/maps/place/RAJ+Palawan+Car+Rental+Service/data=!4m7!3m6!1s0x33b56300249fb85f:0x2a8aaf980cf9665d!8m2!3d9.748096!4d118.742658!16s%2Fg%2F11wx9n1w5l!19sChIJX7ifJABjtTMRXWb5DJiviio?authuser=0&hl=en&rclk=1,"transportation in Puerto Princesa, Palawan, Philippines",Puerto Princesa
TravelEasePH - Palawan Travel and Tours,5.0,(4),956 710 1048,https://wa.me/9567101048,,,Transportation,,https://traveleaseph.com/,,,,9.7435754,118.7426171,https://www.google.com/maps/place/TravelEasePH+-+Palawan+Travel+and+Tours/data=!4m7!3m6!1s0x33b5632f213b0fab:0x87d897edfbad2d80!8m2!3d9.7435754!4d118.7426171!16s%2Fg%2F11mzn7dkzs!19sChIJqw87IS9jtTMRgC2t--2X2Ic?authuser=0&hl=en&rclk=1,"transportation in Puerto Princesa, Palawan, Philippines",Puerto Princesa
Puerto Princesa International Airport - Palawan,3.5,(29),,,,,Transportation,,,,,,9.7459224,118.7505129,https://www.google.com/maps/place/Puerto+Princesa+International+Airport+-+Palawan/data=!4m7!3m6!1s0x33b5630016028bdd:0x726f7e27be070df0!8m2!3d9.7459224!4d118.7505129!16s%2Fg%2F11ltd8gtn4!19sChIJ3YsCFgBjtTMR8A0Hvid-b3I?authuser=0&hl=en&rclk=1,"transportation in Puerto Princesa, Palawan, Philippines",Puerto Princesa
Salipawpao Village,5.0,(1),,,,,Transportation,,,,,,9.7638966,118.7652033,https://www.google.com/maps/place/Salipawpao+Village/data=!4m7!3m6!1s0x33b5636e345395a5:0xb08b75d9b3d990c1!8m2!3d9.7638966!4d118.7652033!16s%2Fg%2F11sjvyvlrq!19sChIJpZVTNG5jtTMRwZDZs9l1i7A?authuser=0&hl=en&rclk=1,"transportation in Puerto Princesa, Palawan, Philippines",Puerto Princesa
Rentify Car Rental Puerto Princesa,5.0,(88),992 822 9502,https://wa.me/9928229502,,,Transportation,,https://rentifyph.com/,,,,9.7619178,118.7428595,https://www.google.com/maps/place/Rentify+Car+Rental+Puerto+Princesa/data=!4m7!3m6!1s0x887f82e382a2f709:0x654d9ead0c13bc55!8m2!3d9.7619178!4d118.7428595!16s%2Fg%2F11vwygdn5c!19sChIJCfeiguOCf4gRVbwTDK2eTWU?authuser=0&hl=en&rclk=1,"transportation in Puerto Princesa, Palawan, Philippines",Puerto Princesa
Horizon Sun Charters Corporation,5.0,(116),915 516 2116,https://wa.me/9155162116,,,Transportation,0915 516 2116,https://seaplanes.ph/,,,,9.7638125,118.7341875,https://www.google.com/maps/place/Horizon+Sun+Charters+Corporation/data=!4m7!3m6!1s0x33b563bae344c3ff:0xf974eb0d47b1fc03!8m2!3d9.7638125!4d118.7341875!16s%2Fg%2F11frjjr5l3!19sChIJ_8NE47pjtTMRA_yxRw3rdPk?authuser=0&hl=en&rclk=1,"transportation in Puerto Princesa, Palawan, Philippines",Puerto Princesa
PPIA ARRIVAL AREA,4.9,(7),,,,,Transportation,,,,,,9.7460446,118.7511929,https://www.google.com/maps/place/PPIA+ARRIVAL+AREA/data=!4m7!3m6!1s0x33b5634bb3acb337:0xf1b1ddce6a14cd1c!8m2!3d9.7460446!4d118.7511929!16s%2Fg%2F11jyfvc8v5!19sChIJN7Oss0tjtTMRHM0Uas7dsfE?authuser=0&hl=en&rclk=1,"transportation in Puerto Princesa, Palawan, Philippines",Puerto Princesa
Marikit Adventures Travel and Transportation Services,5.0,(1),964 942 8459,https://wa.me/9649428459,,https://www.facebook.com/share/15s3qAwoZi/,Transportation,,https://www.facebook.com/share/15s3qAwoZi/,,,,9.7721555,118.7446948,https://www.google.com/maps/place/Marikit+Adventures+Travel+and+Transportation+Services/data=!4m7!3m6!1s0x33b563cf2f763bf9:0xd200c989f8caf32c!8m2!3d9.7721555!4d118.7446948!16s%2Fg%2F11w__4fmbr!19sChIJ-Tt2L89jtTMRLPPK-InJANI?authuser=0&hl=en&rclk=1,"transportation in Puerto Princesa, Palawan, Philippines",Puerto Princesa
Land Transportation Office,5.0,(1),,,,,Transportation,8397 0264,,,,,9.767131,118.749265,https://www.google.com/maps/place/Land+Transportation+Office/data=!4m7!3m6!1s0x33b5639bd411bf35:0x52c6d763d442598e!8m2!3d9.767131!4d118.749265!16s%2Fg%2F11b6jgqy7w!19sChIJNb8R1JtjtTMRjllC1GPXxlI?authuser=0&hl=en&rclk=1,"transportation in Puerto Princesa, Palawan, Philippines",Puerto Princesa
SM City Puerto Princesa Parking,4.1,(10),,,,,Transportation,,,,,,9.7421048,118.7395886,https://www.google.com/maps/place/SM+City+Puerto+Princesa+Parking/data=!4m7!3m6!1s0x33b563a777a1f6d9:0x83a48ab7e8228e94!8m2!3d9.7421048!4d118.7395886!16s%2Fg%2F11h_7b5sl4!19sChIJ2fahd6djtTMRlI4i6LeKpIM?authuser=0&hl=en&rclk=1,"transportation in Puerto Princesa, Palawan, Philippines",Puerto Princesa
EL TARAW Philippines Travel & Tours,5.0,(14),915 836 8058,https://wa.me/9158368058,,,Transportation,0915 836 8058,https://eltarawphilippines.com/,,,,9.7504498,118.7653095,https://www.google.com/maps/place/EL+TARAW+Philippines+Travel+%26+Tours/data=!4m7!3m6!1s0x33b563f37b86cbbb:0x9d064bb6bfd1a42c!8m2!3d9.7504498!4d118.7653095!16s%2Fg%2F11c2098rwh!19sChIJu8uGe_NjtTMRLKTRv7ZLBp0?authuser=0&hl=en&rclk=1,"transportation in Puerto Princesa, Palawan, Philippines",Puerto Princesa
Puerto Princesa Port,4.2,(462),,,,,Transportation,,,,,,9.7427062,118.7286758,https://www.google.com/maps/place/Puerto+Princesa+Port/data=!4m7!3m6!1s0x33b563d121d3fe87:0xdfa668684cc4a60b!8m2!3d9.7427062!4d118.7286758!16s%2Fg%2F1tgb4wyy!19sChIJh_7TIdFjtTMRC6bETGhopt8?authuser=0&hl=en&rclk=1,"transportation in Puerto Princesa, Palawan, Philippines",Puerto Princesa
2GO,3.8,(25),(048) 433 2537,https://wa.me/0484332537,,,Transportation,433 2537,,,,,9.741246,118.730015,https://www.google.com/maps/place/2GO/data=!4m7!3m6!1s0x33b563d0b57dd571:0xc8bbd29e40773d99!8m2!3d9.741246!4d118.730015!16s%2Fg%2F1hc250fvg!19sChIJcdV9tdBjtTMRmT13QJ7Su8g?authuser=0&hl=en&rclk=1,"transportation in Puerto Princesa, Palawan, Philippines",Puerto Princesa
CaPEx - Cargo Padala Express | Palawan Branch,4.1,(8),926 749 9279,https://wa.me/9267499279,,,Transportation,399 Fabrigas Bldg,https://capex.com.ph/,,,,9.7397937,118.7508056,https://www.google.com/maps/place/CaPEx+-+Cargo+Padala+Express+%7C+Palawan+Branch/data=!4m7!3m6!1s0x33b563e4719c5e63:0x362e8c81bc905824!8m2!3d9.7397937!4d118.7508056!16s%2Fg%2F11gbkxlvwt!19sChIJY16cceRjtTMRJFiQvIGMLjY?authuser=0&hl=en&rclk=1,"transportation in Puerto Princesa, Palawan, Philippines",Puerto Princesa
Bgy Mangingisda Ferry,4.1,(17),,,,,Transportation,,,,,,9.7445651,118.7359941,https://www.google.com/maps/place/Bgy+Mangingisda+Ferry/data=!4m7!3m6!1s0x33b563db40dea075:0xd4b5362dcb945921!8m2!3d9.7445651!4d118.7359941!16s%2Fg%2F11cp7b7q5c!19sChIJdaDeQNtjtTMRIVmUyy02tdQ?authuser=0&hl=en&rclk=1,"transportation in Puerto Princesa, Palawan, Philippines",Puerto Princesa
South Seas Cargo Forwarders Inc Palawan Branch,4.3,(4),998 963 1780,https://wa.me/9989631780,,,Transportation,0998 963 1780,http://www.southseascargo.ph/,,,,9.7398098,118.7336929,https://www.google.com/maps/place/South+Seas+Cargo+Forwarders+Inc+Palawan+Branch/data=!4m7!3m6!1s0x33b563da0121fb3b:0x84faf9098d6967df!8m2!3d9.7398098!4d118.7336929!16s%2Fg%2F11q2ykdmbw!19sChIJO_shAdpjtTMR32dpjQn5-oQ?authuser=0&hl=en&rclk=1,"transportation in Puerto Princesa, Palawan, Philippines",Puerto Princesa
Moreta Shipping Lines Inc.,4.2,(15),(048) 434 1855,https://wa.me/0484341855,,,Transportation,434 1855,http://www.moretashipping.com/,,,,9.7303923,118.7585013,https://www.google.com/maps/place/Moreta+Shipping+Lines+Inc./data=!4m7!3m6!1s0x33b563e9e96a0681:0x78db7dcbf4d97de9!8m2!3d9.7303923!4d118.7585013!16s%2Fg%2F11b6j3b0rj!19sChIJgQZq6eljtTMR6X3Z9Mt923g?authuser=0&hl=en&rclk=1,"transportation in Puerto Princesa, Palawan, Philippines",Puerto Princesa
Globetrotter Inn Palawan,4.5,(77),917 543 6554,https://wa.me/9175436554,,,Transportation,0917 543 6554,https://globetrotterpalawan.top/,,,,9.7826175,118.7531769,https://www.google.com/maps/place/Globetrotter+Inn+Palawan/data=!4m11!3m10!1s0x33b563703ee0cb87:0xb98a1ff4f7c230cb!5m3!1s2026-10-31!4m1!1i2!8m2!3d9.7826175!4d118.7531769!16s%2Fg%2F11f4wtf18c!19sChIJh8vgPnBjtTMRyzDC9_Qfirk?authuser=0&hl=en&rclk=1,"transportation in Puerto Princesa, Palawan, Philippines",Puerto Princesa
Jollibee,4.3,"(1,051)",(048) 434 4026,https://wa.me/0484344026,,,Transportation,,https://jollibee.onelink.me/U65H/googlebusinessprofile,,,,9.739959,118.7408551,https://www.google.com/maps/place/Jollibee/data=!4m7!3m6!1s0x33b56309c101b8d9:0x10b7f488853a1cde!8m2!3d9.739959!4d118.7408551!16s%2Fg%2F1tm66gsq!19sChIJ2bgBwQljtTMR3hw6hYj0txA?authuser=0&hl=en&rclk=1,"transportation in Puerto Princesa, Palawan, Philippines",Puerto Princesa
Roro bus garage,3.7,(3),,,,,Transportation,,,,,,9.782914,118.7606946,https://www.google.com/maps/place/Roro+bus+garage/data=!4m7!3m6!1s0x33b563624c897b05:0x8fd55cd817b41ffb!8m2!3d9.782914!4d118.7606946!16s%2Fg%2F11l2zm3vvs!19sChIJBXuJTGJjtTMR-x-0F9hc1Y8?authuser=0&hl=en&rclk=1,"transportation in Puerto Princesa, Palawan, Philippines",Puerto Princesa
"Oceanic Container Lines, Inc. - Palawan Branch",4.5,(2),,,,,Transportation,,http://www.oceanic.ph/,,,,9.767124,118.742044,"https://www.google.com/maps/place/Oceanic+Container+Lines,+Inc.+-+Palawan+Branch/data=!4m7!3m6!1s0x33b5634037917a0f:0xee362424013e7107!8m2!3d9.767124!4d118.742044!16s%2Fg%2F11trnn5f42!19sChIJD3qRN0BjtTMRB3E-ASQkNu4?authuser=0&hl=en&rclk=1","transportation in Puerto Princesa, Palawan, Philippines",Puerto Princesa
TravelCart Travel and Tours,3.6,(8),(048) 423 6226,https://wa.me/0484236226,,https://www.facebook.com/phtravelcart,Transportation,14 Carandang St,https://www.facebook.com/phtravelcart,,,,9.7410909,118.738646,https://www.google.com/maps/place/TravelCart+Travel+and+Tours/data=!4m7!3m6!1s0x33b563097229ab49:0x8d3351e80407eb00!8m2!3d9.7410909!4d118.738646!16s%2Fg%2F11h70s691g!19sChIJSaspcgljtTMRAOsHBOhRM40?authuser=0&hl=en&rclk=1,"transportation in Puerto Princesa, Palawan, Philippines",Puerto Princesa
Travel Palawan by Naturalis Expeditions Inc.,4.7,(27),(048) 726 3752,https://wa.me/0487263752,,,Transportation,726 3752,https://www.travel-palawan.com/,,,,9.7368865,118.7383411,https://www.google.com/maps/place/Travel+Palawan+by+Naturalis+Expeditions+Inc./data=!4m7!3m6!1s0x33b563e4058f0d29:0x5bdb18d98d4a315f!8m2!3d9.7368865!4d118.7383411!16s%2Fg%2F11ckvdn3j1!19sChIJKQ2PBeRjtTMRXzFKjdkY21s?authuser=0&hl=en&rclk=1,"transportation in Puerto Princesa, Palawan, Philippines",Puerto Princesa
Palawan Travel Solutions,5.0,(47),917 555 8840,https://wa.me/9175558840,,http://www.facebook.com/palawantoursandtravels,Transportation,0917 555 8840,http://www.facebook.com/palawantoursandtravels,,,,9.7265259,118.7636312,https://www.google.com/maps/place/Palawan+Travel+Solutions/data=!4m7!3m6!1s0x33b56112c4ea213b:0xfb7e5a561b3143f8!8m2!3d9.7265259!4d118.7636312!16s%2Fg%2F11rr66dnvh!19sChIJOyHqxBJhtTMR-EMxG1Zafvs?authuser=0&hl=en&rclk=1,"transportation in Puerto Princesa, Palawan, Philippines",Puerto Princesa
"Pambato Cargo Forwarder, Inc. - Palawan",4.5,(4),(048) 433 2343,https://wa.me/0484332343,,,Transportation,433 2343,http://www.pambato.com/,,,,9.7363678,118.7403376,"https://www.google.com/maps/place/Pambato+Cargo+Forwarder,+Inc.+-+Palawan/data=!4m7!3m6!1s0x33b563df9fbcb967:0xd15e3947a0e4c172!8m2!3d9.7363678!4d118.7403376!16s%2Fg%2F1hc74yyn2!19sChIJZ7m8n99jtTMRcsHkoEc5XtE?authuser=0&hl=en&rclk=1","transportation in Puerto Princesa, Palawan, Philippines",Puerto Princesa
Plong Car Rental,4.6,(56),,,,,Transportation,,http://www.palawanselfdrivecarrental.com/,,,,9.7396852,118.7433834,https://www.google.com/maps/place/Plong+Car+Rental/data=!4m7!3m6!1s0x33b563e0acb685a7:0x85754756db1e4e1f!8m2!3d9.7396852!4d118.7433834!16s%2Fg%2F1pzys6ljr!19sChIJp4W2rOBjtTMRH04e21ZHdYU?authuser=0&hl=en&rclk=1,"transportation in Puerto Princesa, Palawan, Philippines",Puerto Princesa
AP Cargo Puerto Princesa - Baltan Branch,4.0,(7),917 871 6164,https://wa.me/9178716164,,,Transportation,0917 871 6164,http://apcargo.com.ph/,,,,9.7422127,118.742775,https://www.google.com/maps/place/AP+Cargo+Puerto+Princesa+-+Baltan+Branch/data=!4m7!3m6!1s0x33b56358700b129f:0xac4b84e4e05d547f!8m2!3d9.7422127!4d118.742775!16s%2Fg%2F11hdj2dg2d!19sChIJnxILcFhjtTMRf1Rd4OSES6w?authuser=0&hl=en&rclk=1,"transportation in Puerto Princesa, Palawan, Philippines",Puerto Princesa
Firefly Watching Palawan,4.1,(255),926 670 4410,https://wa.me/9266704410,,https://www.facebook.com/bizitpalawan,Transportation,,https://www.facebook.com/bizitpalawan,,,,9.7331068,118.683915,https://www.google.com/maps/place/Firefly+Watching+Palawan/data=!4m7!3m6!1s0x33b561fa88abd24d:0xed41b8e16321ccbf!8m2!3d9.7331068!4d118.683915!16s%2Fg%2F11ddytskmd!19sChIJTdKriPphtTMRv8whY-G4Qe0?authuser=0&hl=en&rclk=1,"transportation in Puerto Princesa, Palawan, Philippines",Puerto Princesa
Puerto Princesa Baywalk Pier,4.1,(95),,,,,Transportation,,,,,,9.7445636,118.7358305,https://www.google.com/maps/place/Puerto+Princesa+Baywalk+Pier/data=!4m7!3m6!1s0x33b563db40abb901:0x12b6151b91b1b8c6!8m2!3d9.7445636!4d118.7358305!16s%2Fg%2F11c0rq19r4!19sChIJAbmrQNtjtTMRxrixkRsVthI?authuser=0&hl=en&rclk=1,"transportation in Puerto Princesa, Palawan, Philippines",Puerto Princesa
JRS Express,3.8,(9),(048) 433 2353,https://wa.me/0484332353,,,Transportation,433 2353,http://jrs-express.com/,,,,9.7403335,118.7358974,https://www.google.com/maps/place/JRS+Express/data=!4m7!3m6!1s0x33b5633e3b40dc23:0xf60c0c664cbff84f!8m2!3d9.7403335!4d118.7358974!16s%2Fg%2F11rghftyf8!19sChIJI9xAOz5jtTMRT_i_TGYMDPY?authuser=0&hl=en&rclk=1,"transportation in Puerto Princesa, Palawan, Philippines",Puerto Princesa
Balay Inato Pension,4.3,(105),(048) 433 2261,https://wa.me/0484332261,,https://www.facebook.com/balayinato,Transportation,433 2261,https://www.facebook.com/balayinato,,,,9.735701,118.753815,https://www.google.com/maps/place/Balay+Inato+Pension/data=!4m11!3m10!1s0x33b563e2cd0e9cb7:0xabd051aa59d50dd5!5m3!1s2026-10-31!4m1!1i2!8m2!3d9.735701!4d118.753815!16s%2Fg%2F12qgyzbfz!19sChIJt5wOzeJjtTMR1Q3VWapR0Ks?authuser=0&hl=en&rclk=1,"transportation in Puerto Princesa, Palawan, Philippines",Puerto Princesa
Ellen's Travel and Tours,4.0,(19),918 396 4840,https://wa.me/9183964840,,https://www.facebook.com/ellenstravel/,Transportation,84 Magbanua Road 2,https://www.facebook.com/ellenstravel/,,,,9.7599378,118.7465799,https://www.google.com/maps/place/Ellen%27s+Travel+and+Tours/data=!4m7!3m6!1s0x33b563755083aa07:0x8ad290a197dbec54!8m2!3d9.7599378!4d118.7465799!16s%2Fg%2F11t7kp4f4h!19sChIJB6qDUHVjtTMRVOzbl6GQ0oo?authuser=0&hl=en&rclk=1,"transportation in Puerto Princesa, Palawan, Philippines",Puerto Princesa
AIM Perfect Ticketing Office Palawan (Legit & Trusted Travel Agent),4.7,(6),927 734 3751,https://wa.me/9277343751,,,Transportation,2010 Bldg,,,,,9.7449191,118.7458221,https://www.google.com/maps/place/AIM+Perfect+Ticketing+Office+Palawan+%28Legit+%26+Trusted+Travel+Agent%29/data=!4m7!3m6!1s0x33b563cc087c1999:0x77a811cfd01b9e23!8m2!3d9.7449191!4d118.7458221!16s%2Fg%2F11k3xdqwss!19sChIJmRl8CMxjtTMRI54b0M8RqHc?authuser=0&hl=en&rclk=1,"transportation in Puerto Princesa, Palawan, Philippines",Puerto Princesa
Banayad Travel Services,5.0,(3),965 448 0514,https://wa.me/9654480514,,,Transportation,,https://sites.google.com/view/banayadtravelservices/home,,,,9.78876,118.730658,https://www.google.com/maps/place/Banayad+Travel+Services/data=!4m7!3m6!1s0x33b56393dccdd281:0x6c741d7900232ac4!8m2!3d9.78876!4d118.730658!16s%2Fg%2F11kb2rh7t0!19sChIJgdLN3JNjtTMRxCojAHkddGw?authuser=0&hl=en&rclk=1,"transportation in Puerto Princesa, Palawan, Philippines",Puerto Princesa
Iwahig Bridge,4.5,(11),,,,,Transportation,,,,,,9.7336475,118.6842518,https://www.google.com/maps/place/Iwahig+Bridge/data=!4m7!3m6!1s0x33b561fa719ef979:0x59d1161647238ab5!8m2!3d9.7336475!4d118.6842518!16s%2Fg%2F11gb3wfw4_!19sChIJefmecfphtTMRtYojRxYW0Vk?authuser=0&hl=en&rclk=1,"transportation in Puerto Princesa, Palawan, Philippines",Puerto Princesa
Royale Parc Hotel Puerto Princesa Palawan,4.3,(157),917 964 0594,https://wa.me/9179640594,,,Transportation,0917 964 0594,https://hotels.cloudbeds.com/reservation/0WiT3n,,,,9.7253012,118.766972,https://www.google.com/maps/place/Royale+Parc+Hotel+Puerto+Princesa+Palawan/data=!4m7!3m6!1s0x33b566ad29c0a371:0xffaccd40197c5f!8m2!3d9.7253012!4d118.766972!16s%2Fg%2F11g72c6zkg!19sChIJcaPAKa1mtTMRX3wZQM2s_wA?authuser=0&hl=en&rclk=1,"transportation in Puerto Princesa, Palawan, Philippines",Puerto Princesa
TACDUAN BRIDGE,3.8,(4),,,,,Transportation,,,,,,9.6129256,118.7049684,https://www.google.com/maps/place/TACDUAN+BRIDGE/data=!4m7!3m6!1s0x33b55f4b74f56a73:0x88f9bf2fc1605dde!8m2!3d9.6129256!4d118.7049684!16s%2Fg%2F11sk7_2tqs!19sChIJc2r1dEtftTMR3l1gwS-_-Yg?authuser=0&hl=en&rclk=1,"transportation in Puerto Princesa, Palawan, Philippines",Puerto Princesa
Jollibee,4.6,(532),(048) 434 4917,https://wa.me/0484344917,,,Transportation,434 4917,https://jollibee.onelink.me/U65H/googlebusinessprofile,,,,9.7422286,118.7367342,https://www.google.com/maps/place/Jollibee/data=!4m7!3m6!1s0x33b563db88e02dc9:0x69a24f8ee4e4bb94!8m2!3d9.7422286!4d118.7367342!16s%2Fg%2F1thsz_38!19sChIJyS3giNtjtTMRlLvk5I5Pomk?authuser=0&hl=en&rclk=1,"transportation in Puerto Princesa, Palawan, Philippines",Puerto Princesa
Holiday Suites Palawan,4.5,(639),939 924 2756,https://wa.me/9399242756,,,Transportation,0939 924 2756,http://www.holidaysuites.ph/,,,,9.7674484,118.7469788,https://www.google.com/maps/place/Holiday+Suites+Palawan/data=!4m7!3m6!1s0x33b56399a0fd8dcb:0xd9b957228abe8067!8m2!3d9.7674484!4d118.7469788!16s%2Fg%2F1hhhcgc4c!19sChIJy439oJljtTMRZ4C-iiJXudk?authuser=0&hl=en&rclk=1,"transportation in Puerto Princesa, Palawan, Philippines",Puerto Princesa
Balayong People's Park,4.7,(224),,,,https://www.facebook.com/BalayongParkPPC/,Transportation,,https://www.facebook.com/BalayongParkPPC/,,,,9.7840625,118.7349375,https://www.google.com/maps/place/Balayong+People%27s+Park/data=!4m7!3m6!1s0x33b5630b07df06ab:0xd3f4071aa5148e21!8m2!3d9.7840625!4d118.7349375!16s%2Fg%2F11qpp4348m!19sChIJqwbfBwtjtTMRIY4UpRoH9NM?authuser=0&hl=en&rclk=1,"transportation in Puerto Princesa, Palawan, Philippines",Puerto Princesa
Magpalawan Travel and Tours,5.0,(5),917 593 8887,https://wa.me/9175938887,,,Transportation,0917 593 8887,https://magpalawantours.com/,,,,9.7468389,118.7473205,https://www.google.com/maps/place/Magpalawan+Travel+and+Tours/data=!4m7!3m6!1s0x33b563e0a0ff4041:0x1b12805436af9d50!8m2!3d9.7468389!4d118.7473205!16s%2Fg%2F1tddpqkq!19sChIJQUD_oOBjtTMRUJ2vNlSAEhs?authuser=0&hl=en&rclk=1,"transportation in Puerto Princesa, Palawan, Philippines",Puerto Princesa
Kabalyero Motorbike Rental and store luggage,5.0,(112),992 375 1851,https://wa.me/9923751851,,https://www.facebook.com/profile.php?id=100084266594843&mibextid=ZbWKwL,Scooter Rental,0992 375 1851,https://www.facebook.com/profile.php?id=100084266594843&mibextid=ZbWKwL,,,,9.7460697,118.7449249,https://www.google.com/maps/place/Kabalyero+Motorbike+Rental+and+store+luggage/data=!4m7!3m6!1s0x33b563c1f0e82ef9:0x82e3350fb8ce6aec!8m2!3d9.7460697!4d118.7449249!16s%2Fg%2F11k9k8clmt!19sChIJ-S7o8MFjtTMR7GrOuA8144I?authuser=0&hl=en&rclk=1,"scooter rental in Puerto Princesa, Palawan, Philippines",Puerto Princesa
KAI MOTORBIKE RENTAL and CAR RENTAL GARAGE By ANGEL VEHICLE RENTAL El Nido Puerto Princesa Palawan Motorcycle Rental,5.0,(56),966 965 2945,https://wa.me/9669652945,,https://www.facebook.com/BudgetMealforHungryandCravings?mibextid=ZbWKwL,Scooter Rental,,https://www.facebook.com/BudgetMealforHungryandCravings?mibextid=ZbWKwL,,,,9.7494474,118.7404929,https://www.google.com/maps/place/KAI+MOTORBIKE+RENTAL+and+CAR+RENTAL+GARAGE+By+ANGEL+VEHICLE+RENTAL+El+Nido+Puerto+Princesa+Palawan+Motorcycle+Rental/data=!4m7!3m6!1s0x33b563aa05e21fa3:0xe6502cdfeda17a8e!8m2!3d9.7494474!4d118.7404929!16s%2Fg%2F11kjlk9byp!19sChIJox_iBapjtTMRjnqh7d8sUOY?authuser=0&hl=en&rclk=1,"scooter rental in Puerto Princesa, Palawan, Philippines",Puerto Princesa
Ezrah’s Motorbike and Car Rental,4.9,(197),945 742 9758,https://wa.me/9457429758,,https://www.facebook.com/BikesRental2020,Scooter Rental,0945 742 9758,https://www.facebook.com/BikesRental2020,,,,9.7334617,118.7560241,https://www.google.com/maps/place/Ezrah%E2%80%99s+Motorbike+and+Car+Rental/data=!4m7!3m6!1s0x33b56119d4e098cb:0xda737c2d7fa209e2!8m2!3d9.7334617!4d118.7560241!16s%2Fg%2F11j8pht58l!19sChIJy5jg1BlhtTMR4gmify18c9o?authuser=0&hl=en&rclk=1,"scooter rental in Puerto Princesa, Palawan, Philippines",Puerto Princesa
Gia’s Motorbike Rental,5.0,(57),938 555 4049,https://wa.me/9385554049,,https://www.facebook.com/share/15aTDWpvnZ/,Scooter Rental,,https://www.facebook.com/share/15aTDWpvnZ/,,,,9.7464245,118.7469719,https://www.google.com/maps/place/Gia%E2%80%99s+Motorbike+Rental/data=!4m7!3m6!1s0x33b56300525419d9:0xf043f0e86bceafd1!8m2!3d9.7464245!4d118.7469719!16s%2Fg%2F11wvqk17w7!19sChIJ2RlUUgBjtTMR0a_Oa-jwQ_A?authuser=0&hl=en&rclk=1,"scooter rental in Puerto Princesa, Palawan, Philippines",Puerto Princesa
Kim Car & Scooter Bike Rental Palawan,4.8,(133),906 358 0317,https://wa.me/9063580317,,https://www.facebook.com/Palawanrentalseldrive/,Scooter Rental,2010 Building,https://www.facebook.com/Palawanrentalseldrive/,,,,9.7448973,118.74585,https://www.google.com/maps/place/Kim+Car+%26+Scooter+Bike+Rental+Palawan/data=!4m7!3m6!1s0x33b563e87e7fa56b:0x81156d1c748015ae!8m2!3d9.7448973!4d118.74585!16s%2Fg%2F11f50k2jc_!19sChIJa6V_fuhjtTMRrhWAdBxtFYE?authuser=0&hl=en&rclk=1,"scooter rental in Puerto Princesa, Palawan, Philippines",Puerto Princesa
Kuya niel Rental scooter,4.7,(32),967 729 7213,https://wa.me/9677297213,,https://www.facebook.com/kuyanielmotorbikerental,Scooter Rental,,https://www.facebook.com/kuyanielmotorbikerental,,,,9.7338853,118.7558712,https://www.google.com/maps/place/Kuya+niel+Rental+scooter/data=!4m7!3m6!1s0x33b5635b4cae0823:0xe97eabe6a3a439f2!8m2!3d9.7338853!4d118.7558712!16s%2Fg%2F11vyr4ysfx!19sChIJIwiuTFtjtTMR8jmko-arfuk?authuser=0&hl=en&rclk=1,"scooter rental in Puerto Princesa, Palawan, Philippines",Puerto Princesa
Lorendaily Car and Motorbike Rental,5.0,(109),962 458 2884,https://wa.me/9624582884,,https://www.facebook.com/profile.php?id=61558698136232&mibextid=LQQJ4d,Scooter Rental,0962 458 2884,https://www.facebook.com/profile.php?id=61558698136232&mibextid=LQQJ4d,,,,9.7398694,118.7449258,https://www.google.com/maps/place/Lorendaily+Car+and+Motorbike+Rental/data=!4m7!3m6!1s0x33b563d4485699e9:0x2ca4b9dac86a7f43!8m2!3d9.7398694!4d118.7449258!16s%2Fg%2F11y46c7kwr!19sChIJ6ZlWSNRjtTMRQ39qyNq5pCw?authuser=0&hl=en&rclk=1,"scooter rental in Puerto Princesa, Palawan, Philippines",Puerto Princesa
Loki Palawan Motorcycle and Car Rental,5.0,(152),976 051 9866,https://wa.me/9760519866,,,Scooter Rental,,https://wa.me/message/NSW47VGK4AZSA1,,,,9.7599005,118.7485544,https://www.google.com/maps/place/Loki+Palawan+Motorcycle+and+Car+Rental/data=!4m7!3m6!1s0x33b563d1cde45a21:0xd9a153a2b6b62671!8m2!3d9.7599005!4d118.7485544!16s%2Fg%2F11tc855p9d!19sChIJIVrkzdFjtTMRcSa2tqJTodk?authuser=0&hl=en&rclk=1,"scooter rental in Puerto Princesa, Palawan, Philippines",Puerto Princesa
RENT A MOTORBIKE - PALAWAN LACAO BRANCH,4.9,(24),928 823 7021,https://wa.me/9288237021,,,Scooter Rental,19 Lacao St,,,,,9.7386051,118.7403819,https://www.google.com/maps/place/RENT+A+MOTORBIKE+-+PALAWAN+LACAO+BRANCH/data=!4m7!3m6!1s0x33b56300166299cd:0xd42faf5920fd56c8!8m2!3d9.7386051!4d118.7403819!16s%2Fg%2F11lym9kbtf!19sChIJzZliFgBjtTMRyFb9IFmvL9Q?authuser=0&hl=en&rclk=1,"scooter rental in Puerto Princesa, Palawan, Philippines",Puerto Princesa
Duo Instaride Services-Palawan,5.0,(72),968 640 2613,https://wa.me/9686402613,,https://www.facebook.com/DuoInstarideServices/,Scooter Rental,,https://www.facebook.com/DuoInstarideServices/,,,,9.7556589,118.7467629,https://www.google.com/maps/place/Duo+Instaride+Services-Palawan/data=!4m7!3m6!1s0x33b563bcdc08f96d:0x8b4ad6aecaa90dd8!8m2!3d9.7556589!4d118.7467629!16s%2Fg%2F11x78f8qm9!19sChIJbfkI3LxjtTMR2A2pyq7WSos?authuser=0&hl=en&rclk=1,"scooter rental in Puerto Princesa, Palawan, Philippines",Puerto Princesa
Kirro Motorbike & Car rental,4.8,(105),975 116 8073,https://wa.me/9751168073,,https://www.facebook.com/Kirromatta?mibextid=LQQJ4d,Scooter Rental,,https://www.facebook.com/Kirromatta?mibextid=LQQJ4d,,,,9.7394012,118.7556355,https://www.google.com/maps/place/Kirro+Motorbike+%26+Car+rental/data=!4m7!3m6!1s0x33b5638e1dc96165:0x85d95810cf955ffe!8m2!3d9.7394012!4d118.7556355!16s%2Fg%2F11ty460pqh!19sChIJZWHJHY5jtTMR_l-VzxBY2YU?authuser=0&hl=en&rclk=1,"scooter rental in Puerto Princesa, Palawan, Philippines",Puerto Princesa
Palawan Days Motorcycle rental,4.8,(181),,,,,Scooter Rental,232 Manalo Extension,https://www.palawandays.com/motorbike_for_rent_in_puerto_princesa_palawan,,,,9.7352937,118.7488249,https://www.google.com/maps/place/Palawan+Days+Motorcycle+rental/data=!4m7!3m6!1s0x33b563e73b3db897:0x80483603070b2c3a!8m2!3d9.7352937!4d118.7488249!16s%2Fg%2F11dxm3wgm5!19sChIJl7g9O-djtTMROiwLBwM2SIA?authuser=0&hl=en&rclk=1,"scooter rental in Puerto Princesa, Palawan, Philippines",Puerto Princesa
PB-Lux Car & Motorbike Rental,5.0,(50),917 164 5433,https://wa.me/9171645433,,,Scooter Rental,,https://palawan-wheels.emergent.host/,,,,9.7483666,118.7477778,https://www.google.com/maps/place/PB-Lux+Car+%26+Motorbike+Rental/data=!4m7!3m6!1s0x33b5630010f81bcd:0x6e42c0b492e8ef8d!8m2!3d9.7483666!4d118.7477778!16s%2Fg%2F11y7qb8pbp!19sChIJzRv4EABjtTMRje_okrTAQm4?authuser=0&hl=en&rclk=1,"scooter rental in Puerto Princesa, Palawan, Philippines",Puerto Princesa
PP Motorbike Rental,5.0,(14),951 746 9227,https://wa.me/9517469227,,https://www.facebook.com/PPMotorbikeRental/,Scooter Rental,,https://www.facebook.com/PPMotorbikeRental/,,,,9.7340392,118.7582378,https://www.google.com/maps/place/PP+Motorbike+Rental/data=!4m7!3m6!1s0x33b56307a5f1312b:0xca278becc1648062!8m2!3d9.7340392!4d118.7582378!16s%2Fg%2F11x8ywtkbg!19sChIJKzHxpQdjtTMRYoBkweyLJ8o?authuser=0&hl=en&rclk=1,"scooter rental in Puerto Princesa, Palawan, Philippines",Puerto Princesa
Palawan Peter Motorcycle and Rental,4.6,(110),921 788 5506,https://wa.me/9217885506,,,Scooter Rental,0921 788 5506,http://www.pppalawanmotorcycletours.com/,,,,9.7396194,118.7542615,https://www.google.com/maps/place/Palawan+Peter+Motorcycle+and+Rental/data=!4m7!3m6!1s0x33b563fb56a6df3b:0xff185f77adc6fc03!8m2!3d9.7396194!4d118.7542615!16s%2Fg%2F1q62c4s_t!19sChIJO9-mVvtjtTMRA_zGrXdfGP8?authuser=0&hl=en&rclk=1,"scooter rental in Puerto Princesa, Palawan, Philippines",Puerto Princesa
Marinyl Motorbike Rental,5.0,(1),924 100 1478,https://wa.me/9241001478,,,Scooter Rental,1 PUROK KALIPAY,,,,,9.7816186,118.7654217,https://www.google.com/maps/place/Marinyl+Motorbike+Rental/data=!4m7!3m6!1s0x33b563001741d5ef:0x25b5d074544e90a2!8m2!3d9.7816186!4d118.7654217!16s%2Fg%2F11njbx7f14!19sChIJ79VBFwBjtTMRopBOVHTQtSU?authuser=0&hl=en&rclk=1,"scooter rental in Puerto Princesa, Palawan, Philippines",Puerto Princesa
Car and Motorcycle Rental Service Palawan,5.0,(1),976 065 2186,https://wa.me/9760652186,,,Scooter Rental,,,,,,9.7599366,118.7485535,https://www.google.com/maps/place/Car+and+Motorcycle+Rental+Service+Palawan/data=!4m7!3m6!1s0x33b5630077b1b7cd:0xe7776763d7808d67!8m2!3d9.7599366!4d118.7485535!16s%2Fg%2F11lmdtlxvc!19sChIJzbexdwBjtTMRZ42A12Nnd-c?authuser=0&hl=en&rclk=1,"scooter rental in Puerto Princesa, Palawan, Philippines",Puerto Princesa
Kalix Car & Motorbike Rental Palawan,5.0,(1),907 883 8861,https://wa.me/9078838861,,,Scooter Rental,,https://kalix-rental.vercel.app/,,,,9.8075421,118.7472347,https://www.google.com/maps/place/Kalix+Car+%26+Motorbike+Rental+Palawan/data=!4m7!3m6!1s0x33b563000876ba09:0x1ae341cab4243271!8m2!3d9.8075421!4d118.7472347!16s%2Fg%2F11z0_qcp7v!19sChIJCbp2CABjtTMRcTIktMpB4xo?authuser=0&hl=en&rclk=1,"scooter rental in Puerto Princesa, Palawan, Philippines",Puerto Princesa
CHILL RIDE PALAWAN MOTORCYCLE RENTAL,5.0,(1),915 702 9445,https://wa.me/9157029445,,https://www.facebook.com/profile.php?id=61550950190494&mibextid=2JQ9oc,Scooter Rental,0915 702 9445,https://www.facebook.com/profile.php?id=61550950190494&mibextid=2JQ9oc,,,,9.7969675,118.7244062,https://www.google.com/maps/place/CHILL+RIDE+PALAWAN+MOTORCYCLE+RENTAL/data=!4m7!3m6!1s0x33b563180cb10d65:0xf4106d52dc75c7e2!8m2!3d9.7969675!4d118.7244062!16s%2Fg%2F11vrd7xphq!19sChIJZQ2xDBhjtTMR4sd13FJtEPQ?authuser=0&hl=en&rclk=1,"scooter rental in Puerto Princesa, Palawan, Philippines",Puerto Princesa
RENT2ride,4.6,(21),977 074 5270,https://wa.me/9770745270,,,Scooter Rental,0977 074 5270,,,,,9.7481835,118.7477777,https://www.google.com/maps/place/RENT2ride/data=!4m7!3m6!1s0x33b56315c87dee15:0xa4e744d1a0149843!8m2!3d9.7481835!4d118.7477777!16s%2Fg%2F11wqksxx7w!19sChIJFe59yBVjtTMRQ5gUoNFE56Q?authuser=0&hl=en&rclk=1,"scooter rental in Puerto Princesa, Palawan, Philippines",Puerto Princesa
Glaze’ Vehicle Rental Palawan,4.7,(13),,,,https://www.facebook.com/share/1B5GDCvLii/?mibextid=wwXIfr,Scooter Rental,,https://www.facebook.com/share/1B5GDCvLii/?mibextid=wwXIfr,,,,9.7479419,118.7476826,https://www.google.com/maps/place/Glaze%E2%80%99+Vehicle+Rental+Palawan/data=!4m7!3m6!1s0x33b56300534739bd:0x2af87b2a1fa6127a!8m2!3d9.7479419!4d118.7476826!16s%2Fg%2F11vqwrzq80!19sChIJvTlHUwBjtTMRehKmHyp7-Co?authuser=0&hl=en&rclk=1,"scooter rental in Puerto Princesa, Palawan, Philippines",Puerto Princesa
A&R Motorbike & Car Rental,5.0,(6),905 281 7421,https://wa.me/9052817421,,https://www.facebook.com/share/1D41NKshhu/,Scooter Rental,,https://www.facebook.com/share/1D41NKshhu/,,,,9.7847306,118.7647639,https://www.google.com/maps/place/A%26R+Motorbike+%26+Car+Rental/data=!4m7!3m6!1s0x33b563ef9231f94d:0x79f57417d666d7ae!8m2!3d9.7847306!4d118.7647639!16s%2Fg%2F11vx1zppd8!19sChIJTfkxku9jtTMRrtdm1hd09Xk?authuser=0&hl=en&rclk=1,"scooter rental in Puerto Princesa, Palawan, Philippines",Puerto Princesa
Palawan IR Car and Motorbike Rental Services,5.0,(4),953 336 8859,https://wa.me/9533368859,,,Scooter Rental,0953 336 8859,,,,,9.7639862,118.7620534,https://www.google.com/maps/place/Palawan+IR+Car+and+Motorbike+Rental+Services/data=!4m7!3m6!1s0x33b5632dd7d09097:0x2e8f27f538f9dd15!8m2!3d9.7639862!4d118.7620534!16s%2Fg%2F11k9s_9rvx!19sChIJl5DQ1y1jtTMRFd35OPUnjy4?authuser=0&hl=en&rclk=1,"scooter rental in Puerto Princesa, Palawan, Philippines",Puerto Princesa
3-king's motorbike and car rental,5.0,(6),906 345 3949,https://wa.me/9063453949,,,Scooter Rental,,https://3kings-rentalpalawan.vercel.app/,,,,9.7483748,118.7477738,https://www.google.com/maps/place/3-king%27s+motorbike+and+car+rental/data=!4m7!3m6!1s0x33b563007fd99a73:0xdffbdc0f1dddc055!8m2!3d9.7483748!4d118.7477738!16s%2Fg%2F11w_d2rjgz!19sChIJc5rZfwBjtTMRVcDdHQ_c-98?authuser=0&hl=en&rclk=1,"scooter rental in Puerto Princesa, Palawan, Philippines",Puerto Princesa
SJNR Vehicle Rental Palawan,5.0,(1),915 788 4910,https://wa.me/9157884910,,https://www.facebook.com/sjnrvehiclerentalpalawan?mibextid=LQQJ4d,Scooter Rental,0915 788 4910,https://www.facebook.com/sjnrvehiclerentalpalawan?mibextid=LQQJ4d,,,,9.7932255,118.7390583,https://www.google.com/maps/place/SJNR+Vehicle+Rental+Palawan/data=!4m7!3m6!1s0x33b5636b90548b11:0x733add99268c7215!8m2!3d9.7932255!4d118.7390583!16s%2Fg%2F11y7h9_53b!19sChIJEYtUkGtjtTMRFXKMJpndOnM?authuser=0&hl=en&rclk=1,"scooter rental in Puerto Princesa, Palawan, Philippines",Puerto Princesa
Heirbee's Motorbike & Car Rental.Palawan,5.0,(8),909 352 3817,https://wa.me/9093523817,,https://www.facebook.com/heirbeesvehiclerentalpalawan,Scooter Rental,2 Manalo Extn,https://www.facebook.com/heirbeesvehiclerentalpalawan,,,,9.7342293,118.7492074,https://www.google.com/maps/place/Heirbee%27s+Motorbike+%26+Car+Rental.Palawan/data=!4m7!3m6!1s0x33b563893ccb83bd:0x197c69ff623ff765!8m2!3d9.7342293!4d118.7492074!16s%2Fg%2F11k9g621c8!19sChIJvYPLPIljtTMRZfc_Yv9pfBk?authuser=0&hl=en&rclk=1,"scooter rental in Puerto Princesa, Palawan, Philippines",Puerto Princesa
RENT A MOTORBIKE PALAWAN - SAN MIGUEL BRANCH,5.0,(9),928 823 7021,https://wa.me/9288237021,,,Scooter Rental,0928 823 7021,,,,,9.7496309,118.7476866,https://www.google.com/maps/place/RENT+A+MOTORBIKE+PALAWAN+-+SAN+MIGUEL+BRANCH/data=!4m7!3m6!1s0x33b563004da6dcd9:0x43da33cbdd5a1e97!8m2!3d9.7496309!4d118.7476866!16s%2Fg%2F11lywlx0z8!19sChIJ2dymTQBjtTMRlx5a3csz2kM?authuser=0&hl=en&rclk=1,"scooter rental in Puerto Princesa, Palawan, Philippines",Puerto Princesa
Tru-Cut Car and Motorbike Rental Services,3.9,(8),938 612 7077,https://wa.me/9386127077,,,Scooter Rental,,https://trucut-rentals.pages.dev/,,,,9.7478743,118.7475287,https://www.google.com/maps/place/Tru-Cut+Car+and+Motorbike+Rental+Services/data=!4m7!3m6!1s0x33b563825736e57d:0xf9294aeeaab2cac1!8m2!3d9.7478743!4d118.7475287!16s%2Fg%2F11tms1hp_h!19sChIJfeU2V4JjtTMRwcqyqu5KKfk?authuser=0&hl=en&rclk=1,"scooter rental in Puerto Princesa, Palawan, Philippines",Puerto Princesa
NAYABIS CAR AND MOTORBIKE RENTAL,5.0,(1),946 166 0600,https://wa.me/9461660600,,,Scooter Rental,0946 166 0600,,,,,9.7487585,118.7477794,https://www.google.com/maps/place/NAYABIS+CAR+AND+MOTORBIKE+RENTAL/data=!4m7!3m6!1s0x33b5632ee006e92b:0x3d26bcb26962a10f!8m2!3d9.7487585!4d118.7477794!16s%2Fg%2F11t167w_ht!19sChIJK-kG4C5jtTMRD6FiabK8Jj0?authuser=0&hl=en&rclk=1,"scooter rental in Puerto Princesa, Palawan, Philippines",Puerto Princesa
GENRHAP VEHICLE RENTAL,4.7,(15),,,,,Scooter Rental,,,,,,9.7393996,118.7556409,https://www.google.com/maps/place/GENRHAP+VEHICLE+RENTAL/data=!4m7!3m6!1s0x33b5635e3e7963d7:0x79c5d6e92f6e9927!8m2!3d9.7393996!4d118.7556409!16s%2Fg%2F11ty4gzgkq!19sChIJ12N5Pl5jtTMRJ5luL-nWxXk?authuser=0&hl=en&rclk=1,"scooter rental in Puerto Princesa, Palawan, Philippines",Puerto Princesa
Pauleona Car and Motorbike Rental,5.0,(3),910 996 5460,https://wa.me/9109965460,,https://www.facebook.com/PM-Transport-Car-and-Motor-Rental-101970775196463/,Scooter Rental,0910 996 5460,https://www.facebook.com/PM-Transport-Car-and-Motor-Rental-101970775196463/,,,,9.785569,118.7276769,https://www.google.com/maps/place/Pauleona+Car+and+Motorbike+Rental/data=!4m7!3m6!1s0x33b56393061b8629:0x25bb81456caa2d4f!8m2!3d9.785569!4d118.7276769!16s%2Fg%2F11rf6m0wgh!19sChIJKYYbBpNjtTMRTy2qbEWBuyU?authuser=0&hl=en&rclk=1,"scooter rental in Puerto Princesa, Palawan, Philippines",Puerto Princesa
DONIAVIE motorbike car rental service,4.9,(7),905 950 6247,https://wa.me/9059506247,,,Scooter Rental,0905 950 6247,,,,,9.7488581,118.7480486,https://www.google.com/maps/place/DONIAVIE+motorbike+car+rental+service/data=!4m7!3m6!1s0x33b563fbfcfda3bb:0x9b1f3c1996782e59!8m2!3d9.7488581!4d118.7480486!16s%2Fg%2F11tcc68kft!19sChIJu6P9_PtjtTMRWS54lhk8H5s?authuser=0&hl=en&rclk=1,"scooter rental in Puerto Princesa, Palawan, Philippines",Puerto Princesa
Gibbs yan car rental and motorbike Rental,3.7,(3),905 045 2139,https://wa.me/9050452139,,,Scooter Rental,,,,,,9.7400815,118.7444767,https://www.google.com/maps/place/Gibbs+yan+car+rental+and+motorbike+Rental/data=!4m7!3m6!1s0x33b563a894c78e15:0xaff26185ca661d23!8m2!3d9.7400815!4d118.7444767!16s%2Fg%2F11s5n6lrr4!19sChIJFY7HlKhjtTMRIx1myoVh8q8?authuser=0&hl=en&rclk=1,"scooter rental in Puerto Princesa, Palawan, Philippines",Puerto Princesa
GoLang MotoRental palawan,5.0,(6),976 066 3062,https://wa.me/9760663062,,,Scooter Rental,0976 066 3062,,,,,9.7598742,118.7485326,https://www.google.com/maps/place/GoLang+MotoRental+palawan/data=!4m7!3m6!1s0x33b563f77373f3cd:0x6f22b2e65182f1e3!8m2!3d9.7598742!4d118.7485326!16s%2Fg%2F11yf6mxz5b!19sChIJzfNzc_djtTMR4_GCUeayIm8?authuser=0&hl=en&rclk=1,"scooter rental in Puerto Princesa, Palawan, Philippines",Puerto Princesa
EXZEL BIKE RENTALS,3.5,(2),,,,,Scooter Rental,359 Rizal Avenue,,,,,9.7399829,118.7468127,https://www.google.com/maps/place/EXZEL+BIKE+RENTALS/data=!4m7!3m6!1s0x33b563d95f21467b:0x56e580866e777c8f!8m2!3d9.7399829!4d118.7468127!16s%2Fg%2F11f53h49b6!19sChIJe0YhX9ljtTMRj3x3boaA5VY?authuser=0&hl=en&rclk=1,"scooter rental in Puerto Princesa, Palawan, Philippines",Puerto Princesa
Dionzel Motorbike Rental,5.0,(1),956 629 7124,https://wa.me/9566297124,,,Scooter Rental,3 Puerto Princesa North Road,,,,,9.748195,118.747786,https://www.google.com/maps/place/Dionzel+Motorbike+Rental/data=!4m7!3m6!1s0x33b563b6af3d2d33:0x976708c7c59aff5!8m2!3d9.748195!4d118.747786!16s%2Fg%2F11hyzcvd9_!19sChIJMy09r7ZjtTMR9a9ZfIxwdgk?authuser=0&hl=en&rclk=1,"scooter rental in Puerto Princesa, Palawan, Philippines",Puerto Princesa
Drivepro Motorbike & Car Rental,5.0,(1),965 840 6807,https://wa.me/9658406807,,https://www.facebook.com/share/178tEH6EBe/?mibextid=wwXIfr,Scooter Rental,,https://www.facebook.com/share/178tEH6EBe/?mibextid=wwXIfr,,,,9.7497455,118.7476674,https://www.google.com/maps/place/Drivepro+Motorbike+%26+Car+Rental/data=!4m7!3m6!1s0x33b5630078ae2b6d:0x6ae0dad2c582345d!8m2!3d9.7497455!4d118.7476674!16s%2Fg%2F11xw9zx92q!19sChIJbSuueABjtTMRXTSCxdLa4Go?authuser=0&hl=en&rclk=1,"scooter rental in Puerto Princesa, Palawan, Philippines",Puerto Princesa
J4 JHODENZ MOTOR BIKE AND CAR RENTAL SERVICES,5.0,(7),930 191 4865,https://wa.me/9301914865,,https://www.facebook.com/share/15ku9G1JUS/,Scooter Rental,4 JHODENZ MOTOR BIKE AND CAR RENTAL SERVICES  5,https://www.facebook.com/share/15ku9G1JUS/,,,,9.7482388,118.747743,https://www.google.com/maps/place/J4+JHODENZ+MOTOR+BIKE+AND+CAR+RENTAL+SERVICES/data=!4m7!3m6!1s0x33b563aff5102eab:0x46c8644d453e2b2b!8m2!3d9.7482388!4d118.747743!16s%2Fg%2F11t2q766bj!19sChIJqy4Q9a9jtTMRKys-RU1kyEY?authuser=0&hl=en&rclk=1,"scooter rental in Puerto Princesa, Palawan, Philippines",Puerto Princesa
JS Rentals Palawan - Car and Motorcycle Self-Drive Vehicles,3.7,(3),965 842 1367,https://wa.me/9658421367,,,Scooter Rental,0965 842 1367,,,,,9.7478034,118.7475346,https://www.google.com/maps/place/JS+Rentals+Palawan+-+Car+and+Motorcycle+Self-Drive+Vehicles/data=!4m7!3m6!1s0x33b5638466a58441:0x31aae0f08ec4bfe2!8m2!3d9.7478034!4d118.7475346!16s%2Fg%2F11x1ns_p8c!19sChIJQYSlZoRjtTMR4r_EjvDgqjE?authuser=0&hl=en&rclk=1,"scooter rental in Puerto Princesa, Palawan, Philippines",Puerto Princesa
Cafe Moto Motorbike and Car rental,5.0,(1),906 477 8923,https://wa.me/9064778923,,,Scooter Rental,0906 477 8923,https://cafemotohostel.com/,,,,9.7666815,118.7469276,https://www.google.com/maps/place/Cafe+Moto+Motorbike+and+Car+rental/data=!4m7!3m6!1s0x33b5630d47896e7b:0x462a876fb12ef3e7!8m2!3d9.7666815!4d118.7469276!16s%2Fg%2F11yjsyn17w!19sChIJe26JRw1jtTMR5_MusW-HKkY?authuser=0&hl=en&rclk=1,"scooter rental in Puerto Princesa, Palawan, Philippines",Puerto Princesa
Add hours,5.0,(1),,,,,Scooter Rental,,,,,,9.7392721,118.7564697,https://www.google.com/maps/place/Add+hours/data=!4m7!3m6!1s0x33b563a3eca78d1d:0xf9da2608f8330e2b!8m2!3d9.7392721!4d118.7564697!16s%2Fg%2F11q3tph11v!19sChIJHY2n7KNjtTMRKw4z-Agm2vk?authuser=0&hl=en&rclk=1,"scooter rental in Puerto Princesa, Palawan, Philippines",Puerto Princesa
iGo Bikes,4.9,(92),968 881 7583,https://wa.me/9688817583,,https://www.facebook.com/iGoBikesph,Scooter Rental,0968 881 7583,https://www.facebook.com/iGoBikesph,,,,9.7846803,118.7483743,https://www.google.com/maps/place/iGo+Bikes/data=!4m7!3m6!1s0x33b563cb12d24a45:0x248aee2cd92f7cfa!8m2!3d9.7846803!4d118.7483743!16s%2Fg%2F11kn7y74ms!19sChIJRUrSEstjtTMR-nwv2SzuiiQ?authuser=0&hl=en&rclk=1,"scooter rental in Puerto Princesa, Palawan, Philippines",Puerto Princesa
Palawan DVS Motorbike and Car Rental,5.0,(1),,,,,Scooter Rental,,,,,,9.7396667,118.7505275,https://www.google.com/maps/place/Palawan+DVS+Motorbike+and+Car+Rental/data=!4m7!3m6!1s0x33b563e4731a1175:0x9837f6021bf077ae!8m2!3d9.7396667!4d118.7505275!16s%2Fg%2F11l5dlg7r4!19sChIJdREac-RjtTMRrnfwGwL2N5g?authuser=0&hl=en&rclk=1,"scooter rental in Puerto Princesa, Palawan, Philippines",Puerto Princesa
RENT A CAR PALAWAN (JHENREJS Car Rental),4.9,(30),920 283 5137,https://wa.me/9202835137,,http://www.facebook.com/carrentalpal,Scooter Rental,0920 283 5137,http://www.facebook.com/carrentalpal,,,,9.7956793,118.714797,https://www.google.com/maps/place/RENT+A+CAR+PALAWAN+%28JHENREJS+Car+Rental%29/data=!4m7!3m6!1s0x33b5636cba30abd9:0x51c7de919921a52c!8m2!3d9.7956793!4d118.714797!16s%2Fg%2F11ghtr1xvy!19sChIJ2aswumxjtTMRLKUhmZHex1E?authuser=0&hl=en&rclk=1,"scooter rental in Puerto Princesa, Palawan, Philippines",Puerto Princesa
Nanz Motorbike and car rental services,5.0,(1),912 127 1221,https://wa.me/9121271221,,,Scooter Rental,0912 127 1221,,,,,9.7492181,118.7476906,https://www.google.com/maps/place/Nanz+Motorbike+and+car+rental+services/data=!4m7!3m6!1s0x33b56310245234dd:0x67b786ba1edb6d14!8m2!3d9.7492181!4d118.7476906!16s%2Fg%2F11vc1k2r6g!19sChIJ3TRSJBBjtTMRFG3bHrqGt2c?authuser=0&hl=en&rclk=1,"scooter rental in Puerto Princesa, Palawan, Philippines",Puerto Princesa
ERZKIE VEHICLE RENTAL,5.0,(2),930 351 8554,https://wa.me/9303518554,,https://www.facebook.com/share/1799xmZjh4/,Scooter Rental,0930 351 8554,https://www.facebook.com/share/1799xmZjh4/,,,,9.7481191,118.7477224,https://www.google.com/maps/place/ERZKIE+VEHICLE+RENTAL/data=!4m7!3m6!1s0x33b56350e6198f51:0xc1ee48542f128669!8m2!3d9.7481191!4d118.7477224!16s%2Fg%2F11tbz4bqxl!19sChIJUY8Z5lBjtTMRaYYSL1RI7sE?authuser=0&hl=en&rclk=1,"scooter rental in Puerto Princesa, Palawan, Philippines",Puerto Princesa
Palawan Private Rides,5.0,(10),921 779 2016,https://wa.me/9217792016,,,Scooter Rental,,https://www.palawanprivaterides.com/,,,,9.7328889,118.7379389,https://www.google.com/maps/place/Palawan+Private+Rides/data=!4m7!3m6!1s0x4fc7bf77440bfa2d:0x551cb53685410291!8m2!3d9.7328889!4d118.7379389!16s%2Fg%2F11nk8q84yr!19sChIJLfoLRHe_x08RkQJBhTa1HFU?authuser=0&hl=en&rclk=1,"scooter rental in Puerto Princesa, Palawan, Philippines",Puerto Princesa
Bataga vehicle rental shop,5.0,(3),,,,,Scooter Rental,2 scooter for 7 days,,,,,9.7494898,118.7476671,https://www.google.com/maps/place/Bataga+vehicle+rental+shop/data=!4m7!3m6!1s0x33b563002a4fef57:0xb14b936865200b6b!8m2!3d9.7494898!4d118.7476671!16s%2Fg%2F11ldgyvbcf!19sChIJV-9PKgBjtTMRawsgZWiTS7E?authuser=0&hl=en&rclk=1,"scooter rental in Puerto Princesa, Palawan, Philippines",Puerto Princesa
PPCP VEHICLE RENTAL (Puerto Princesa City Palawan Vehicle rental),5.0,(2),908 391 0981,https://wa.me/9083910981,,,Scooter Rental,0908 391 0981,,,,,9.7519813,118.7567815,https://www.google.com/maps/place/PPCP+VEHICLE+RENTAL+%28Puerto+Princesa+City+Palawan+Vehicle+rental%29/data=!4m7!3m6!1s0x33b56364f692017d:0x1f0d725fbf320862!8m2!3d9.7519813!4d118.7567815!16s%2Fg%2F11pyp0k20h!19sChIJfQGS9mRjtTMRYggyv19yDR8?authuser=0&hl=en&rclk=1,"scooter rental in Puerto Princesa, Palawan, Philippines",Puerto Princesa
South national highway,5.0,(1),,,,,Scooter Rental,,,,,,9.7895194,118.7366082,https://www.google.com/maps/place/South+national+highway/data=!4m7!3m6!1s0x33b5630078f75da7:0xdfdb4a5f5dc6f001!8m2!3d9.7895194!4d118.7366082!16s%2Fg%2F11vyyss0p5!19sChIJp133eABjtTMRAfDGXV9K298?authuser=0&hl=en&rclk=1,"scooter rental in Puerto Princesa, Palawan, Philippines",Puerto Princesa
Metro Motorbike,5.0,(1),,,,,Scooter Rental,,,,,,9.7811824,118.7439991,https://www.google.com/maps/place/Metro+Motorbike/data=!4m7!3m6!1s0x33b563733f333cc9:0x9f62d5ba3241b649!8m2!3d9.7811824!4d118.7439991!16s%2Fg%2F1pp2vfnmc!19sChIJyTwzP3NjtTMRSbZBMrrVYp8?authuser=0&hl=en&rclk=1,"scooter rental in Puerto Princesa, Palawan, Philippines",Puerto Princesa
Cafe Moto Hostel,4.8,(147),906 477 8923,https://wa.me/9064778923,,,Scooter Rental,0906 477 8923,https://cafemotohostel.com/,,,,9.7667124,118.7470926,https://www.google.com/maps/place/Cafe+Moto+Hostel/data=!4m11!3m10!1s0x33b5633ae3ddf15d:0x26b7c8d85cdda195!5m3!1s2026-10-31!4m1!1i2!8m2!3d9.7667124!4d118.7470926!16s%2Fg%2F11vsyqdldc!19sChIJXfHd4zpjtTMRlaHdXNjItyY?authuser=0&hl=en&rclk=1,"scooter rental in Puerto Princesa, Palawan, Philippines",Puerto Princesa
La Vida Hostel,4.9,(74),,,,,Scooter Rental,,,,,,9.7352222,118.7612663,https://www.google.com/maps/place/La+Vida+Hostel/data=!4m11!3m10!1s0x33b56341ca647ecf:0x50a9573b2f483a76!5m3!1s2026-10-31!4m1!1i2!8m2!3d9.7352222!4d118.7612663!16s%2Fg%2F11tx5dgw0z!19sChIJz35kykFjtTMRdjpILztXqVA?authuser=0&hl=en&rclk=1,"scooter rental in Puerto Princesa, Palawan, Philippines",Puerto Princesa
PAO-PAO VEHICLE RENTAL,5.0,(3),,,,,Scooter Rental,,,,,,9.7490106,118.7477845,https://www.google.com/maps/place/PAO-PAO+VEHICLE+RENTAL/data=!4m7!3m6!1s0x33b563976860a1dd:0xf76a07decb33b27b!8m2!3d9.7490106!4d118.7477845!16s%2Fg%2F11vc53y6c5!19sChIJ3aFgaJdjtTMRe7Izy94Havc?authuser=0&hl=en&rclk=1,"scooter rental in Puerto Princesa, Palawan, Philippines",Puerto Princesa
JazRoadtrip Vehicle Rental,5.0,(2),,,,,Scooter Rental,,,,,,9.7486841,118.7477923,https://www.google.com/maps/place/JazRoadtrip+Vehicle+Rental/data=!4m7!3m6!1s0x33b563007b4da8f3:0xf348bdc0bc24e0f0!8m2!3d9.7486841!4d118.7477923!16s%2Fg%2F11mcpc92bd!19sChIJ86hNewBjtTMR8OAkvMC9SPM?authuser=0&hl=en&rclk=1,"scooter rental in Puerto Princesa, Palawan, Philippines",Puerto Princesa
ANGEL VEHICLE RENTAL,5.0,(1),,,,,Scooter Rental,,,,,,9.7494837,118.747709,https://www.google.com/maps/place/ANGEL+VEHICLE+RENTAL/data=!4m7!3m6!1s0x33b563007d8b7959:0x6a6c62538d587d97!8m2!3d9.7494837!4d118.747709!16s%2Fg%2F11yfyb6r9h!19sChIJWXmLfQBjtTMRl31YjVNibGo?authuser=0&hl=en&rclk=1,"scooter rental in Puerto Princesa, Palawan, Philippines",Puerto Princesa
Vince Car Rental,5.0,(1),,,,,Scooter Rental,,,,,,9.7905813,118.7362949,https://www.google.com/maps/place/Vince+Car+Rental/data=!4m7!3m6!1s0x33b56300402616c1:0x6c88d09e39751bb2!8m2!3d9.7905813!4d118.7362949!16s%2Fg%2F11w7l_7q2t!19sChIJwRYmQABjtTMRsht1OZ7QiGw?authuser=0&hl=en&rclk=1,"scooter rental in Puerto Princesa, Palawan, Philippines",Puerto Princesa
Mongki's Pension House,4.8,(138),,,,,Scooter Rental,,,,,,9.7535368,118.7670069,https://www.google.com/maps/place/Mongki%27s+Pension+House/data=!4m11!3m10!1s0x33b565954dfaceab:0x2b2c5dbebcc05efc!5m3!1s2026-10-31!4m1!1i2!8m2!3d9.7535368!4d118.7670069!16s%2Fg%2F11t_kxhpby!19sChIJq876TZVltTMR_F7AvL5dLCs?authuser=0&hl=en&rclk=1,"scooter rental in Puerto Princesa, Palawan, Philippines",Puerto Princesa
Danjel Car Rental,4.8,(5),,,,,Scooter Rental,,,,,,9.7480772,118.7477003,https://www.google.com/maps/place/Danjel+Car+Rental/data=!4m7!3m6!1s0x33b563119f79525f:0x664db22b930c81fd!8m2!3d9.7480772!4d118.7477003!16s%2Fg%2F11gr404l0h!19sChIJX1J5nxFjtTMR_YEMkyuyTWY?authuser=0&hl=en&rclk=1,"scooter rental in Puerto Princesa, Palawan, Philippines",Puerto Princesa
Kasamigos Apartment,4.3,(85),962 752 8832,https://wa.me/9627528832,,,Scooter Rental,0962 752 8832,https://kasamigos.top/,,,,9.7623681,118.7365589,https://www.google.com/maps/place/Kasamigos+Apartment/data=!4m11!3m10!1s0x33b5633cdbc60e9f:0x53fd59cafc59f33d!5m3!1s2026-10-31!4m1!1i2!8m2!3d9.7623681!4d118.7365589!16s%2Fg%2F11trzw1jw3!19sChIJnw7G2zxjtTMRPfNZ_MpZ_VM?authuser=0&hl=en&rclk=1,"scooter rental in Puerto Princesa, Palawan, Philippines",Puerto Princesa
Hola Hostel Puerto Princesa,4.7,(53),992 819 8960,https://wa.me/9928198960,,,Scooter Rental,0992 819 8960,,,,,9.733308,118.7354263,https://www.google.com/maps/place/Hola+Hostel+Puerto+Princesa/data=!4m11!3m10!1s0x33b561005f01e445:0x88008d088f853bda!5m3!1s2026-10-31!4m1!1i2!8m2!3d9.733308!4d118.7354263!16s%2Fg%2F11xs9q78s6!19sChIJReQBXwBhtTMR2juFjwiNAIg?authuser=0&hl=en&rclk=1,"scooter rental in Puerto Princesa, Palawan, Philippines",Puerto Princesa
"Cozy Stop Inn - Puerto Princesa, Palawan",4.8,(146),921 966 1772,https://wa.me/9219661772,,,Scooter Rental,0921 966 1772,https://book-directonline.com/properties/cozystopinn?locale=en&fbclid=IwY2xjawN0gtxleHRuA2FlbQIxMABicmlkETFQZDBzak1OTmRocFBUdmg4AR6amXM4NYJR1Vrg4i_gN0fpwZSL6eD1KdN9CkqKMcwQaAi7x3HtB9ntsxja1g_aem_45EPCbDSk5D9r_E_MduWlQ&items[0][adults]=2&items[0][children]=0&items[0][infants]=0&currency=PHP&checkInDate=2025-11-03&checkOutDate=2025-11-04&trackPage=yes,,,,9.7367661,118.7644158,"https://www.google.com/maps/place/Cozy+Stop+Inn+-+Puerto+Princesa,+Palawan/data=!4m11!3m10!1s0x33b5636557b9d561:0x94a418a7fc74974b!5m3!1s2026-10-31!4m1!1i2!8m2!3d9.7367661!4d118.7644158!16s%2Fg%2F11x78lslbp!19sChIJYdW5V2VjtTMRS5d0_KcYpJQ?authuser=0&hl=en&rclk=1","scooter rental in Puerto Princesa, Palawan, Philippines",Puerto Princesa
at home,4.9,(196),,,,,Scooter Rental,,,,,,9.7625906,118.7563758,https://www.google.com/maps/place/at+home/data=!4m11!3m10!1s0x33b56395b6469e6f:0x262e9e4c20c65260!5m3!1s2026-10-31!4m1!1i2!8m2!3d9.7625906!4d118.7563758!16s%2Fg%2F11rfn6y6vw!19sChIJb55GtpVjtTMRYFLGIEyeLiY?authuser=0&hl=en&rclk=1,"scooter rental in Puerto Princesa, Palawan, Philippines",Puerto Princesa
Natural Arts Travel and Tours,4.6,(57),920 828 6308,https://wa.me/9208286308,,,Scooter Rental,0920 828 6308,http://www.naturalartstravel.com/,,,,9.7396272,118.7526508,https://www.google.com/maps/place/Natural+Arts+Travel+and+Tours/data=!4m7!3m6!1s0x33b563e49a26c371:0x5be01d2f51aad915!8m2!3d9.7396272!4d118.7526508!16s%2Fg%2F11c5641mlg!19sChIJccMmmuRjtTMRFdmqUS8d4Fs?authuser=0&hl=en&rclk=1,"scooter rental in Puerto Princesa, Palawan, Philippines",Puerto Princesa
Villa Skanderbeg Guest House,4.8,(102),927 162 3437,https://wa.me/9271623437,,,Scooter Rental,0927 162 3437,,,,,9.7509189,118.7630251,https://www.google.com/maps/place/Villa+Skanderbeg+Guest+House/data=!4m11!3m10!1s0x33b563f4fbd2a2c3:0x1dd25df7616f1ee8!5m3!1s2026-10-31!4m1!1i2!8m2!3d9.7509189!4d118.7630251!16s%2Fg%2F11dzdbg45f!19sChIJw6LS-_RjtTMR6B5vYfdd0h0?authuser=0&hl=en&rclk=1,"scooter rental in Puerto Princesa, Palawan, Philippines",Puerto Princesa
Go Boutique Inn,5.0,(34),995 465 6500,https://wa.me/9954656500,,,Scooter Rental,0995 465 6500,http://www.goboutiqueinn.com/,,,,9.7946063,118.759454,https://www.google.com/maps/place/Go+Boutique+Inn/data=!4m11!3m10!1s0x33b563ed6dca6c71:0x2f48a25efc3ced29!5m3!1s2026-10-31!4m1!1i2!8m2!3d9.7946063!4d118.759454!16s%2Fg%2F11vt7qhcqm!19sChIJcWzKbe1jtTMRKe08_F6iSC8?authuser=0&hl=en&rclk=1,"scooter rental in Puerto Princesa, Palawan, Philippines",Puerto Princesa
Palaboy’s Car Wash,5.0,(3),917 318 2273,https://wa.me/9173182273,,,Scooter Rental,0917 318 2273,,,,,9.7358371,118.7529895,https://www.google.com/maps/place/Palaboy%E2%80%99s+Car+Wash/data=!4m7!3m6!1s0x33b563002c7c9849:0x692e96b69799446a!8m2!3d9.7358371!4d118.7529895!16s%2Fg%2F11vqlfbhkr!19sChIJSZh8LABjtTMRakSZl7aWLmk?authuser=0&hl=en&rclk=1,"scooter rental in Puerto Princesa, Palawan, Philippines",Puerto Princesa
Casaoro Homestay,3.8,(52),917 849 6747,https://wa.me/9178496747,,,Scooter Rental,0917 849 6747,,,,,9.7715739,118.7665695,https://www.google.com/maps/place/Casaoro+Homestay/data=!4m11!3m10!1s0x33b5647ff545c717:0x19990e8b9bf33914!5m3!1s2026-10-31!4m1!1i2!8m2!3d9.7715739!4d118.7665695!16s%2Fg%2F11cs6wxdw9!19sChIJF8dF9X9ktTMRFDnzm4sOmRk?authuser=0&hl=en&rclk=1,"scooter rental in Puerto Princesa, Palawan, Philippines",Puerto Princesa
Casa Nathalia,5.0,(19),916 439 0860,https://wa.me/9164390860,,,Scooter Rental,0916 439 0860,,,,,9.7650713,118.7636776,https://www.google.com/maps/place/Casa+Nathalia/data=!4m7!3m6!1s0x33b56300713351cb:0x8b0e3286ddf5684b!8m2!3d9.7650713!4d118.7636776!16s%2Fg%2F11vm9609lf!19sChIJy1EzcQBjtTMRS2j13YYyDos?authuser=0&hl=en&rclk=1,"scooter rental in Puerto Princesa, Palawan, Philippines",Puerto Princesa
Adlix vehicle car rental,5.0,(2),,,,,Scooter Rental,,,,,,9.7491021,118.7477407,https://www.google.com/maps/place/Adlix+vehicle+car+rental/data=!4m7!3m6!1s0x33b563005846be59:0x4e1fca370d5cddaa!8m2!3d9.7491021!4d118.7477407!16s%2Fg%2F11ln4g38ml!19sChIJWb5GWABjtTMRqt1cDTfKH04?authuser=0&hl=en&rclk=1,"scooter rental in Puerto Princesa, Palawan, Philippines",Puerto Princesa
La‘casa aitor,4.7,(96),949 869 0751,https://wa.me/9498690751,,,Scooter Rental,0949 869 0751,,,,,9.783381,118.7417912,https://www.google.com/maps/place/La%E2%80%98casa+aitor/data=!4m11!3m10!1s0x33b5630da30b5905:0xbe01ae75fa891ecd!5m3!1s2026-10-31!4m1!1i2!8m2!3d9.783381!4d118.7417912!16s%2Fg%2F11rv3k4hpj!19sChIJBVkLow1jtTMRzR6J-nWuAb4?authuser=0&hl=en&rclk=1,"scooter rental in Puerto Princesa, Palawan, Philippines",Puerto Princesa
Orokasa Guesthouse,4.9,(15),917 849 6747,https://wa.me/9178496747,,,Scooter Rental,0917 849 6747,,,,,9.7550648,118.7614181,https://www.google.com/maps/place/Orokasa+Guesthouse/data=!4m11!3m10!1s0x33b563d41bce172d:0x90dd10d12e384139!5m3!1s2026-10-31!4m1!1i2!8m2!3d9.7550648!4d118.7614181!16s%2Fg%2F11tjky253z!19sChIJLRfOG9RjtTMROUE4LtEQ3ZA?authuser=0&hl=en&rclk=1,"scooter rental in Puerto Princesa, Palawan, Philippines",Puerto Princesa
Lighthouse Pension,4.6,(41),966 802 3261,https://wa.me/9668023261,,,Scooter Rental,0966 802 3261,,,,,9.7379468,118.7350114,https://www.google.com/maps/place/Lighthouse+Pension/data=!4m11!3m10!1s0x33b563bb5db2c45b:0xa3a98995e3009232!5m3!1s2026-10-31!4m1!1i2!8m2!3d9.7379468!4d118.7350114!16s%2Fg%2F11gxt2m6b0!19sChIJW8SyXbtjtTMRMpIA45WJqaM?authuser=0&hl=en&rclk=1,"scooter rental in Puerto Princesa, Palawan, Philippines",Puerto Princesa
Tiwi‘s Travellers Inn,4.7,(27),+49 176 2231911,https://wa.me/491762231911,,,Scooter Rental,49 176 22319114,https://www.tiwistravellersinn.com/,,,,9.7768086,118.7467347,https://www.google.com/maps/place/Tiwi%E2%80%98s+Travellers+Inn/data=!4m11!3m10!1s0x33b5639e9ae58147:0x43d8f75b1e0a7315!5m3!1s2026-10-31!4m1!1i2!8m2!3d9.7768086!4d118.7467347!16s%2Fg%2F11w_ncmlqz!19sChIJR4Hlmp5jtTMRFXMKHlv32EM?authuser=0&hl=en&rclk=1,"scooter rental in Puerto Princesa, Palawan, Philippines",Puerto Princesa
Nober Pension House City Center,4.6,(33),906 478 6946,https://wa.me/9064786946,,,Scooter Rental,0906 478 6946,,,,,9.7311369,118.7441824,https://www.google.com/maps/place/Nober+Pension+House+City+Center/data=!4m11!3m10!1s0x33b56115bb709c45:0x97be85205ef51ad1!5m3!1s2026-10-31!4m1!1i2!8m2!3d9.7311369!4d118.7441824!16s%2Fg%2F11tgffwd3w!19sChIJRZxwuxVhtTMR0Rr1XiCFvpc?authuser=0&hl=en&rclk=1,"scooter rental in Puerto Princesa, Palawan, Philippines",Puerto Princesa
"Julieta's Pension House, Puerto Princesa",4.3,(104),,,,,Scooter Rental,,,,,,9.750491,118.7541081,"https://www.google.com/maps/place/Julieta%27s+Pension+House,+Puerto+Princesa/data=!4m11!3m10!1s0x33b563ed97b3377f:0x62b295f5848fdca1!5m3!1s2026-10-31!4m1!1i2!8m2!3d9.750491!4d118.7541081!16s%2Fg%2F11cny2_x_k!19sChIJfzezl-1jtTMRodyPhPWVsmI?authuser=0&hl=en&rclk=1","scooter rental in Puerto Princesa, Palawan, Philippines",Puerto Princesa
JMorino Pension House,5.0,(11),927 066 4608,https://wa.me/9270664608,,,Scooter Rental,0927 066 4608,http://jmorinopensionhouse.zoombookdirect.com/?utm_source=googlemybusiness&utm_medium=organic&utm_campaign=google_my_business,,,,9.7266596,118.7631392,https://www.google.com/maps/place/JMorino+Pension+House/data=!4m11!3m10!1s0x33b5610045e0c413:0x81a519ff2a488511!5m3!1s2026-10-31!4m1!1i2!8m2!3d9.7266596!4d118.7631392!16s%2Fg%2F11y9rgwzl5!19sChIJE8TgRQBhtTMREYVIKv8ZpYE?authuser=0&hl=en&rclk=1,"scooter rental in Puerto Princesa, Palawan, Philippines",Puerto Princesa
Kerusso Haven,4.8,(32),968 285 2929,https://wa.me/9682852929,,,Scooter Rental,0968 285 2929,https://balinsasayaw-seaside.hotels-puertoprincesa.com/en/,,,,9.729986,118.7721724,https://www.google.com/maps/place/Kerusso+Haven/data=!4m7!3m6!1s0x33b567007ed275ef:0xce5d847ced57c7ed!8m2!3d9.729986!4d118.7721724!16s%2Fg%2F11lzp17x5y!19sChIJ73XSfgBntTMR7cdX7XyEXc4?authuser=0&hl=en&rclk=1,"scooter rental in Puerto Princesa, Palawan, Philippines",Puerto Princesa
Balay Tuko Garden Inn,4.4,(217),917 551 0971,https://wa.me/9175510971,,,Scooter Rental,0917 551 0971,https://www.balaytukogardeninn.com/,,,,9.7769495,118.7560069,https://www.google.com/maps/place/Balay+Tuko+Garden+Inn/data=!4m7!3m6!1s0x33b56379c1421991:0x11c66aefdf47f1fc!8m2!3d9.7769495!4d118.7560069!16s%2Fg%2F1hhh728qq!19sChIJkRlCwXljtTMR_PFH3-9qxhE?authuser=0&hl=en&rclk=1,"scooter rental in Puerto Princesa, Palawan, Philippines",Puerto Princesa
Mariafe Inn,4.5,(167),952 480 2865,https://wa.me/9524802865,,https://www.facebook.com/mariafe.inn,Scooter Rental,0952 480 2865,https://www.facebook.com/mariafe.inn,,,,9.73744,118.7452831,https://www.google.com/maps/place/Mariafe+Inn/data=!4m7!3m6!1s0x33b563e0fdb4021b:0x3b1154d51b7db9bc!8m2!3d9.73744!4d118.7452831!16s%2Fg%2F11b6d24qrw!19sChIJGwK0_eBjtTMRvLl9G9VUETs?authuser=0&hl=en&rclk=1,"scooter rental in Puerto Princesa, Palawan, Philippines",Puerto Princesa
Dinah's Tourist Inn Puerto Princesa,4.7,(56),917 120 9871,https://wa.me/9171209871,,,Scooter Rental,0917 120 9871,http://dinahspensionhouse.zoombookdirect.com/?utm_source=googlemybusiness&utm_medium=organic&utm_campaign=google_my_business,,,,9.8024349,118.7349625,https://www.google.com/maps/place/Dinah%27s+Tourist+Inn+Puerto+Princesa/data=!4m7!3m6!1s0x33b563c8e4b2bfc3:0x14dee55425d4ac70!8m2!3d9.8024349!4d118.7349625!16s%2Fg%2F11h_c7r_tl!19sChIJw7-y5MhjtTMRcKzUJVTl3hQ?authuser=0&hl=en&rclk=1,"scooter rental in Puerto Princesa, Palawan, Philippines",Puerto Princesa
Asiano Arts and Crafts,4.7,(34),(048) 433 1385,https://wa.me/0484331385,,,Scooter Rental,433 1385,,,,,9.7398664,118.7493331,https://www.google.com/maps/place/Asiano+Arts+and+Crafts/data=!4m7!3m6!1s0x33b563f968e49fa7:0xf41c6304d847b316!8m2!3d9.7398664!4d118.7493331!16s%2Fg%2F1pzxmp9r6!19sChIJp5_kaPljtTMRFrNH2ARjHPQ?authuser=0&hl=en&rclk=1,"scooter rental in Puerto Princesa, Palawan, Philippines",Puerto Princesa
Honda Bay,4.2,(296),(048) 111 1111,https://wa.me/0481111111,,,Scooter Rental,111 1111,,,,,9.8439043,118.7455263,https://www.google.com/maps/place/Honda+Bay/data=!4m7!3m6!1s0x33b57c92e6bea5b1:0x476b872e032f7724!8m2!3d9.8439043!4d118.7455263!16s%2Fg%2F1pzrdnntc!19sChIJsaW-5pJ8tTMRJHcvAy6Ha0c?authuser=0&hl=en&rclk=1,"scooter rental in Puerto Princesa, Palawan, Philippines",Puerto Princesa
RGA Property Leasing,5.0,(6),945 846 1544,https://wa.me/9458461544,,,Scooter Rental,0945 846 1544,,,,,9.7323225,118.7389227,https://www.google.com/maps/place/RGA+Property+Leasing/data=!4m7!3m6!1s0x33b56139e930e7bb:0x4dd9c8e886d4bae4!8m2!3d9.7323225!4d118.7389227!16s%2Fg%2F11s1ykh67t!19sChIJu-cw6TlhtTMR5LrUhujI2U0?authuser=0&hl=en&rclk=1,"scooter rental in Puerto Princesa, Palawan, Philippines",Puerto Princesa
"Floral Villarosa Hotel, Puerto Princesa",4.4,(189),917 512 1459,https://wa.me/9175121459,,,Scooter Rental,0917 512 1459,https://www.philippineshotels.net/tl/hotel/floral-villarosa.html,,,,9.7335133,118.7558316,"https://www.google.com/maps/place/Floral+Villarosa+Hotel,+Puerto+Princesa/data=!4m7!3m6!1s0x33b56157e7be901f:0xe0a1b5591cd3dd79!8m2!3d9.7335133!4d118.7558316!16s%2Fg%2F12hl__6tg!19sChIJH5C-51dhtTMRed3THFm1oeA?authuser=0&hl=en&rclk=1","scooter rental in Puerto Princesa, Palawan, Philippines",Puerto Princesa
Palaweño Brewery,4.6,(200),956 765 6894,https://wa.me/9567656894,,,Scooter Rental,40 Taft St,http://www.palawenobrewery.com/,,,,9.7399527,118.7314275,https://www.google.com/maps/place/Palawe%C3%B1o+Brewery/data=!4m7!3m6!1s0x33b563d932a406c9:0x1dda44d86876ede!8m2!3d9.7399527!4d118.7314275!16s%2Fg%2F11b6ws882s!19sChIJyQakMtljtTMR3m6Hhk2k3QE?authuser=0&hl=en&rclk=1,"scooter rental in Puerto Princesa, Palawan, Philippines",Puerto Princesa
Earl De Princesa Hotel,4.5,(56),920 112 5424,https://wa.me/9201125424,,,Scooter Rental,0920 112 5424,http://earldeprincesa.com/,,,,9.7962823,118.7308068,https://www.google.com/maps/place/Earl+De+Princesa+Hotel/data=!4m7!3m6!1s0x33b56328e926fd19:0x1c3e72f2dbc58ba5!8m2!3d9.7962823!4d118.7308068!16s%2Fg%2F11sfbh7cvw!19sChIJGf0m6ShjtTMRpYvF2_JyPhw?authuser=0&hl=en&rclk=1,"scooter rental in Puerto Princesa, Palawan, Philippines",Puerto Princesa
Motorbike rental in Palawan,5.0,(2),,,,,Scooter Rental,,,,,,9.7293416,118.7670514,https://www.google.com/maps/place/Motorbike+rental+in+Palawan/data=!4m7!3m6!1s0x33b5612505a3dcf3:0xaf4d4b96c91b7e1b!8m2!3d9.7293416!4d118.7670514!16s%2Fg%2F11ms398tnq!19sChIJ89yjBSVhtTMRG34byZZLTa8?authuser=0&hl=en&rclk=1,"scooter rental in Puerto Princesa, Palawan, Philippines",Puerto Princesa
City Philippine National Police Office - Puerto Princesa,4.8,(6),(048) 434 9889,https://wa.me/0484349889,,,Police Station,434 9889,,,,,9.7632606,118.7479769,https://www.google.com/maps/place/City+Philippine+National+Police+Office+-+Puerto+Princesa/data=!4m7!3m6!1s0x33b563973ea393a1:0x897f880ff23f2d0b!8m2!3d9.7632606!4d118.7479769!16s%2Fg%2F11bzvw2qmx!19sChIJoZOjPpdjtTMRCy0_8g-If4k?authuser=0&hl=en&rclk=1,"police station in Puerto Princesa, Palawan, Philippines",Puerto Princesa
Police Station 2,4.5,(4),927 162 4065,https://wa.me/9271624065,,,Police Station,2  4,,,,,9.7993883,118.6921525,https://www.google.com/maps/place/Police+Station+2/data=!4m7!3m6!1s0x33b562958b4597ff:0xc547ccaa0a9ac3dc!8m2!3d9.7993883!4d118.6921525!16s%2Fg%2F11kjmg9rd5!19sChIJ_5dFi5VitTMR3MOaCqrMR8U?authuser=0&hl=en&rclk=1,"police station in Puerto Princesa, Palawan, Philippines",Puerto Princesa
POLICE STATION 3,4.0,(2),,,,,Police Station,3  4,,,,,9.6731207,118.7041567,https://www.google.com/maps/place/POLICE+STATION+3/data=!4m7!3m6!1s0x33b5610009ee71f1:0xf2a5791bf29cd3e0!8m2!3d9.6731207!4d118.7041567!16s%2Fg%2F11yfs2vs4p!19sChIJ8XHuCQBhtTMR4NOc8ht5pfI?authuser=0&hl=en&rclk=1,"police station in Puerto Princesa, Palawan, Philippines",Puerto Princesa
Puerto Princesa District Office (Puerdo) Nbi,4.0,(6),(048) 433 1525,https://wa.me/0484331525,,,Police Station,433 1525,,,,,9.7398659,118.7319258,https://www.google.com/maps/place/Puerto+Princesa+District+Office+%28Puerdo%29+Nbi/data=!4m7!3m6!1s0x33b563d9e6e710a9:0xeb28725dc29a05b0!8m2!3d9.7398659!4d118.7319258!16s%2Fg%2F11bzvyf604!19sChIJqRDn5tljtTMRsAWawl1yKOs?authuser=0&hl=en&rclk=1,"police station in Puerto Princesa, Palawan, Philippines",Puerto Princesa
Department of Foreign Affairs – Puerto Princesa,4.1,(32),(048) 434 1773,https://wa.me/0484341773,,,Embassy,434 1773,,,,,9.7680533,118.7480647,https://www.google.com/maps/place/Department+of+Foreign+Affairs+%E2%80%93+Puerto+Princesa/data=!4m7!3m6!1s0x33b56394a9b5a479:0x4e871ea8cbd6ee81!8m2!3d9.7680533!4d118.7480647!16s%2Fg%2F11rs0n_0c!19sChIJeaS1qZRjtTMRge7Wy6geh04?authuser=0&hl=en&rclk=1,"embassy in Puerto Princesa, Palawan, Philippines",Puerto Princesa
Puerto Princesa City - City Civil Registrar's Office,4.7,(3),(048) 434 7955,https://wa.me/0484347955,,,Embassy,112 Ground Floor,,,,,9.7833217,118.7320857,https://www.google.com/maps/place/Puerto+Princesa+City+-+City+Civil+Registrar%27s+Office/data=!4m7!3m6!1s0x33b5630f78d750bf:0xfba27676954fb19!8m2!3d9.7833217!4d118.7320857!16s%2Fg%2F1pzpv8tcj!19sChIJv1DXeA9jtTMRGftUaWcnug8?authuser=0&hl=en&rclk=1,"embassy in Puerto Princesa, Palawan, Philippines",Puerto Princesa
Caltex Junction III Gasoline Station,4.4,(107),917 809 5631,https://wa.me/9178095631,,https://www.facebook.com/share/15VyxsYuuT/?mibextid=wwXIfr,Gas Station,,https://www.facebook.com/share/15VyxsYuuT/?mibextid=wwXIfr,,,,9.7645152,118.7470187,https://www.google.com/maps/place/Caltex+Junction+III+Gasoline+Station/data=!4m7!3m6!1s0x33b5639762781fc1:0xbf496666e4bee224!8m2!3d9.7645152!4d118.7470187!16s%2Fg%2F1pxwl8r6t!19sChIJwR94YpdjtTMRJOK-5GZmSb8?authuser=0&hl=en&rclk=1,"gas station in Puerto Princesa, Palawan, Philippines",Puerto Princesa
Caltex Fernandez Gasoline Station,4.1,(31),917 834 8860,https://wa.me/9178348860,,,Gas Station,46 Fernandez St,,,,,9.73588,118.7429629,https://www.google.com/maps/place/Caltex+Fernandez+Gasoline+Station/data=!4m7!3m6!1s0x33b563dfe2286a09:0x2da6091d880de545!8m2!3d9.73588!4d118.7429629!16s%2Fg%2F1tdjnp93!19sChIJCWoo4t9jtTMRReUNiB0Jpi0?authuser=0&hl=en&rclk=1,"gas station in Puerto Princesa, Palawan, Philippines",Puerto Princesa
Caltex San Miguel Gasoline Station,3.7,(26),917 837 6150,https://wa.me/9178376150,,,Gas Station,0917 837 6150,,,,,9.7478234,118.7479538,https://www.google.com/maps/place/Caltex+San+Miguel+Gasoline+Station/data=!4m7!3m6!1s0x33b563e924ee4713:0xa01a44828925aa64!8m2!3d9.7478234!4d118.7479538!16s%2Fg%2F1pwfctm1h!19sChIJE0fuJOljtTMRZKoliYJEGqA?authuser=0&hl=en&rclk=1,"gas station in Puerto Princesa, Palawan, Philippines",Puerto Princesa
Petron,4.0,(23),915 348 3970,https://wa.me/9153483970,,,Gas Station,,,,,,9.7396934,118.7454772,https://www.google.com/maps/place/Petron/data=!4m7!3m6!1s0x33b563e72d1f9b81:0x49eaa6ad89ead9d!8m2!3d9.7396934!4d118.7454772!16s%2Fg%2F12mj7k9_m!19sChIJgZsfLedjtTMRna2e2GqqngQ?authuser=0&hl=en&rclk=1,"gas station in Puerto Princesa, Palawan, Philippines",Puerto Princesa
Caltex Tagburos Gasoline Station,4.3,(15),917 303 6399,https://wa.me/9173036399,,https://www.facebook.com/share/15VyxsYuuT/?mibextid=wwXIfr,Gas Station,8 North National Highway,https://www.facebook.com/share/15VyxsYuuT/?mibextid=wwXIfr,,,,9.8107277,118.7462503,https://www.google.com/maps/place/Caltex+Tagburos+Gasoline+Station/data=!4m7!3m6!1s0x33b563ab29ad3c07:0xb2ab8c82a61ed347!8m2!3d9.8107277!4d118.7462503!16s%2Fg%2F11lypvgnnj!19sChIJBzytKatjtTMRR9MepoKMq7I?authuser=0&hl=en&rclk=1,"gas station in Puerto Princesa, Palawan, Philippines",Puerto Princesa
Caltex Malvar Gasoline Station,4.6,(19),917 807 2348,https://wa.me/9178072348,,,Gas Station,0917 807 2348,,,,,9.7457482,118.7418066,https://www.google.com/maps/place/Caltex+Malvar+Gasoline+Station/data=!4m7!3m6!1s0x33b563c2b864eed7:0x418066e949406477!8m2!3d9.7457482!4d118.7418066!16s%2Fg%2F12mj7kdz0!19sChIJ1-5kuMJjtTMRd2RASelmgEE?authuser=0&hl=en&rclk=1,"gas station in Puerto Princesa, Palawan, Philippines",Puerto Princesa
Caltex San Pedro Gasoline Station,3.9,(13),917 771 5504,https://wa.me/9177715504,,,Gas Station,118 Peneyra Rd,,,,,9.7566364,118.7472443,https://www.google.com/maps/place/Caltex+San+Pedro+Gasoline+Station/data=!4m7!3m6!1s0x33b563948f0ea80d:0x361c52c8da4353be!8m2!3d9.7566364!4d118.7472443!16s%2Fg%2F1tdbhjgf!19sChIJDagOj5RjtTMRvlND2shSHDY?authuser=0&hl=en&rclk=1,"gas station in Puerto Princesa, Palawan, Philippines",Puerto Princesa
Shell Gas Station (San Jose),4.5,(22),,,,,Gas Station,,,,,,9.7986129,118.7494201,https://www.google.com/maps/place/Shell+Gas+Station+%28San+Jose%29/data=!4m7!3m6!1s0x33b563c236300279:0xa59860597793828!8m2!3d9.7986129!4d118.7494201!16s%2Fg%2F11tdb8wsg8!19sChIJeQIwNsJjtTMRKDh5lwWGWQo?authuser=0&hl=en&rclk=1,"gas station in Puerto Princesa, Palawan, Philippines",Puerto Princesa
Petron FPA Gasoline Station,4.0,(17),966 435 8689,https://wa.me/9664358689,,,Gas Station,0966 435 8689,,,,,9.7826478,118.7385073,https://www.google.com/maps/place/Petron+FPA+Gasoline+Station/data=!4m7!3m6!1s0x33b56397e9a0487b:0xac7d24bc39ff73d0!8m2!3d9.7826478!4d118.7385073!16s%2Fg%2F11mhvd6lry!19sChIJe0ig6ZdjtTMR0HP_Obwkfaw?authuser=0&hl=en&rclk=1,"gas station in Puerto Princesa, Palawan, Philippines",Puerto Princesa
Caltex Junction II Gasoline Station,4.1,(12),917 773 3172,https://wa.me/9177733172,,,Gas Station,191 Malvar Road,,,,,9.7520415,118.747472,https://www.google.com/maps/place/Caltex+Junction+II+Gasoline+Station/data=!4m7!3m6!1s0x33b563eb75588fbb:0x4fc04de266171239!8m2!3d9.7520415!4d118.747472!16s%2Fg%2F1vyst1zx!19sChIJu49YdetjtTMRORIXZuJNwE8?authuser=0&hl=en&rclk=1,"gas station in Puerto Princesa, Palawan, Philippines",Puerto Princesa
Shell (Sta. Monica),4.7,(11),,,,,Gas Station,,,,,,9.7863133,118.7373289,https://www.google.com/maps/place/Shell+%28Sta.+Monica%29/data=!4m7!3m6!1s0x33b563f2e47bf0cd:0xea8e9bfc43d3d4d6!8m2!3d9.7863133!4d118.7373289!16s%2Fg%2F11smqzvg0v!19sChIJzfB75PJjtTMR1tTTQ_ybjuo?authuser=0&hl=en&rclk=1,"gas station in Puerto Princesa, Palawan, Philippines",Puerto Princesa
Shell,4.4,(47),(048) 434 2827,https://wa.me/0484342827,,,Gas Station,434 2827,https://find.shell.com/ph/fuel/10021639-sh-san-pedro-p-princesa/en_PH,,,,9.757936,118.747928,https://www.google.com/maps/place/Shell/data=!4m7!3m6!1s0x33b56394bdfab915:0xe05a23efa0439343!8m2!3d9.757936!4d118.747928!16s%2Fg%2F1vpq4d9q!19sChIJFbn6vZRjtTMRQ5NDoO8jWuA?authuser=0&hl=en&rclk=1,"gas station in Puerto Princesa, Palawan, Philippines",Puerto Princesa
Caltex Rizal Avenue Gasoline Station,5.0,(1),926 673 0349,https://wa.me/9266730349,,,Gas Station,290 Rizal Avenue0926 673 0349,,,,,9.7400865,118.7388692,https://www.google.com/maps/place/Caltex+Rizal+Avenue+Gasoline+Station/data=!4m7!3m6!1s0x33b5630f90255969:0x61ea56976266c584!8m2!3d9.7400865!4d118.7388692!16s%2Fg%2F11f6529kf1!19sChIJaVklkA9jtTMRhMVmYpdW6mE?authuser=0&hl=en&rclk=1,"gas station in Puerto Princesa, Palawan, Philippines",Puerto Princesa
Caltex Robinsons Gasoline Station,4.7,(6),917 312 2380,https://wa.me/9173122380,,,Gas Station,0917 312 2380,,,,,9.7690929,118.7481696,https://www.google.com/maps/place/Caltex+Robinsons+Gasoline+Station/data=!4m7!3m6!1s0x33b5639953da9c7b:0xe746f7b2f5d24a52!8m2!3d9.7690929!4d118.7481696!16s%2Fg%2F1pzs7vcvk!19sChIJe5zaU5ljtTMRUkrS9bL3Ruc?authuser=0&hl=en&rclk=1,"gas station in Puerto Princesa, Palawan, Philippines",Puerto Princesa
Caltex New Market Gasoline Station,5.0,(2),,,,,Gas Station,,,,,,9.7841895,118.7459222,https://www.google.com/maps/place/Caltex+New+Market+Gasoline+Station/data=!4m7!3m6!1s0x33b56372cbc0644f:0x3568b822b95a9ed6!8m2!3d9.7841895!4d118.7459222!16s%2Fg%2F1pwfbrfrn!19sChIJT2TAy3JjtTMR1p5auSK4aDU?authuser=0&hl=en&rclk=1,"gas station in Puerto Princesa, Palawan, Philippines",Puerto Princesa
Caltex Sta. Monica Gasoline Station,4.8,(5),,,,,Gas Station,,,,,,9.7838626,118.7379604,https://www.google.com/maps/place/Caltex+Sta.+Monica+Gasoline+Station/data=!4m7!3m6!1s0x33b563202ddeb97b:0xbce113b0ef96a14c!8m2!3d9.7838626!4d118.7379604!16s%2Fg%2F11l2zm472m!19sChIJe7neLSBjtTMRTKGW77AT4bw?authuser=0&hl=en&rclk=1,"gas station in Puerto Princesa, Palawan, Philippines",Puerto Princesa
Royal Express Fuel - San Jose,4.3,(10),(048) 434 1566,https://wa.me/0484341566,,https://www.facebook.com/royalexpressfuel,Gas Station,5 north national highway,https://www.facebook.com/royalexpressfuel,,,,9.7833071,118.7486435,https://www.google.com/maps/place/Royal+Express+Fuel+-+San+Jose/data=!4m7!3m6!1s0x33b563466b138023:0x4e050ca9112bfcbb!8m2!3d9.7833071!4d118.7486435!16s%2Fg%2F11j8mfs6q5!19sChIJI4ATa0ZjtTMRu_wrEakMBU4?authuser=0&hl=en&rclk=1,"gas station in Puerto Princesa, Palawan, Philippines",Puerto Princesa
Phoenix Gas Station (San Manuel),5.0,(1),,,,,Gas Station,,,,,,9.7779505,118.7483759,https://www.google.com/maps/place/Phoenix+Gas+Station+%28San+Manuel%29/data=!4m7!3m6!1s0x33b563b8567014e9:0x16fc192b2ed3780b!8m2!3d9.7779505!4d118.7483759!16s%2Fg%2F11pv3njgxv!19sChIJ6RRwVrhjtTMRC3jTLisZ_BY?authuser=0&hl=en&rclk=1,"gas station in Puerto Princesa, Palawan, Philippines",Puerto Princesa
Royal Express Fuel - Sicsican,3.9,(20),(048) 434 1566,https://wa.me/0484341566,,,Gas Station,10 south national highway,,,,,9.7952451,118.7138736,https://www.google.com/maps/place/Royal+Express+Fuel+-+Sicsican/data=!4m7!3m6!1s0x33b563f54832b861:0x318c9400947aebc4!8m2!3d9.7952451!4d118.7138736!16s%2Fg%2F11j2zd6l_6!19sChIJYbgySPVjtTMRxOt6lACUjDE?authuser=0&hl=en&rclk=1,"gas station in Puerto Princesa, Palawan, Philippines",Puerto Princesa
Total (Puerto Princesa),4.5,(4),917 553 0258,https://wa.me/9175530258,,,Gas Station,0917 553 0258,,,,,9.76698,118.747329,https://www.google.com/maps/place/Total+%28Puerto+Princesa%29/data=!4m7!3m6!1s0x33b56399a0611fd3:0xdce4d5bfc8e212d3!8m2!3d9.76698!4d118.747329!16s%2Fg%2F11g6py8h8v!19sChIJ0x9hoJljtTMR0xLiyL_V5Nw?authuser=0&hl=en&rclk=1,"gas station in Puerto Princesa, Palawan, Philippines",Puerto Princesa
Phoenix Gas Station (Sicsican),5.0,(3),,,,,Gas Station,,,,,,9.7959042,118.7139672,https://www.google.com/maps/place/Phoenix+Gas+Station+%28Sicsican%29/data=!4m7!3m6!1s0x33b563ffae8afa71:0xb7e9b9a2700d43c5!8m2!3d9.7959042!4d118.7139672!16s%2Fg%2F11rn57xfv4!19sChIJcfqKrv9jtTMRxUMNcKK56bc?authuser=0&hl=en&rclk=1,"gas station in Puerto Princesa, Palawan, Philippines",Puerto Princesa
Star Oil,4.0,(6),,,,,Gas Station,,,,,,9.7823142,118.7405069,https://www.google.com/maps/place/Star+Oil/data=!4m7!3m6!1s0x33b5630c55908ee9:0x1ab2e0fc75fcefb1!8m2!3d9.7823142!4d118.7405069!16s%2Fg%2F1pwfcnd3j!19sChIJ6Y6QVQxjtTMRse_8dfzgsho?authuser=0&hl=en&rclk=1,"gas station in Puerto Princesa, Palawan, Philippines",Puerto Princesa
Total (Tiniguiban),4.4,(5),928 370 1556,https://wa.me/9283701556,,,Gas Station,0928 370 1556,,,,,9.7714815,118.738688,https://www.google.com/maps/place/Total+%28Tiniguiban%29/data=!4m7!3m6!1s0x33b563a16a507b3d:0x8e05345656d5802e!8m2!3d9.7714815!4d118.738688!16s%2Fg%2F11cspx929y!19sChIJPXtQaqFjtTMRLoDVVlY0BY4?authuser=0&hl=en&rclk=1,"gas station in Puerto Princesa, Palawan, Philippines",Puerto Princesa
Caltex San Jose Gasoline Station,4.5,(2),966 803 7913,https://wa.me/9668037913,,,Gas Station,670966 803 7913,,,,,9.7815411,118.7480546,https://www.google.com/maps/place/Caltex+San+Jose+Gasoline+Station/data=!4m7!3m6!1s0x33b5632746584c9b:0xe8341a4e7bc48824!8m2!3d9.7815411!4d118.7480546!16s%2Fg%2F11q36vqnm3!19sChIJm0xYRidjtTMRJIjEe04aNOg?authuser=0&hl=en&rclk=1,"gas station in Puerto Princesa, Palawan, Philippines",Puerto Princesa
Star Oil,4.3,(6),,,,,Gas Station,,,,,,9.7490944,118.7480641,https://www.google.com/maps/place/Star+Oil/data=!4m7!3m6!1s0x33b563e95a9e7417:0xcc04d194f54491df!8m2!3d9.7490944!4d118.7480641!16s%2Fg%2F1tlwc59g!19sChIJF3SeWuljtTMR35FE9ZTRBMw?authuser=0&hl=en&rclk=1,"gas station in Puerto Princesa, Palawan, Philippines",Puerto Princesa
Shell,5.0,(1),(048) 433 2751,https://wa.me/0484332751,,,Gas Station,433 2751,https://find.shell.com/ph/fuel/10021807-sh-puerto-princesa-plawan/en_PH,,,,9.741227,118.73105,https://www.google.com/maps/place/Shell/data=!4m7!3m6!1s0x33b563d0ac1ce91f:0x69a075185e17331a!8m2!3d9.741227!4d118.73105!16s%2Fg%2F12mj7k8zy!19sChIJH-kcrNBjtTMRGjMXXhh1oGk?authuser=0&hl=en&rclk=1,"gas station in Puerto Princesa, Palawan, Philippines",Puerto Princesa
Rephil,5.0,(2),,,,,Gas Station,,,,,,9.782631,118.7385178,https://www.google.com/maps/place/Rephil/data=!4m7!3m6!1s0x33b5630c3438312d:0x6de9f4dca6ccab1e!8m2!3d9.782631!4d118.7385178!16s%2Fg%2F1pxwdhqhl!19sChIJLTE4NAxjtTMRHqvMptz06W0?authuser=0&hl=en&rclk=1,"gas station in Puerto Princesa, Palawan, Philippines",Puerto Princesa
William Tan Enterprises Gasoline Station,4.0,(1),917 149 3526,https://wa.me/9171493526,,,Gas Station,0917 149 3526,,,,,9.7456154,118.7419678,https://www.google.com/maps/place/William+Tan+Enterprises+Gasoline+Station/data=!4m7!3m6!1s0x33b563c2c66043c5:0x42c0b96df8bb8095!8m2!3d9.7456154!4d118.7419678!16s%2Fg%2F1pztlrbm6!19sChIJxUNgxsJjtTMRlYC7-G25wEI?authuser=0&hl=en&rclk=1,"gas station in Puerto Princesa, Palawan, Philippines",Puerto Princesa
Total (Irawan),4.2,(5),998 176 7944,https://wa.me/9981767944,,,Gas Station,0998 176 7944,,,,,9.8009088,118.6967982,https://www.google.com/maps/place/Total+%28Irawan%29/data=!4m7!3m6!1s0x33b562e8ecd2522f:0x759738293f62841!8m2!3d9.8009088!4d118.6967982!16s%2Fg%2F11c2j_jmq5!19sChIJL1LS7OhitTMRQSj2k4JzWQc?authuser=0&hl=en&rclk=1,"gas station in Puerto Princesa, Palawan, Philippines",Puerto Princesa
BPI,5.0,(1),,,,,Gas Station,,,,,,9.7563402,118.7477065,https://www.google.com/maps/place/BPI/data=!4m7!3m6!1s0x33b56394927b34eb:0x867227a9a2c1bcc4!8m2!3d9.7563402!4d118.7477065!16s%2Fg%2F11yhbw8mh6!19sChIJ6zR7kpRjtTMRxLzBoqkncoY?authuser=0&hl=en&rclk=1,"gas station in Puerto Princesa, Palawan, Philippines",Puerto Princesa
Petro Gazz San Jose,3.8,(6),,,,,Gas Station,,,,,,9.797909,118.7488818,https://www.google.com/maps/place/Petro+Gazz+San+Jose/data=!4m7!3m6!1s0x33b5636614157771:0x8f5e7dd14b60bf3f!8m2!3d9.797909!4d118.7488818!16s%2Fg%2F11kqb_803f!19sChIJcXcVFGZjtTMRP79gS9F9Xo8?authuser=0&hl=en&rclk=1,"gas station in Puerto Princesa, Palawan, Philippines",Puerto Princesa
Kuya Jhong LPG Store PETRON GASUL,5.0,(3),951 736 4588,https://wa.me/9517364588,,,Gas Station,0951 736 4588,,,,,9.7516293,118.752252,https://www.google.com/maps/place/Kuya+Jhong+LPG+Store+PETRON+GASUL/data=!4m7!3m6!1s0x33b563ebb5530461:0xec1e55f44b142245!8m2!3d9.7516293!4d118.752252!16s%2Fg%2F11l6x6k8m_!19sChIJYQRTtetjtTMRRSIUS_RVHuw?authuser=0&hl=en&rclk=1,"gas station in Puerto Princesa, Palawan, Philippines",Puerto Princesa
Gasul,5.0,(1),917 543 2137,https://wa.me/9175432137,,,Gas Station,151 Manalo St,,,,,9.7361752,118.7420549,https://www.google.com/maps/place/Gasul/data=!4m7!3m6!1s0x33b5630e9fa9a30d:0x95416b9dfe016f40!8m2!3d9.7361752!4d118.7420549!16s%2Fg%2F11j24wd67k!19sChIJDaOpnw5jtTMRQG8B_p1rQZU?authuser=0&hl=en&rclk=1,"gas station in Puerto Princesa, Palawan, Philippines",Puerto Princesa
VROOM CARWASH & MOTORCYCLE REPAIR,4.6,(19),,,,,Gas Station,,,,,,9.7782207,118.7486931,https://www.google.com/maps/place/VROOM+CARWASH+%26+MOTORCYCLE+REPAIR/data=!4m7!3m6!1s0x33b56376c6875793:0xc37c24f052f7dadf!8m2!3d9.7782207!4d118.7486931!16s%2Fg%2F11b90ddfg9!19sChIJk1eHxnZjtTMR39r3UvAkfMM?authuser=0&hl=en&rclk=1,"gas station in Puerto Princesa, Palawan, Philippines",Puerto Princesa
Shell Puerto Princesa Terminal,4.6,(5),(048) 433 3339,https://wa.me/0484333339,,,Gas Station,433 3339,http://www.shell.com.ph/,,,,9.733542,118.733879,https://www.google.com/maps/place/Shell+Puerto+Princesa+Terminal/data=!4m7!3m6!1s0x33b56162fb07f643:0x8af8b38ba5c87a52!8m2!3d9.733542!4d118.733879!16s%2Fg%2F11cn6dcl6l!19sChIJQ_YH-2JhtTMRUnrIpYuz-Io?authuser=0&hl=en&rclk=1,"gas station in Puerto Princesa, Palawan, Philippines",Puerto Princesa
"Wilcon Depot (Puerto Princesa, Palawan)",4.3,(262),917 853 3377,https://wa.me/9178533377,,,Gas Station,0917 853 3377,http://shop.wilcon.com.ph/,,,,9.798537,118.7239078,"https://www.google.com/maps/place/Wilcon+Depot+%28Puerto+Princesa,+Palawan%29/data=!4m7!3m6!1s0x33b56321af430ddb:0xf32d11f2dd14ce7a!8m2!3d9.798537!4d118.7239078!16s%2Fg%2F11g8ygtnl8!19sChIJ2w1DryFjtTMRes4U3fIRLfM?authuser=0&hl=en&rclk=1","gas station in Puerto Princesa, Palawan, Philippines",Puerto Princesa
"PRYCE GASES, INC. - Sta. Lourdes Plant",5.0,(2),,,,,Gas Station,12 Sitio Mainit,,,,,9.8471422,118.7375186,"https://www.google.com/maps/place/PRYCE+GASES,+INC.+-+Sta.+Lourdes+Plant/data=!4m7!3m6!1s0x33b57d20c94f9adf:0xbee03d846df724cd!8m2!3d9.8471422!4d118.7375186!16s%2Fg%2F11sg8r1c3b!19sChIJ35pPySB9tTMRzST3bYQ94L4?authuser=0&hl=en&rclk=1","gas station in Puerto Princesa, Palawan, Philippines",Puerto Princesa
Goodyear Autocare - F & E Enterprises Inc,3.7,(33),(048) 434 1952,https://wa.me/0484341952,,,Gas Station,434 1952,https://autocare.goodyear.com.ph/goodyear-autocare-f-e-enterprises-inc-tyre-shop-san-manuel-puerto-princesa-city-361644/Home?utm_source=locator&utm_medium=googleplaces,,,,9.7687485,118.7481401,https://www.google.com/maps/place/Goodyear+Autocare+-+F+%26+E+Enterprises+Inc/data=!4m7!3m6!1s0x33b563994542a935:0x5f5ed7e763b61b7b!8m2!3d9.7687485!4d118.7481401!16s%2Fg%2F11c37k49ht!19sChIJNalCRZljtTMRexu2Y-fXXl8?authuser=0&hl=en&rclk=1,"gas station in Puerto Princesa, Palawan, Philippines",Puerto Princesa
Prycegas San Jose Sales Center,4.8,(5),919 069 5856,https://wa.me/9190695856,,,Gas Station,5 NORTH NATIONAL HIGHWAY,,,,,9.7853344,118.7487267,https://www.google.com/maps/place/Prycegas+San+Jose+Sales+Center/data=!4m7!3m6!1s0x33b56397e7d9d3bb:0xbad8c45d5ade2e8c!8m2!3d9.7853344!4d118.7487267!16s%2Fg%2F11pdmbhkl4!19sChIJu9PZ55djtTMRjC7eWl3E2Lo?authuser=0&hl=en&rclk=1,"gas station in Puerto Princesa, Palawan, Philippines",Puerto Princesa
VAPE CHECK - Main,4.8,(54),966 253 4773,https://wa.me/9662534773,,https://www.facebook.com/vapecheck,Gas Station,0966 253 4773,https://www.facebook.com/vapecheck,,,,9.7553272,118.7480371,https://www.google.com/maps/place/VAPE+CHECK+-+Main/data=!4m7!3m6!1s0x33b563946f63fa19:0x71d9f91b02b761f9!8m2!3d9.7553272!4d118.7480371!16s%2Fg%2F11c1m_71sh!19sChIJGfpjb5RjtTMR-WG3Ahv52XE?authuser=0&hl=en&rclk=1,"gas station in Puerto Princesa, Palawan, Philippines",Puerto Princesa
Rosewood Cafe,4.4,(72),966 251 7811,https://wa.me/9662517811,,,Gas Station,0966 251 7811,https://www.google.com/searchviewer/42?cvd=CLw_EicKJeICIjIgEhkiF9LX29IPEQoNL2cvMTF0ZmtqZjJibRgAOgMI8A0%3D&hl=en-PH&gl=ph&fo_m=MfohQo559jFvMUOzJVpjPL1YMfZ3bInYwBDuMfaXTPp5KXh-&utm_source=tactile&gei=P50maoaUAu_n2roP5tDNwAs&ei=P50maoaUAu_n2roP5tDNwAs&fo_s=OA&opi=79508299&ebb=1&cs=0&foub=mcpp,,,,9.7773683,118.7486947,https://www.google.com/maps/place/Rosewood+Cafe/data=!4m7!3m6!1s0x33b56357a9b349e9:0xda08163800da3df8!8m2!3d9.7773683!4d118.7486947!16s%2Fg%2F11tfkjf2bm!19sChIJ6UmzqVdjtTMR-D3aADgWCNo?authuser=0&hl=en&rclk=1,"gas station in Puerto Princesa, Palawan, Philippines",Puerto Princesa
Quicho Filling Station,4.0,(1),(048) 433 2086,https://wa.me/0484332086,,,Gas Station,433 2086,,,,,9.7520471,118.7475372,https://www.google.com/maps/place/Quicho+Filling+Station/data=!4m7!3m6!1s0x33b563eb75506521:0xb76a87cbb249a6d1!8m2!3d9.7520471!4d118.7475372!16s%2Fg%2F1hc5jx8t5!19sChIJIWVQdetjtTMR0aZJssuHarc?authuser=0&hl=en&rclk=1,"gas station in Puerto Princesa, Palawan, Philippines",Puerto Princesa
RedDoorz Plus @ Manalo Extension Road Palawan,3.6,(16),,,,,Gas Station,8248 7369,https://www.reddoorz.com/en-ph/hotel/philippines/puerto-princesa/palawan/reddoorz-plus-manalo-extension-road-palawan?utm_campaign=webclick&utm_medium=mybusiness&utm_source=google,,,,9.7350368,118.7464113,https://www.google.com/maps/place/RedDoorz+Plus+@+Manalo+Extension+Road+Palawan/data=!4m11!3m10!1s0x33b57d6edf10f8e9:0x4c83565f924a85da!5m3!1s2026-10-31!4m1!1i2!8m2!3d9.7350368!4d118.7464113!16s%2Fg%2F11j7yxmkw4!19sChIJ6fgQ3259tTMR2oVKkl9Wg0w?authuser=0&hl=en&rclk=1,"gas station in Puerto Princesa, Palawan, Philippines",Puerto Princesa
100% Cafe Moto Bar and Restaurant,4.6,(268),966 195 9802,https://wa.me/9661959802,,,Gas Station,0966 195 9802,https://cafemotohostel.com/,,,,9.7667195,118.7469137,https://www.google.com/maps/place/100%25+Cafe+Moto+Bar+and+Restaurant/data=!4m7!3m6!1s0x33b563b9e08efcb7:0xb7db8022bb2eb86c!8m2!3d9.7667195!4d118.7469137!16s%2Fg%2F11rd29d49_!19sChIJt_yO4LljtTMRbLguuyKA27c?authuser=0&hl=en&rclk=1,"gas station in Puerto Princesa, Palawan, Philippines",Puerto Princesa
103.1 Brigada News FM - Palawan,4.3,(4),929 845 8690,https://wa.me/9298458690,,,Gas Station,1 Brigada News FM,https://www.brigadanews.ph/,,,,9.7572823,118.7477764,https://www.google.com/maps/place/103.1+Brigada+News+FM+-+Palawan/data=!4m7!3m6!1s0x33b563b61fa94039:0x3aaf61207b2582c5!8m2!3d9.7572823!4d118.7477764!16s%2Fg%2F11rp3s7plk!19sChIJOUCpH7ZjtTMRxYIleyBhrzo?authuser=0&hl=en&rclk=1,"gas station in Puerto Princesa, Palawan, Philippines",Puerto Princesa
Villa Saturnina,4.4,(17),947 386 6370,https://wa.me/9473866370,,http://www.facebook.com/VillaSaturnina,Gas Station,0947 386 6370,http://www.facebook.com/VillaSaturnina,,,,9.8426245,118.7394427,https://www.google.com/maps/place/Villa+Saturnina/data=!4m7!3m6!1s0x33b57cec506a2fbd:0xa941dd7c53b38dd4!8m2!3d9.8426245!4d118.7394427!16s%2Fg%2F1262c8624!19sChIJvS9qUOx8tTMR1I2zU3zdQak?authuser=0&hl=en&rclk=1,"gas station in Puerto Princesa, Palawan, Philippines",Puerto Princesa
"Tangcalagan, San Jose, Puerto Princesa City",5.0,(2),,,,,Gas Station,,,,,,9.8237577,118.7474743,"https://www.google.com/maps/place/Tangcalagan,+San+Jose,+Puerto+Princesa+City/data=!4m7!3m6!1s0x33b57d30231e7caf:0x981f120c4e8e1ab1!8m2!3d9.8237577!4d118.7474743!16s%2Fg%2F11t8gs6_4t!19sChIJr3weIzB9tTMRsRqOTgwSH5g?authuser=0&hl=en&rclk=1","gas station in Puerto Princesa, Palawan, Philippines",Puerto Princesa
Besties Café And Bar,4.2,(12),929 437 7031,https://wa.me/9294377031,,,Gas Station,0929 437 7031,,,,,9.6876242,118.7580807,https://www.google.com/maps/place/Besties+Caf%C3%A9+And+Bar/data=!4m7!3m6!1s0x33b56151e56e02b3:0x78c5065fe397b38b!8m2!3d9.6876242!4d118.7580807!16s%2Fg%2F11lt5zm66y!19sChIJswJu5VFhtTMRi7OX418GxXg?authuser=0&hl=en&rclk=1,"gas station in Puerto Princesa, Palawan, Philippines",Puerto Princesa
ZenVille Palawan,4.3,(22),927 887 7623,https://wa.me/9278877623,,,Gas Station,0927 887 7623,,,,,9.8109935,118.7113767,https://www.google.com/maps/place/ZenVille+Palawan/data=!4m7!3m6!1s0x33b56300063897a1:0xeae91cf1011196c8!8m2!3d9.8109935!4d118.7113767!16s%2Fg%2F11yjsv0x5t!19sChIJoZc4BgBjtTMRyJYRAfEc6eo?authuser=0&hl=en&rclk=1,"gas station in Puerto Princesa, Palawan, Philippines",Puerto Princesa
Corazon Travel & Tours,3.9,(211),,,,,Tourist Information,2 Junction 1,,https://lh3.googleusercontent.com/gps-cs-s/APNQkAGc6Q0z3k6luuIxZK2DXxYHKdk8GrDJc5ladu_7IGib-oe_68Ky-lYgxF8csjnicSrWjVKIc5IqXeKhkm1lPPtfxogyrbl0M-jDrtGNCFI6RoNmAZPsPgaqRIkFmeCOjHv2u6Q=w1600-h1200-k-no,,,9.7404461,118.7441161,https://www.google.com/maps/place/Corazon+Travel+%26+Tours/data=!4m7!3m6!1s0x33b563e745a051f3:0xb97771cc33c6222d!8m2!3d9.7404461!4d118.7441161!16s%2Fg%2F11bbrh49c9!19sChIJ81GgRedjtTMRLSLGM8xxd7k?authuser=0&hl=en&rclk=1,"tourist information in Puerto Princesa, Palawan, Philippines",Puerto Princesa
Arnel Nalica,5.0,(33),,,,,Tourist Information,1 Abanico Rd,,https://lh3.googleusercontent.com/gps-cs-s/APNQkAFN8tU8uw2ccIUjj8RzPDzk67g6e2lE834Rkfb9ctR0V8RKMuMwO48RtkbCo4vkAvkez7AqbyFKAZazde4gc1ZYMltLBu_BwPp2f23hnRFc9FYf_m3qZ95vzfDTiB9vrk8UWipwDg=w1600-h1200-k-no,,,9.7583351,118.7366663,https://www.google.com/maps/place/Arnel+Nalica/data=!4m7!3m6!1s0x33b5630b94d68bb5:0x1c610c2ecab0ac70!8m2!3d9.7583351!4d118.7366663!16s%2Fg%2F11y46lvn7w!19sChIJtYvWlAtjtTMRcKywyi4MYRw?authuser=0&hl=en&rclk=1,"tourist information in Puerto Princesa, Palawan, Philippines",Puerto Princesa
Hobbai-Puerto Princesa City Tourist Information Center,3.6,(48),,,,,Tourist Information,39 Honda Bay Wharf Service Rd,,https://lh3.googleusercontent.com/gps-cs-s/APNQkAEL9BQLWrTxHALXfnx71a9Gx9oHl2mQDkYQe9hmGqkzPb9PeiBlkhKcV4dcScaVS2oFqwVDDgqautEax1xo5igHs8j9GavdPDScWbCvxBni74oYoev_s-DHgyCiB2fPx0TEbh6tEQ=w1600-h1200-k-no,,,9.8440363,118.7459257,https://www.google.com/maps/place/Hobbai-Puerto+Princesa+City+Tourist+Information+Center/data=!4m7!3m6!1s0x33b57c92891d83a7:0x7605fdacb2468d90!8m2!3d9.8440363!4d118.7459257!16s%2Fg%2F1jkwgbg7p!19sChIJp4MdiZJ8tTMRkI1Gsqz9BXY?authuser=0&hl=en&rclk=1,"tourist information in Puerto Princesa, Palawan, Philippines",Puerto Princesa
City Tourism Office,5.0,(1),,,,,Tourist Information,,,https://lh3.googleusercontent.com/gps-cs-s/APNQkAEzGH9XGJAzN1XvzKX8UQJLNQa7AphQenB1wooPdpa0Wm04GLU1IqVZfUu3oyX5kdEqs4ZD3YdGlzWEk_uCqChbpS3Fdwn3bgJdS3ZFgUrWL9K0TBY6eTph3SV4vjpxANA_UV5g=w1600-h1200-k-no,,,9.7400855,118.737453,https://www.google.com/maps/place/City+Tourism+Office/data=!4m7!3m6!1s0x33b5633efb7df7bb:0x3ebadcce54bcf168!8m2!3d9.7400855!4d118.737453!16s%2Fg%2F11gy1kkjmr!19sChIJu_d9-z5jtTMRaPG8VM7cuj4?authuser=0&hl=en&rclk=1,"tourist information in Puerto Princesa, Palawan, Philippines",Puerto Princesa
Immaculate Conception Cathedral,4.6,"(1,182)",,,,,Tourist Information,58 Rizal AvenueBright church with a Virgin Mary statue,,https://lh3.googleusercontent.com/gps-cs-s/APNQkAFnGPF8SlMP47lHVsFrpralSqwqpDstmmTLGbdWr0DX0pPezuUsM1DBs_qLCDclvXSWLgDZ17926RWj-lRSvNpsM1GBWNOHFCWfDCXaONH8YpaKXx6VCrX4CaR-_J4iZkKw0EMGnw=w1600-h1200-k-no,,,9.7403713,118.7300839,https://www.google.com/maps/place/Immaculate+Conception+Cathedral/data=!4m7!3m6!1s0x33b563d7489e1953:0x7475fe9ec2b02218!8m2!3d9.7403713!4d118.7300839!16s%2Fg%2F1td1gj9s!19sChIJUxmeSNdjtTMRGCKwwp7-dXQ?authuser=0&hl=en&rclk=1,"tourist information in Puerto Princesa, Palawan, Philippines",Puerto Princesa
Cowrie Island,4.5,(240),,,,,Tourist Information,,,https://lh3.googleusercontent.com/gps-cs-s/APNQkAF5xmuH7EMWhSXiB6uUoxogLvcKok4zjOYQlZk_o7pifLgxI2uDlscB2N6LsPzTPlfTbvpkK1cyE-FkbIgWazFFnqKfCjtf8JYO6f443VN4oMfAIef7drOOy8EqeWM-CyR_BbIYe39ZXp-h=w1600-h1200-k-no,,,9.8398416,118.768134,https://www.google.com/maps/place/Cowrie+Island/data=!4m7!3m6!1s0x33b57b9b50fdcacd:0x912f8e86342706be!8m2!3d9.8398416!4d118.768134!16s%2Fg%2F11h97m89nt!19sChIJzcr9UJt7tTMRvgYnNIaOL5E?authuser=0&hl=en&rclk=1,"tourist information in Puerto Princesa, Palawan, Philippines",Puerto Princesa
Baywalk Christmas Tree,4.4,(581),,,,,Tourist Information,,,https://lh3.googleusercontent.com/gps-cs-s/APNQkAHMH9KGoy5_zQ5orGPXuHbgUXP6BsdIsTOrL9VvMoS4hcM2MtU09WFLyaYVnh1EYDaEzI-5oTLHq4gxfXgTADSetAfqR6TvxElNrXUnTVVUF57y7rZw2OoGBAzbgZIRwxjmqaSxWw=w1600-h1200-k-no,,,9.743912,118.7326903,https://www.google.com/maps/place/Baywalk+Christmas+Tree/data=!4m7!3m6!1s0x33b563df5766548f:0x49ee304b1c3e51d3!8m2!3d9.743912!4d118.7326903!16s%2Fg%2F11qphhgklc!19sChIJj1RmV99jtTMR01E-HEsw7kk?authuser=0&hl=en&rclk=1,"tourist information in Puerto Princesa, Palawan, Philippines",Puerto Princesa
Balayong People's Park - Watch Tower,4.5,(82),,,,,Tourist Information,,,https://lh3.googleusercontent.com/gps-cs-s/APNQkAEiTkSfpjpgciVVnFm_cx4GI2XO5nCP1BeyoTfCFxTb1NqBCgF4OwV5dJw_-9_eoBTp3q1uQksnWXyHmG3vVvKi2g5bZtzeVU2XH-em8xjp6-EgoNAvFZP8iaRWZeBEIYRq061KBYXwjv8=w1600-h1200-k-no,,,9.7838108,118.7346406,https://www.google.com/maps/place/Balayong+People%27s+Park+-+Watch+Tower/data=!4m7!3m6!1s0x33b563fc35cb45f3:0xc7665675dde24a93!8m2!3d9.7838108!4d118.7346406!16s%2Fg%2F11smdphhmw!19sChIJ80XLNfxjtTMRk0ri3XVWZsc?authuser=0&hl=en&rclk=1,"tourist information in Puerto Princesa, Palawan, Philippines",Puerto Princesa
Puerto Princesa City - Office of the City Information,5.0,(1),,,,,Tourist Information,118 Ground Floor,,https://streetviewpixels-pa.googleapis.com/v1/thumbnail?panoid=koM0tczlCbj3ot7Zveivhg&cb_client=search.gws-prod.gps&w=80&h=92&yaw=21.323917&pitch=0&thumbfov=100,,,9.7834035,118.731924,https://www.google.com/maps/place/Puerto+Princesa+City+-+Office+of+the+City+Information/data=!4m7!3m6!1s0x33b5630f78d750bf:0xcdcfbb375539ce01!8m2!3d9.7834035!4d118.731924!16s%2Fg%2F1pzr50g02!19sChIJv1DXeA9jtTMRAc45VTe7z80?authuser=0&hl=en&rclk=1,"tourist information in Puerto Princesa, Palawan, Philippines",Puerto Princesa
PALAWAN,4.6,(327),,,,,Tourist Information,,,https://lh3.googleusercontent.com/gps-cs-s/APNQkAHcOdxTrDXxAZdeREJ04sZzOrfOfyLIKEWh3xnBL2-d0OHQQTMu43BmvqsKYpri5XtFKLI_ubAaqlWPXYTkjRYW5lzyB_touL4_CmVQPPz7EixIudw8YZ7ErEj4QSNpnGrOm0l4vA=w1600-h1200-k-no,,,9.7383167,118.7438487,https://www.google.com/maps/place/PALAWAN/data=!4m7!3m6!1s0x33b563e0978726ed:0x33bb361997718a0f!8m2!3d9.7383167!4d118.7438487!16s%2Fg%2F11cmm7n09g!19sChIJ7SaHl-BjtTMRD4pxlxk2uzM?authuser=0&hl=en&rclk=1,"tourist information in Puerto Princesa, Palawan, Philippines",Puerto Princesa
Puerto Princesa Subterranean River National Park Main Office,4.6,(39),,,,,Tourist Information,,,https://lh3.googleusercontent.com/gps-cs-s/APNQkAFaar5WjS88AaOPZoUf1sbvbmmKpIRuIMU3E_o787eMSvVxl5HFrk3TL6pwpgb14fMkz-REuU50Im85bseRgDqyTaej1J8qQIgNg_j9e1J5Krvie63ZQ_7g8zHBKhWA1LS2VaEqpw=w1600-h1200-k-no,,,9.7400898,118.7374516,https://www.google.com/maps/place/Puerto+Princesa+Subterranean+River+National+Park+Main+Office/data=!4m7!3m6!1s0x33b5632c9f9e6abf:0x232760f76ef633ab!8m2!3d9.7400898!4d118.7374516!16s%2Fg%2F11hzpl11r7!19sChIJv2qenyxjtTMRqzP2bvdgJyM?authuser=0&hl=en&rclk=1,"tourist information in Puerto Princesa, Palawan, Philippines",Puerto Princesa
Palawan Wildlife Rescue and Conservation Center (Crocodile Farm),4.1,"(2,679)",,,,,Tourist Information,15 mins,,https://lh3.googleusercontent.com/gps-cs-s/APNQkAFaziZ1cljQEre96G-QLtia0HrGJRJO1_1fkaQSeriOWLt2r6Mwvpw_SUrB7gUpPLzz7rvpLpFc_h__v2QkOAzE6LqFQsfK3hiSs3jHqSW-ecbvzV6zX2iOy2TZoDH_E2CGh9MBwjg6Nmts=w1600-h1200-k-no,,,9.799447,118.6937661,https://www.google.com/maps/place/Palawan+Wildlife+Rescue+and+Conservation+Center+%28Crocodile+Farm%29/data=!4m7!3m6!1s0x33b5629567b1b68f:0x8de8a5031032b757!8m2!3d9.799447!4d118.6937661!16s%2Fg%2F12cp4dsdv!19sChIJj7axZ5VitTMRV7cyEAOl6I0?authuser=0&hl=en&rclk=1,"tourist information in Puerto Princesa, Palawan, Philippines",Puerto Princesa
Palawan Butterfly Ecological Garden and Tribal Village,4.3,"(1,801)",,,,,Tourist Information,60 pesos,,https://lh3.googleusercontent.com/gps-cs-s/APNQkAFnKES8MaJ6bre5HXhqTz53Ih0bg_rUAu_-KExs1viUQyhnaoTLaSZ1KnlKbCGZkjhXLZIyKwIDDyVHTp80aZcCEZdlSqiLwVOfCMbZYFdR_GmNskMHJqmQKS_0h-utFCbcfk-m=w1600-h1200-k-no,,,9.795154,118.732375,https://www.google.com/maps/place/Palawan+Butterfly+Ecological+Garden+and+Tribal+Village/data=!4m7!3m6!1s0x33b5631799affd2f:0xe6cd5ee77e7d6b3!8m2!3d9.795154!4d118.732375!16s%2Fg%2F11bzrptf8s!19sChIJL_2vmRdjtTMRs9bnd-7VbA4?authuser=0&hl=en&rclk=1,"tourist information in Puerto Princesa, Palawan, Philippines",Puerto Princesa
Mitra's Ranch,4.2,"(1,352)",,,,,Tourist Information,20 pesos entrance fee,,https://lh3.googleusercontent.com/gps-cs-s/APNQkAHj3X3PZinq3g6TAM3SOh8h1ae1BtwHfyurexa2Q4YkrWjlGPBrglXhqOajDdNcSrhDOR0z0k4Yhnx3ylLYWUDJW031GXOp5icp38Wb3zMN-00FZRpMXhhKLXot7wM3n3dTiSFwlw=w1600-h1200-k-no,,,9.8115885,118.7353438,https://www.google.com/maps/place/Mitra%27s+Ranch/data=!4m7!3m6!1s0x33b56333c46b3611:0xfaf1e55eb995c8f4!8m2!3d9.8115885!4d118.7353438!16s%2Fg%2F1tj93z62!19sChIJETZrxDNjtTMR9MiVuV7l8fo?authuser=0&hl=en&rclk=1,"tourist information in Puerto Princesa, Palawan, Philippines",Puerto Princesa
𝗧𝗥𝗜𝗣𝗣𝗔𝗥𝗧𝗡𝗘𝗥 𝗧𝗥𝗔𝗩𝗘𝗟 𝗔𝗡𝗗 𝗧𝗢𝗨𝗥𝗦 “Your Partner to Palawan’s Best Travel Destinations”,5.0,(11),,,,,Tourist Information,,,https://lh3.googleusercontent.com/gps-cs-s/APNQkAF6C7B4lHyCAH_4IN4WAtw20XP5VXoF0AfUaAhyHdDt_aUhckXCpBaKEn4-P_9JvqDYlu1a1fqLASxEcptNffY7iBWEarlo7gGZdHl9B6NBg8Vorv-iZHtygb6Zw7cv1CWCv6fQ=w1600-h1200-k-no,,,9.7500291,118.7601264,https://www.google.com/maps/place/%F0%9D%97%A7%F0%9D%97%A5%F0%9D%97%9C%F0%9D%97%A3%F0%9D%97%A3%F0%9D%97%94%F0%9D%97%A5%F0%9D%97%A7%F0%9D%97%A1%F0%9D%97%98%F0%9D%97%A5+%F0%9D%97%A7%F0%9D%97%A5%F0%9D%97%94%F0%9D%97%A9%F0%9D%97%98%F0%9D%97%9F+%F0%9D%97%94%F0%9D%97%A1%F0%9D%97%97+%F0%9D%97%A7%F0%9D%97%A2%F0%9D%97%A8%F0%9D%97%A5%F0%9D%97%A6+%E2%80%9CYour+Partner+to+Palawan%E2%80%99s+Best+Travel+Destinations%E2%80%9D/data=!4m7!3m6!1s0x33b56358f62dd425:0xb2e515cb29a2bd57!8m2!3d9.7500291!4d118.7601264!16s%2Fg%2F11r8hgcrp5!19sChIJJdQt9lhjtTMRV72iKcsV5bI?authuser=0&hl=en&rclk=1,"tourist information in Puerto Princesa, Palawan, Philippines",Puerto Princesa
Mendoza Park,4.2,"(1,143)",,,,,Tourist Information,18 Heginio,,https://lh3.googleusercontent.com/gps-cs-s/APNQkAFSXX302VpfC4aeW4rmU9MEb1TMFXMmfp3uoiejQrnhVjbPOOwniub5fHGCY_QXOvEZtY7unQVt29vctgCQ5uIUXPf6pxz8OTpYhS2WBANJHtZ5Gnhr-iL7rPq1J1ge=w1600-h1200-k-no,,,9.7400001,118.7370678,https://www.google.com/maps/place/Mendoza+Park/data=!4m7!3m6!1s0x33b563d953b7ef49:0x420c34a112f31907!8m2!3d9.7400001!4d118.7370678!16s%2Fg%2F1vpq4d9r!19sChIJSe-3U9ljtTMRBxnzEqE0DEI?authuser=0&hl=en&rclk=1,"tourist information in Puerto Princesa, Palawan, Philippines",Puerto Princesa
Luli Island,4.3,"(1,029)",,,,,Tourist Information,,,https://lh3.googleusercontent.com/gps-cs-s/APNQkAF6U4VnX2usIexPkZj79ky-RNZK8ravb3HnLUGUlYCeBqi0TFxbgko_Buaw_dxZ-LZc_XeckLSabp3R8v1Nm4_vtP5fm95vrxNESMSmMMR9bK1yNobnbQLwA7pPb3xTA92mTUoV=w1600-h1200-k-no,,,9.8737369,118.7669578,https://www.google.com/maps/place/Luli+Island/data=!4m7!3m6!1s0x33b57bf55ba593b1:0x1b9116fc18b6268a!8m2!3d9.8737369!4d118.7669578!16s%2Fg%2F11c5bm13c1!19sChIJsZOlW_V7tTMRiia2GPwWkRs?authuser=0&hl=en&rclk=1,"tourist information in Puerto Princesa, Palawan, Philippines",Puerto Princesa
Meeting Spot - Travel and Tour Palawan,5.0,(7),,,,,Tourist Information,7 Mercado de San Miguel San Miguel PUERTO PRINCESA CITY,,https://lh3.googleusercontent.com/gps-cs-s/APNQkAG_eIXRxTTf0kI-kG6ah09ecM2Gr1J2R4lddXxMjOijZCaWumRlvHw5ieiGzaBP8_WZMx8xIWlDwwS523AZWBbJDDiMxb4ryf5j-2aYAoj3N5Uruml_5enkmgpDj_tTXHbmyhIS0Q=w1600-h1200-k-no,,,9.747522,118.7470768,https://www.google.com/maps/place/Meeting+Spot+-+Travel+and+Tour+Palawan/data=!4m7!3m6!1s0x33b563aed4ab1455:0x7faa7e3cd36d2fe6!8m2!3d9.747522!4d118.7470768!16s%2Fg%2F11vb3lgmgb!19sChIJVRSr1K5jtTMR5i9t0zx-qn8?authuser=0&hl=en&rclk=1,"tourist information in Puerto Princesa, Palawan, Philippines",Puerto Princesa
Palawan Museum,4.0,(169),,,,,Tourist Information,,,https://lh3.googleusercontent.com/gps-cs-s/APNQkAFNE_5SCmU16efALjja7FWu7_sHgkDFobl3JjBvvZMkua98aNAOd0n-hNqHYr81JpH6OHcOhE_gnsVWrjCFUTU9MgF_mFS0xPUz3Wbz2XGH0JTobERwRIUFZMG-L9OpxJ9n9hByuA=w1600-h1200-k-no,,,9.7396327,118.7369784,https://www.google.com/maps/place/Palawan+Museum/data=!4m7!3m6!1s0x33b563d94ce2e387:0x3bd5177e9bd5b9e9!8m2!3d9.7396327!4d118.7369784!16s%2Fg%2F11r8xsc55!19sChIJh-PiTNljtTMR6bnVm34X1Ts?authuser=0&hl=en&rclk=1,"tourist information in Puerto Princesa, Palawan, Philippines",Puerto Princesa
KALOKAIRI TRAVEL AND TOURS,3.8,(20),,,,,Tourist Information,,,https://lh3.googleusercontent.com/gps-cs-s/APNQkAG1NjQBRnrrLOYnRoYUCWFm9rhdLrXOm8rGPmZ9QTj4YZQqaq-KgaBpyYzYiBpNV0d3LxvR-bS8xoJQcdFrT62cllZnuwEGZqiJeUI7g03e-z9NJBESmNgTgcQwnSrHj6l6XCP4=w1600-h1200-k-no,,,9.7469874,118.7474125,https://www.google.com/maps/place/KALOKAIRI+TRAVEL+AND+TOURS/data=!4m7!3m6!1s0x33b563ddda7a2d1f:0x90ff1a0eefbbe3c!8m2!3d9.7469874!4d118.7474125!16s%2Fg%2F1pzv8t83p!19sChIJHy162t1jtTMRPL777qDxDwk?authuser=0&hl=en&rclk=1,"tourist information in Puerto Princesa, Palawan, Philippines",Puerto Princesa
CLARK KENT Travel and Tours & Ticketing Services,4.7,(47),,,,,Tourist Information,,,https://lh3.googleusercontent.com/gps-cs-s/APNQkAEPU381n2F7XzShOBoZmQf1CfQPC72ytX4zalW8BILM0oMVce3wXtEpQ-xj1urGdPNxjxoEQBx8qedktWbKqfBkOWgedlhiz5Sk7MjCFRwSKx92oCnnM-ScyMLgDcwPHLVWtqIC=w1600-h1200-k-no,,,9.7351932,118.7481814,https://www.google.com/maps/place/CLARK+KENT+Travel+and+Tours+%26+Ticketing+Services/data=!4m7!3m6!1s0x33b56785755e0f45:0x777937a5083dd0c0!8m2!3d9.7351932!4d118.7481814!16s%2Fg%2F11fn9vmq8k!19sChIJRQ9edYVntTMRwNA9CKU3eXc?authuser=0&hl=en&rclk=1,"tourist information in Puerto Princesa, Palawan, Philippines",Puerto Princesa
Dive Puerto Princesa Dive Center,4.7,(88),,,,,Tourist Information,,,https://lh3.googleusercontent.com/gps-cs-s/APNQkAGHLiIjnAAefPRD39dCz9TlVSPaDM9Pw4Wk6y_qMLg1J_dwK5osFiQ_Otk7V4NqKPVpGQtCwkTO0XL7X3uq_KHHW1y7nfk089vzZJChBKMLiCEQAyYpL9zLa3pBSo2Nvwm9E3dfTQ=w1600-h1200-k-no,,,9.7355438,118.7566057,https://www.google.com/maps/place/Dive+Puerto+Princesa+Dive+Center/data=!4m7!3m6!1s0x33b56387bd525af7:0x49292b8061aad4d9!8m2!3d9.7355438!4d118.7566057!16s%2Fg%2F11btwk3_ys!19sChIJ91pSvYdjtTMR2dSqYYArKUk?authuser=0&hl=en&rclk=1,"tourist information in Puerto Princesa, Palawan, Philippines",Puerto Princesa
World Holiday Travel and Tours Puerto Princesa Tours -Palawan,3.6,(5),,,,,Tourist Information,,,https://lh3.googleusercontent.com/gps-cs-s/APNQkAFASR1S1Rtup6eROwXGPht0jFuu20MPulGvRR6nYkLMHDMLGAY7Eh1xLv6DAcIA5HU6OWQFRhHk7oFuJFtAmuQoiFFxLZTkcLtwv1ydqorRegcbn_9dUV69ZtM9NRDwrMWtYki_=w1600-h1200-k-no,,,9.7373373,118.7645847,https://www.google.com/maps/place/World+Holiday+Travel+and+Tours+Puerto+Princesa+Tours+-Palawan/data=!4m7!3m6!1s0x33b563ff3ddb9e7f:0x2cca1ede5c542e3a!8m2!3d9.7373373!4d118.7645847!16s%2Fg%2F1hc5gg4sv!19sChIJf57bPf9jtTMROi5UXN4eyiw?authuser=0&hl=en&rclk=1,"tourist information in Puerto Princesa, Palawan, Philippines",Puerto Princesa
The Pride Land at The Funny Lion Puerto Princesa,4.3,(4),,,,,Tourist Information,,,https://lh3.googleusercontent.com/gps-cs-s/APNQkAGSKyipRXQf9ij_UMaLFthomu-wxz8_2JN690-t_jFnGdIlTe6t6Ga7gP3Y3Vf1r18NXag-ZtYMIKL4qhRVhN0LF3ujDsbmaQXm5oFuqiZVkRR6k8wYksmpIMBeVFZHPmIDhjm5fg=w1600-h1200-k-no,,,9.750776,118.777228,https://www.google.com/maps/place/The+Pride+Land+at+The+Funny+Lion+Puerto+Princesa/data=!4m7!3m6!1s0x33b56500758ca65f:0x6265108442dac3bb!8m2!3d9.750776!4d118.777228!16s%2Fg%2F11vzhrlnr_!19sChIJX6aMdQBltTMRu8PaQoQQZWI?authuser=0&hl=en&rclk=1,"tourist information in Puerto Princesa, Palawan, Philippines",Puerto Princesa
Sta. Monica Parish Puerto Princesa City Palawan,4.5,(124),,,,,Tourist Information,,,https://lh3.googleusercontent.com/gps-cs-s/APNQkAGtyvouewkns1SVOv1OfSEjHglgnDRk-8iKMkNvdwBvTUUnO5l7A3o1_GOJjmcnCMfVtvT9zKrQ2xKU1IHzcfxqhCU1eNR6ct2NtmF3IZjXMZRsXDVrS-O-Iy2pPk6UhR3cYXQ=w1600-h1200-k-no,,,9.7927682,118.7367447,https://www.google.com/maps/place/Sta.+Monica+Parish+Puerto+Princesa+City+Palawan/data=!4m7!3m6!1s0x33b5631689ab4bad:0x4983ab4318ecbe37!8m2!3d9.7927682!4d118.7367447!16s%2Fg%2F1tff546z!19sChIJrUuriRZjtTMRN77sGEOrg0k?authuser=0&hl=en&rclk=1,"tourist information in Puerto Princesa, Palawan, Philippines",Puerto Princesa
Olangoan Waterfalls,3.9,(13),,,,,Tourist Information,72 km,,https://lh3.googleusercontent.com/gps-cs-s/APNQkAFnKL1pGElLyAvD-m3M7PGgjOfhhcJRgfcbPqGJnXZzbjfgyP8rFwErlkmZMjDb6lXRxGLGjSmQtLgRHL4CRKO7dUcmjZiaQ9ooBWC3Raexr3UVtLadtTrd6bSX2i8MUwB9thiH=w1600-h1200-k-no,,,9.7638429,118.7473298,https://www.google.com/maps/place/Olangoan+Waterfalls/data=!4m7!3m6!1s0x33b5a1fe6a9ff2fb:0xca58aa72e9d61075!8m2!3d9.7638429!4d118.7473298!16s%2Fg%2F11dzdh7vt7!19sChIJ-_Kfav6htTMRdRDW6XKqWMo?authuser=0&hl=en&rclk=1,"tourist information in Puerto Princesa, Palawan, Philippines",Puerto Princesa
Book-N-Go Travel & Tours Palawan,4.5,(2),,,,,Tourist Information,,,https://lh3.googleusercontent.com/gps-cs-s/APNQkAHpujp1hu-_rjQrZ8SnuFdOWxbeQGMenv7jfkERlrGiGZ1qW3ivcLNoLnDv96-BJ1GIJxL_twOXE4xlPXJN5ZwbzDoo__vZYdcPTzU4DS78fCiDuM1QgsYmNmgSum5j7K00KOSQAA=w1600-h1200-k-no,,,9.7890973,118.7304918,https://www.google.com/maps/place/Book-N-Go+Travel+%26+Tours+Palawan/data=!4m7!3m6!1s0x33b563e49727a3d9:0x90e50a2724c264e6!8m2!3d9.7890973!4d118.7304918!16s%2Fg%2F11s643dwhw!19sChIJ2aMnl-RjtTMR5mTCJCcK5ZA?authuser=0&hl=en&rclk=1,"tourist information in Puerto Princesa, Palawan, Philippines",Puerto Princesa
Whistler travel and tour,4.9,(14),,,,,Tourist Information,,,https://lh3.googleusercontent.com/gps-cs-s/APNQkAGnIhjOiDcWnJwhE0a4aeRqEfLD3ruNnSN8tebhmGL30__WHpuiv49pByECDJf-KGVoTeZBPrKwbgPhekBYSeZ7gVh8HZ8kJyA3VapOpyOX1wVBR6mFL01aVYDVyJpkJMwg9h1kKw=w1600-h1200-k-no,,,9.738904,118.7631731,https://www.google.com/maps/place/Whistler+travel+and+tour/data=!4m7!3m6!1s0x33b56333033c452f:0x41b54d6239d3089d!8m2!3d9.738904!4d118.7631731!16s%2Fg%2F11ktb64n4b!19sChIJL0U8AzNjtTMRnQjTOWJNtUE?authuser=0&hl=en&rclk=1,"tourist information in Puerto Princesa, Palawan, Philippines",Puerto Princesa
Johana Travel and Tours and Palawan Ticketing Services,5.0,(4),,,,,Tourist Information,,,https://lh3.googleusercontent.com/gps-cs-s/APNQkAHDIca_r25uDDc12_t8wi8YzfVKFf7TYrDTeegtm-5f5ivtS2OenrLs-RxX5C8U6wv4PyezTol-nU4au1utVw5lXbTrhbJ1lN2wE7Aklb247a0f1mYUNXqIKdb_dCOpiO1xgMJq=w1600-h1200-k-no,,,9.7809205,118.7452321,https://www.google.com/maps/place/Johana+Travel+and+Tours+and+Palawan+Ticketing+Services/data=!4m7!3m6!1s0x33b563a61623abd3:0x654113e18231ee73!8m2!3d9.7809205!4d118.7452321!16s%2Fg%2F11t6y0y2yy!19sChIJ06sjFqZjtTMRc-4xguETQWU?authuser=0&hl=en&rclk=1,"tourist information in Puerto Princesa, Palawan, Philippines",Puerto Princesa
"Corazon Tourist Inn, Puerto Princesa",4.0,(116),,,,,Tourist Information,,,https://lh3.googleusercontent.com/gps-cs-s/APNQkAEoeg2Y_pVlKKF9dSg5vmh-ffjAu-6sBuIsMScM_XqP9YkMEvtHkTJQI1mKu-KwHHDxPPn5AMxJyB7TazIMXWLJqDE-bbdoZLbB21B2kqRTINbE4wjPPbQ1jgIMhQaK6h2K2dbtTw=w1600-h1200-k-no,,,9.7406385,118.7442816,"https://www.google.com/maps/place/Corazon+Tourist+Inn,+Puerto+Princesa/data=!4m11!3m10!1s0x33b563e74e55ddd7:0x63049958a392ccdb!5m3!1s2026-10-31!4m1!1i2!8m2!3d9.7406385!4d118.7442816!16s%2Fg%2F12h_d__hf!19sChIJ191VTudjtTMR28ySo1iZBGM?authuser=0&hl=en&rclk=1","tourist information in Puerto Princesa, Palawan, Philippines",Puerto Princesa
Palawander Travel and Tours,3.5,(13),,,,,Tourist Information,,,https://lh3.googleusercontent.com/gps-cs-s/APNQkAE5o_6hLAbSIYoPTi6YSuy3Jl5GSdsXFrWabaPbHVaivss3GxAeWXsmigJIxKiqzbKbd3x-LOg3V-ehomnRD37OkAAGy_Vcipx6LbvOCP4mnR2CY6ZOl54scG95wIN8N3Xv3LTT2w=w1600-h1200-k-no,,,9.7332451,118.7482156,https://www.google.com/maps/place/Palawander+Travel+and+Tours/data=!4m7!3m6!1s0x33b56137275b88e9:0x2cfd2fed6ae52056!8m2!3d9.7332451!4d118.7482156!16s%2Fg%2F11sckd4cqr!19sChIJ6YhbJzdhtTMRViDlau0v_Sw?authuser=0&hl=en&rclk=1,"tourist information in Puerto Princesa, Palawan, Philippines",Puerto Princesa
Pambato Reef,4.3,(51),,,,,Tourist Information,,,https://lh3.googleusercontent.com/gps-cs-s/APNQkAEBDN49l53FH038jKw_OY5WOsjWda2G3HbE97dwJXNR6bxluVs-BYPvJSdouPq_4qOr3UTGEmoOREJtMA7WaxmAN68flDv0aCWRumU38Wgp_UCh_oPgEoq2qN_DtWsZNFdD19n-Giy7iJ0M=w1600-h1200-k-no,,,9.8789784,118.7612792,https://www.google.com/maps/place/Pambato+Reef/data=!4m7!3m6!1s0x33b57d9cc2ff53a5:0x80e3bd8a00ee319c!8m2!3d9.8789784!4d118.7612792!16s%2Fg%2F11kpkv_j_l!19sChIJpVP_wpx9tTMRnDHuAIq944A?authuser=0&hl=en&rclk=1,"tourist information in Puerto Princesa, Palawan, Philippines",Puerto Princesa
Ultimate Adventure Palawan Travel & Tours,5.0,(2),,,,,Tourist Information,,,https://lh3.googleusercontent.com/gps-cs-s/APNQkAHOAxlQTgRtIgI7jTeI7138Yh7gIaiIzjQCJ_pObk1QXNFA8riMugYevSspqQX3RURvNw8tvD_0OxmxcYXD95awcZYhl5k-2fsrsLalYewYhVfOCY9MXCN9O2XJZOGCkQp_uVU4ew=w1600-h1200-k-no,,,9.7645633,118.7509503,https://www.google.com/maps/place/Ultimate+Adventure+Palawan+Travel+%26+Tours/data=!4m7!3m6!1s0x33b563dbff41d57b:0x95d3f1b66b8deecf!8m2!3d9.7645633!4d118.7509503!16s%2Fg%2F1hc3q5043!19sChIJe9VB_9tjtTMRz-6Na7bx05U?authuser=0&hl=en&rclk=1,"tourist information in Puerto Princesa, Palawan, Philippines",Puerto Princesa
Palawan Special Battalion WW-II Memorial Museum,4.3,(295),,,,,Tourist Information,506 Rizal Avenue,,https://lh3.googleusercontent.com/gps-cs-s/APNQkAEpq4CwhN-PzKnLccvGOpjdYB1Ol_biwp31qePT852Z9zfEPlvUY2iw_OrBOjctOtTgfDY9KdwreCRBP1NKf1Ki7U5wPSAiMCqNUTYL4a5O0RUDZPty9hn1Ltu5eyxI_bzZNsPR3w=w1600-h1200-k-no,,,9.7391239,118.7664636,https://www.google.com/maps/place/Palawan+Special+Battalion+WW-II+Memorial+Museum/data=!4m7!3m6!1s0x33b564076009e1e3:0x61c01dee3d67168b!8m2!3d9.7391239!4d118.7664636!16s%2Fg%2F11byxfs5z6!19sChIJ4-EJYAdktTMRixZnPe4dwGE?authuser=0&hl=en&rclk=1,"tourist information in Puerto Princesa, Palawan, Philippines",Puerto Princesa
Gintong Butil Agrifarm,4.8,(34),,,,,Tourist Information,,,https://lh3.googleusercontent.com/gps-cs-s/APNQkAEmOq1RnpT0WEqLPMB0n2tETIm60zZpBnJfV3vg6YqwDXA11GnmgSda9-Fkld70nHB1M5ZEfU3V7K8tZzVblhjXaP-7GYL8OR9qtN05zWHa-bk8XKLbX7WquYL5U1WDVIXANIfd=w1600-h1200-k-no,,,9.6918931,118.6974146,https://www.google.com/maps/place/Gintong+Butil+Agrifarm/data=!4m7!3m6!1s0x33b56142322b961d:0x2a31589332fae8f7!8m2!3d9.6918931!4d118.6974146!16s%2Fg%2F11s9d7s6rx!19sChIJHZYrMkJhtTMR9-j6MpNYMSo?authuser=0&hl=en&rclk=1,"tourist information in Puerto Princesa, Palawan, Philippines",Puerto Princesa
4C's Tourist Lodge Palawan,4.6,(35),,,,,Tourist Information,,,https://lh3.googleusercontent.com/gps-cs-s/APNQkAH1U_YJaLuGxMamN_I3vT6ahGGgDPhLtUyCvo1PpMr6u7hdEmlzs5GiNfjGwsm3Ol_eoCnCucpIX8uR-1QuRqCYu-jV9t5fJm_D2nREqV1qjaXdFLU3kNr9KOiyobdn4Hkitfo=w1600-h1200-k-no,,,9.7430599,118.7427539,https://www.google.com/maps/place/4C%27s+Tourist+Lodge+Palawan/data=!4m11!3m10!1s0x33b563dd7b9024ab:0xa7817ccf3982eb15!5m3!1s2026-10-31!4m1!1i2!8m2!3d9.7430599!4d118.7427539!16s%2Fg%2F11f4wtmmx6!19sChIJqySQe91jtTMRFeuCOc98gac?authuser=0&hl=en&rclk=1,"tourist information in Puerto Princesa, Palawan, Philippines",Puerto Princesa
FEA TOURIST INN,4.0,(49),,,,,Tourist Information,,,https://lh3.googleusercontent.com/gps-cs-s/APNQkAGzmlprjqFvD4WFCuqZekRQdq3XOmBc0JvcCzCymCATQf22LI1dOHTvOOsYyWBqQ7icwyT0O7qGu2Z-rUSy5IK-6WoeVBI6vg_uQ1H2oSvTTeGwis4slIzNsmVM4KcLStzc8Pxu=w1600-h1200-k-no,,,9.7483159,118.7402431,https://www.google.com/maps/place/FEA+TOURIST+INN/data=!4m11!3m10!1s0x33b563c24d446b2f:0x84665095d815b9e6!5m3!1s2026-10-31!4m1!1i2!8m2!3d9.7483159!4d118.7402431!16s%2Fg%2F11cn5cz9ml!19sChIJL2tETcJjtTMR5rkV2JVQZoQ?authuser=0&hl=en&rclk=1,"tourist information in Puerto Princesa, Palawan, Philippines",Puerto Princesa
Let's Dive Palawan,4.9,(233),,,,,Tourist Information,350 Rizal Avenue,,https://lh3.googleusercontent.com/gps-cs-s/APNQkAFektL_JFBsHUMCDFVD4N-5mNkAdgZImmk16KBYdXCIJdZL5ZcWa6vJHpSSpjOPhpNykej5mvrrJyIXwTOEMs3pTYJZJivBf73kV-6xwnI0aniHA43qdl-Avj6-_JXRMtHZxJpX=w1600-h1200-k-no,,,9.7395464,118.7464323,https://www.google.com/maps/place/Let%27s+Dive+Palawan/data=!4m7!3m6!1s0x33b563dde18777b1:0x969c54f4c8cb4997!8m2!3d9.7395464!4d118.7464323!16s%2Fg%2F11clszk64q!19sChIJsXeH4d1jtTMRl0nLyPRUnJY?authuser=0&hl=en&rclk=1,"tourist information in Puerto Princesa, Palawan, Philippines",Puerto Princesa
Palajuan Travel and Tours,4.3,(11),,,,,Tourist Information,,,https://lh3.googleusercontent.com/gps-cs-s/APNQkAFdDNVCWnagEkelzhRWBdIOiVYA6JgHeNsf_qyUltcvp68uZ-baTY0WzFVm9zT1Er_htuTzCV_qrfwpiV-vxDzLoC1pjjK7nAac62v4DztOteEWrrB4M00AZ6y4T51RO6kcgxlR2XOzpcHP=w1600-h1200-k-no,,,9.788703,118.7313757,https://www.google.com/maps/place/Palajuan+Travel+and+Tours/data=!4m7!3m6!1s0x33b5634e8546255d:0x1757cae6c28bb06f!8m2!3d9.788703!4d118.7313757!16s%2Fg%2F11vbs8l0b3!19sChIJXSVGhU5jtTMRb7CLwubKVxc?authuser=0&hl=en&rclk=1,"tourist information in Puerto Princesa, Palawan, Philippines",Puerto Princesa
MARIBETH TRAVELS SERVICES,5.0,(13),,,,,Tourist Information,,,https://lh3.googleusercontent.com/gps-cs-s/APNQkAECFelaFUW5yK0vI2OXPuMFBrFRL2eqxTQIWuwo47BngCn0vMM3cIbvdXMlbqoWHXe6GLRCuBJ7QxVcNgQHfON_OSXSCESQNRtQcFOKUDTrDzomxvHiGHNzTuUPQzjBT3lAu3YvuronlgQ=w1600-h1200-k-no,,,9.7416523,118.7384451,https://www.google.com/maps/place/MARIBETH+TRAVELS+SERVICES/data=!4m7!3m6!1s0x33b5635b6bd6d3ed:0xccaa6fec05a65497!8m2!3d9.7416523!4d118.7384451!16s%2Fg%2F11j09yy0s_!19sChIJ7dPWa1tjtTMRl1SmBexvqsw?authuser=0&hl=en&rclk=1,"tourist information in Puerto Princesa, Palawan, Philippines",Puerto Princesa
Trippy Travel & Tours,5.0,(3),,,,,Tourist Information,,,https://lh3.googleusercontent.com/gps-cs-s/APNQkAGtoeZIHGge0KQmfZ304fwf1M74qDwf4j2tvbIwO6QGAU09Jdw9Iy8fCKKs0kq22evzlz_W7eDHMmALCYoUaGzOBXdYYCATDATjnf_YNGTHjUysr2QpL_3XF3HNIcOSfOXhMQk2=w1600-h1200-k-no,,,9.7638429,118.7473298,https://www.google.com/maps/place/Trippy+Travel+%26+Tours/data=!4m7!3m6!1s0x33b563976860a1dd:0x1690939c6a0899f8!8m2!3d9.7638429!4d118.7473298!16s%2Fg%2F11h8hblszb!19sChIJ3aFgaJdjtTMR-JkIapyTkBY?authuser=0&hl=en&rclk=1,"tourist information in Puerto Princesa, Palawan, Philippines",Puerto Princesa
Jilian Tourist Inn,3.8,(36),,,,,Tourist Information,,,https://lh3.googleusercontent.com/gps-cs-s/APNQkAFYKwi-NvTB0CoS3-Stx17sAZERgMAd954oGwVe9zGKIr7Zxq54Qg0Bes4vE8wIUKKXL48aQrQt_HRVH-EyulFWX-EjsaUULjvFg2tjhwWysssz8qdSivbx1PnRmdPMpp6rAWev=w1600-h1200-k-no,,,9.7540459,118.7471837,https://www.google.com/maps/place/Jilian+Tourist+Inn/data=!4m11!3m10!1s0x33b56396b945ca93:0x979b23a4901561f8!5m3!1s2026-10-31!4m1!1i2!8m2!3d9.7540459!4d118.7471837!16s%2Fg%2F1hc0yyv9d!19sChIJk8pFuZZjtTMR-GEVkKQjm5c?authuser=0&hl=en&rclk=1,"tourist information in Puerto Princesa, Palawan, Philippines",Puerto Princesa
Amancio's Tourist Inn,3.7,(59),,,,,Tourist Information,,,https://lh3.googleusercontent.com/gps-cs-s/APNQkAEX2D8wcWGYl58Cl_KpfhecBLSUZKRReqR05PF9InJ-Gbr-Av5nWcoQJRYKpM0JcTqmL0DYZXhUTzuKrVFzKLFmvdDjMI2hO-l-2eIsHShNvTYn0xlaazoZtsBYwbiCW8BBtIaa=w1600-h1200-k-no,,,9.7413587,118.7454397,https://www.google.com/maps/place/Amancio%27s+Tourist+Inn/data=!4m11!3m10!1s0x33b563c34656ef47:0x72f1270c1d0979cc!5m3!1s2026-10-31!4m1!1i2!8m2!3d9.7413587!4d118.7454397!16s%2Fg%2F11t2fk50jh!19sChIJR-9WRsNjtTMRzHkJHQwn8XI?authuser=0&hl=en&rclk=1,"tourist information in Puerto Princesa, Palawan, Philippines",Puerto Princesa
Maple Travel & Tours,5.0,(3),,,,,Tourist Information,,,https://lh3.googleusercontent.com/gps-cs-s/APNQkAEq7zvyrDNczLUlxNcR-oRTYlspXSrzTTL3FJQxyXjJToZVSkuHWWtUFJAYIiawlzdVl3Aup81wOqypPSU_GFIpul8H7H4PSXq4E-kpxKvT1ezTNOWNNeEoKha-SyOAXI-BIVQ_=w1600-h1200-k-no,,,9.7501065,118.7456106,https://www.google.com/maps/place/Maple+Travel+%26+Tours/data=!4m7!3m6!1s0x33b563ea2e980ed9:0x3d2d788826118c85!8m2!3d9.7501065!4d118.7456106!16s%2Fg%2F1pp2vfkzm!19sChIJ2Q6YLupjtTMRhYwRJoh4LT0?authuser=0&hl=en&rclk=1,"tourist information in Puerto Princesa, Palawan, Philippines",Puerto Princesa
Cml Travel And Tours,4.9,(7),,,,,Tourist Information,,,https://lh3.googleusercontent.com/gps-cs-s/APNQkAFpZA2QU2Cri1q3DVqkZ9G87pn24H14dn9KnR03XuXDZkDxgrRdB_e5eY1T0qzeDDenkJM9QznoLLo5QeEDUTplZmikKncBSPOl2vtAexhZPZBYlVb--puJmYf7sLDZx2mp915kVg=w1600-h1200-k-no,,,9.7410108,118.7408494,https://www.google.com/maps/place/Cml+Travel+And+Tours/data=!4m7!3m6!1s0x33b563dda966769f:0x6f667888582365c0!8m2!3d9.7410108!4d118.7408494!16s%2Fg%2F1pzqj70tr!19sChIJn3Zmqd1jtTMRwGUjWIh4Zm8?authuser=0&hl=en&rclk=1,"tourist information in Puerto Princesa, Palawan, Philippines",Puerto Princesa
Princess Emelina Tourist Inn,4.2,(45),,,,,Tourist Information,,,https://lh3.googleusercontent.com/gps-cs-s/APNQkAEgMPbjQe7klnMaByvxv28S7RQ2_w6FBL3fNBluNdn34PlWXamELjksIt-qXnI1RBjWm0st-FOb6WsrQQN_x8lqVN1z3SlIDR0U-QgJD_yN3MLa8GQAulBBzaE4beUg8bQevVBw_g=w1600-h1200-k-no,,,9.7444704,118.7454996,https://www.google.com/maps/place/Princess+Emelina+Tourist+Inn/data=!4m11!3m10!1s0x33b563e879dccbed:0xab708beb753400e9!5m3!1s2026-10-31!4m1!1i2!8m2!3d9.7444704!4d118.7454996!16s%2Fg%2F11c6q8mmy3!19sChIJ7cvceehjtTMR6QA0deuLcKs?authuser=0&hl=en&rclk=1,"tourist information in Puerto Princesa, Palawan, Philippines",Puerto Princesa
Rema Tourist Inn,4.2,(291),,,,,Tourist Information,,,https://lh3.googleusercontent.com/gps-proxy/ALd4DhEK8yv2Fmf2C8Ol8_HBWWHHRezHRRxdHFdmk7JeYps0bhYtUNxhl_gNDttjedvgsS7K5_SjhfJYNteFiqoEmIIAVqne7uX16uU5qpMVL_hA6_7InpWb0-ZZFHPNMOqUURB8-lL3VdUnPwql4fzsn7QlkCbblVsGnoQPR0qqOZc1lWD-RJHhQBg=w1600-h1200-k-no,,,9.7529333,118.7444539,https://www.google.com/maps/place/Rema+Tourist+Inn/data=!4m11!3m10!1s0x33b563eaeda4315b:0x2ea772e50547f3d2!5m3!1s2026-10-31!4m1!1i2!8m2!3d9.7529333!4d118.7444539!16s%2Fg%2F11clyv9y81!19sChIJWzGk7epjtTMR0vNHBeVypy4?authuser=0&hl=en&rclk=1,"tourist information in Puerto Princesa, Palawan, Philippines",Puerto Princesa
Palawan Seaview Resort,4.0,(160),,,,,Tourist Information,,,https://lh3.googleusercontent.com/gps-proxy/ALd4DhFOr1GaYQaybr-V7fdHkoUH_0WlUPDi6f2ubfubkrxHPKZ3-GNQ1lDs1dkoWplnXXD4rNt8NlMLDmSsbAY8HkVgwCg9eacSd-FMVGe0CIjfGvhj8nsCQwL8wOVAp2YngerXe2vC4kHaKi9JHZ_GtN4FPjypGpqzc5AYBUeOgmiALwxSycLhEpKA0A=w1600-h1200-k-no,,,9.7653804,118.7698699,https://www.google.com/maps/place/Palawan+Seaview+Resort/data=!4m11!3m10!1s0x33b56479449c2c71:0xc794ea773149666!5m3!1s2026-10-31!4m1!1i2!8m2!3d9.7653804!4d118.7698699!16s%2Fg%2F1ts1k54n!19sChIJcSycRHlktTMRZpYUc6dOeQw?authuser=0&hl=en&rclk=1,"tourist information in Puerto Princesa, Palawan, Philippines",Puerto Princesa
Edward S. Hagedorn Coliseum (Puerto Princesa City Coliseum),4.1,(745),,,,,Tourist Information,,,https://lh3.googleusercontent.com/gps-cs-s/APNQkAH0qOK0BEBW9Eu8_SJP6MTduWFmwKLKsdTOmpTwz65-DLjay_saS5EsJ7NcOMIWPYBR7hJhXGBBKj4ItrX2cf3vOqSH0efMKe8Eok2A4ZN48L5BL8d_AOjlw1fjMzVvM3bE0d9xng=w1600-h1200-k-no,,,9.7547056,118.7488838,https://www.google.com/maps/place/Edward+S.+Hagedorn+Coliseum+%28Puerto+Princesa+City+Coliseum%29/data=!4m7!3m6!1s0x33b56394a9ef3bd3:0xc07062e707218967!8m2!3d9.7547056!4d118.7488838!16s%2Fg%2F1tgrzgj2!19sChIJ0zvvqZRjtTMRZ4khB-dicMA?authuser=0&hl=en&rclk=1,"tourist information in Puerto Princesa, Palawan, Philippines",Puerto Princesa
2GO Travel,5.0,(1),,,,,Tourist Information,,,https://lh3.googleusercontent.com/gps-cs-s/APNQkAH94aHoNNIwN4vY2YnWUFHKJ5WN8O0KYv-zqfEq5PfTU8rc1qveqMtckzShNrXS16_bop5A_DOVfr0QtH2dmeSgc5yTyrmUr6Jd3OUGCFgY3jNMx3BEFwV4-W2uzN-C6-muDl4O=w1600-h1200-k-no,,,9.766052,118.744265,https://www.google.com/maps/place/2GO+Travel/data=!4m7!3m6!1s0x33b5639814b1c43d:0x3144d819b0b88cd6!8m2!3d9.766052!4d118.744265!16s%2Fg%2F11bzv_hrdt!19sChIJPcSxFJhjtTMR1oy4sBnYRDE?authuser=0&hl=en&rclk=1,"tourist information in Puerto Princesa, Palawan, Philippines",Puerto Princesa
Casa Belina Tourist Inn,4.7,(200),,,,,Tourist Information,,,https://lh3.googleusercontent.com/gps-cs-s/APNQkAECLfSF9WN4Ugg1HLV1Ipqr1uBOwLrfU9V5ghq_U7pNV3yOJ7ur8rNlH6pY3b6FgS9H6bbShb1ne6OqxC0_SgQq4idVxaN87LTgctP-sgY61JT20-YehbillKY5gVWs2udqLfk=w1600-h1200-k-no,,,9.7578973,118.7450286,https://www.google.com/maps/place/Casa+Belina+Tourist+Inn/data=!4m11!3m10!1s0x33b56395bb4a249b:0x3b8c7cc0d4feacb4!5m3!1s2026-10-31!4m1!1i2!8m2!3d9.7578973!4d118.7450286!16s%2Fg%2F11d_1pc15q!19sChIJmyRKu5VjtTMRtKz-1MB8jDs?authuser=0&hl=en&rclk=1,"tourist information in Puerto Princesa, Palawan, Philippines",Puerto Princesa
Baywalk Inn Puerto Princesa,4.4,(68),,,,,Tourist Information,,,https://lh3.googleusercontent.com/gps-cs-s/APNQkAHwkO8YPpILQBOMVfXaJDECP9fK6aWNB6HziMWDS2R2X5Yg6hOGotm4K5deh2igMLeEQ_BC7p2Irpl909WjUPdP4oF7BbSxK9OXaEOZtKPaygShD2JK70FIsemg9Whkr5yhXq8mcA=w1600-h1200-k-no,,,9.7427948,118.7305925,https://www.google.com/maps/place/Baywalk+Inn+Puerto+Princesa/data=!4m7!3m6!1s0x33b563d0b5a7c27f:0xf583ad833f45aea8!8m2!3d9.7427948!4d118.7305925!16s%2Fg%2F11bbrkpnmb!19sChIJf8KntdBjtTMRqK5FP4Otg_U?authuser=0&hl=en&rclk=1,"tourist information in Puerto Princesa, Palawan, Philippines",Puerto Princesa
Al Accad Travel and Tours,5.0,(1),,,,,Tourist Information,,,https://lh3.googleusercontent.com/gps-cs-s/APNQkAGqXCHdPvJnnjuekRfmWYrY91_J29_LMUm-10pFxiaR1svaXeAn-MblXW5ap7iBxMDjch2Dk7Kl7D1KSom-4cNHOBqBIx3qC74bSXMYVDbS7DTfIFoOLka0ucAfl2epr1q35mXd=w1600-h1200-k-no,,,9.7516715,118.7479933,https://www.google.com/maps/place/Al+Accad+Travel+and+Tours/data=!4m7!3m6!1s0x33b563639f0bbe69:0xd87c36a02fb338a0!8m2!3d9.7516715!4d118.7479933!16s%2Fg%2F11t7wzd0hv!19sChIJab4Ln2NjtTMRoDizL6A2fNg?authuser=0&hl=en&rclk=1,"tourist information in Puerto Princesa, Palawan, Philippines",Puerto Princesa
Workhub Palawan,5.0,(5),917 873 0885,https://wa.me/9178730885,,,Coworking Space,193 Rizal Avenue,,,,,9.7404837,118.7377721,https://www.google.com/maps/place/Workhub+Palawan/data=!4m7!3m6!1s0x33b563baa87d6d4b:0xb400fb276ab117db!8m2!3d9.7404837!4d118.7377721!16s%2Fg%2F11js4c48yd!19sChIJS219qLpjtTMR2xexaif7ALQ?authuser=0&hl=en&rclk=1,"coworking space in Puerto Princesa, Palawan, Philippines",Puerto Princesa
Euronet ATM,5.0,(1),,,,,ATM,,https://www.euronetatms.ph/,,,,10.1960617,118.8992767,https://www.google.com/maps/place/Euronet+ATM/data=!4m7!3m6!1s0x33b59150e2f45bf9:0x465d6de962992558!8m2!3d10.1960617!4d118.8992767!16s%2Fg%2F11xt08cnfk!19sChIJ-Vv04lCRtTMRWCWZYultXUY?authuser=0&hl=en&rclk=1,"atm in Sabang, Palawan, Philippines",Sabang
Cafe Sabang Guest House,4.5,(107),977 269 0409,https://wa.me/9772690409,,,Currency Exchange,0977 269 0409,,,,,10.194019,118.8935209,https://www.google.com/maps/place/Cafe+Sabang+Guest+House/data=!4m11!3m10!1s0x33b59164a388e7c5:0xae9b3967ef611586!5m3!1s2026-10-31!4m1!1i2!8m2!3d10.194019!4d118.8935209!16s%2Fg%2F11scx6gv70!19sChIJxeeIo2SRtTMRhhVh72c5m64?authuser=0&hl=en&rclk=1,"currency exchange in Sabang, Palawan, Philippines",Sabang
R.B.H Sabang Rental Provider and Booking Services,4.8,(5),955 967 4575,https://wa.me/9559674575,,,Currency Exchange,0955 967 4575,https://rbhsabangvehiclerental.mystrikingly.com/,,,,10.1960011,118.893217,https://www.google.com/maps/place/R.B.H+Sabang+Rental+Provider+and+Booking+Services/data=!4m7!3m6!1s0x33b591001deb3849:0x90271c2257865482!8m2!3d10.1960011!4d118.893217!16s%2Fg%2F11x2bfl8ky!19sChIJSTjrHQCRtTMRglSGVyIcJ5A?authuser=0&hl=en&rclk=1,"currency exchange in Sabang, Palawan, Philippines",Sabang
Daluyon Beach and Mountain Resort,4.4,(723),917 892 6316,https://wa.me/9178926316,,,Currency Exchange,0917 892 6316,http://www.daluyonbeachandmountainresort.com/,,,,10.1957555,118.8991051,https://www.google.com/maps/place/Daluyon+Beach+and+Mountain+Resort/data=!4m11!3m10!1s0x33b578a1684dcaa5:0x7885e0014cd7c96e!5m3!1s2026-10-31!4m1!1i2!8m2!3d10.1957555!4d118.8991051!16s%2Fg%2F12qglgt79!19sChIJpcpNaKF4tTMRbsnXTAHghXg?authuser=0&hl=en&rclk=1,"currency exchange in Sabang, Palawan, Philippines",Sabang
Sabang Mangrove Forest,4.5,(490),,,,,Currency Exchange,,,,,,10.1923983,118.9048234,https://www.google.com/maps/place/Sabang+Mangrove+Forest/data=!4m7!3m6!1s0x33b59182748e323f:0x639eaf0d2b5bdc7b!8m2!3d10.1923983!4d118.9048234!16s%2Fg%2F12hq_pv85!19sChIJPzKOdIKRtTMRe9xbKw2vnmM?authuser=0&hl=en&rclk=1,"currency exchange in Sabang, Palawan, Philippines",Sabang
Cabayugan Satellite Clinic and Birthing Facility,5.0,(1),,,,,Medical Clinic,,,,,,10.1638466,118.8767838,https://www.google.com/maps/place/Cabayugan+Satellite+Clinic+and+Birthing+Facility/data=!4m7!3m6!1s0x33b591007c57160b:0xdaed0ca0cdc81568!8m2!3d10.1638466!4d118.8767838!16s%2Fg%2F11wth071qn!19sChIJCxZXfACRtTMRaBXIzaAM7do?authuser=0&hl=en&rclk=1,"medical clinic in Sabang, Palawan, Philippines",Sabang
LENY'S MASSAGE CENTER,5.0,(1),935 762 1291,https://wa.me/9357621291,,https://www.facebook.com/profile.php?id=61557238880278,Medical Clinic,0935 762 1291,https://www.facebook.com/profile.php?id=61557238880278,,,,10.1853432,118.896437,https://www.google.com/maps/place/LENY%27S+MASSAGE+CENTER/data=!4m7!3m6!1s0x33b591cafdae0df5:0x817b862b9024b5c6!8m2!3d10.1853432!4d118.896437!16s%2Fg%2F11wn40dx9_!19sChIJ9Q2u_cqRtTMRxrUkkCuGe4E?authuser=0&hl=en&rclk=1,"medical clinic in Sabang, Palawan, Philippines",Sabang
Aibraine Spa And Wellness Clinic,5.0,(4),926 160 9165,https://wa.me/9261609165,,,Medical Clinic,0926 160 9165,,,,,10.1958575,118.8989182,https://www.google.com/maps/place/Aibraine+Spa+And+Wellness+Clinic/data=!4m7!3m6!1s0x33b5919099e36f63:0xb019648009229b97!8m2!3d10.1958575!4d118.8989182!16s%2Fg%2F11gm9k4_31!19sChIJY2_jmZCRtTMRl5siCYBkGbA?authuser=0&hl=en&rclk=1,"medical clinic in Sabang, Palawan, Philippines",Sabang
Sabang Boat Terminal,4.1,(122),,,,,Medical Clinic,,,,,,10.1972016,118.8928563,https://www.google.com/maps/place/Sabang+Boat+Terminal/data=!4m7!3m6!1s0x33b5918f3494684d:0xabc5e312aa289489!8m2!3d10.1972016!4d118.8928563!16s%2Fg%2F1td02l59!19sChIJTWiUNI-RtTMRiZQoqhLjxas?authuser=0&hl=en&rclk=1,"medical clinic in Sabang, Palawan, Philippines",Sabang
"Bambua Nature Cottages, Puerto Princesa",4.2,(146),927 420 9686,https://wa.me/9274209686,,,Medical Clinic,0927 420 9686,https://www.philippineshotels.net/tl/hotel/bambua-nature-cottages.html,,,,10.1901413,118.8976127,"https://www.google.com/maps/place/Bambua+Nature+Cottages,+Puerto+Princesa/data=!4m11!3m10!1s0x33b5919ab5e01eff:0xaba27a248529f63e!5m3!1s2026-10-31!4m1!1i2!8m2!3d10.1901413!4d118.8976127!16s%2Fg%2F1pp2vk63x!19sChIJ_x7gtZqRtTMRPvYphSR6oqs?authuser=0&hl=en&rclk=1","medical clinic in Sabang, Palawan, Philippines",Sabang
Four Points by Sheraton Palawan Puerto Princesa,4.4,(290),(048) 550 9000,https://wa.me/0485509000,,,Medical Clinic,550 9000,https://www.marriott.com/en-us/hotels/ppsfp-four-points-palawan-puerto-princesa/overview/?scid=f2ae0541-1279-4f24-b197-a979c79310b0,,,,10.1944482,118.8955119,https://www.google.com/maps/place/Four+Points+by+Sheraton+Palawan+Puerto+Princesa/data=!4m11!3m10!1s0x33b5918f40ba0863:0xdb6a3222fe027893!5m3!1s2026-10-31!4m1!1i2!8m2!3d10.1944482!4d118.8955119!16s%2Fg%2F11l6lpj3s7!19sChIJYwi6QI-RtTMRk3gC_iIyats?authuser=0&hl=en&rclk=1,"medical clinic in Sabang, Palawan, Philippines",Sabang
Pawikan Restaurant,4.7,(51),917 892 6316,https://wa.me/9178926316,,,Medical Clinic,0917 892 6316,http://www.daluyonbeachandmountainresort.com/,,,,10.1958846,118.8991335,https://www.google.com/maps/place/Pawikan+Restaurant/data=!4m7!3m6!1s0x33b5918500000003:0x3ca05499cb1fd996!8m2!3d10.1958846!4d118.8991335!16s%2Fg%2F11g01v889q!19sChIJAwAAAIWRtTMRltkfy5lUoDw?authuser=0&hl=en&rclk=1,"medical clinic in Sabang, Palawan, Philippines",Sabang
Frogmouth Spa,4.6,(28),,,,,Massage Spa,,,https://lh3.googleusercontent.com/gps-cs-s/APNQkAGwcXluL1jvBhZgpXDkNAow-1BgXiZMfINt70S3UAJhncDuyXhOIs8Vv2PSGJ4yan9UjdGqSFe2lWWoRr6vOdF9TcbqyGOB8ig1nGa4Azx9LvblXaasFX2e2UgIX7J4dbJoZdVyRA=w1600-h1200-k-no,,,10.195844,118.8963503,https://www.google.com/maps/place/Frogmouth+Spa/data=!4m7!3m6!1s0x33b5919138906421:0xe85c4c645e72fb77!8m2!3d10.195844!4d118.8963503!16s%2Fg%2F11w1fn1n7m!19sChIJIWSQOJGRtTMRd_tyXmRMXOg?authuser=0&hl=en&rclk=1,"massage spa in Sabang, Palawan, Philippines",Sabang
Massage,5.0,(1),,,,,Massage Spa,,,,,,10.1961716,118.9004679,https://www.google.com/maps/place/Massage/data=!4m7!3m6!1s0x33b591001db53911:0xc7d7f2f8aab1827!8m2!3d10.1961716!4d118.9004679!16s%2Fg%2F11lnk4gfmw!19sChIJETm1HQCRtTMRJxirii9_fQw?authuser=0&hl=en&rclk=1,"massage spa in Sabang, Palawan, Philippines",Sabang
Spa,4.0,(1),,,,,Massage Spa,,,,,,10.1941241,118.8957965,https://www.google.com/maps/place/Spa/data=!4m7!3m6!1s0x33b591b7afce16a7:0x816f3a46eda1299!8m2!3d10.1941241!4d118.8957965!16s%2Fg%2F11vj32b68j!19sChIJpxbOr7eRtTMRmRLabqTzFgg?authuser=0&hl=en&rclk=1,"massage spa in Sabang, Palawan, Philippines",Sabang
Sabang Beach,4.5,(132),,,,,Public Wi-Fi,,,,,,10.1963212,118.8973069,https://www.google.com/maps/place/Sabang+Beach/data=!4m7!3m6!1s0x33b58e3fd6ead3d1:0xde0dd08ddb8eb291!8m2!3d10.1963212!4d118.8973069!16s%2Fg%2F1hc1_jzld!19sChIJ0dPq1j-OtTMRkbKO243QDd4?authuser=0&hl=en&rclk=1,"public wifi in Sabang, Palawan, Philippines",Sabang
Sitio Sabang,5.0,(2),,,,,Public Wi-Fi,,,,,,10.1943551,118.8975431,https://www.google.com/maps/place/Sitio+Sabang/data=!4m7!3m6!1s0x33b591141f123f81:0x4c99e6465480947f!8m2!3d10.1943551!4d118.8975431!16s%2Fg%2F11vbbh_l7q!19sChIJgT8SHxSRtTMRf5SAVEbmmUw?authuser=0&hl=en&rclk=1,"public wifi in Sabang, Palawan, Philippines",Sabang
Sabang X Zipline,4.4,(283),(048) 434 2341,https://wa.me/0484342341,,https://www.facebook.com/sabangxzipline/,Public Wi-Fi,434 2341,https://www.facebook.com/sabangxzipline/,,,,10.198799,118.9080843,https://www.google.com/maps/place/Sabang+X+Zipline/data=!4m7!3m6!1s0x33b5917fa3aa3077:0x11459643b2e02ed3!8m2!3d10.198799!4d118.9080843!16s%2Fg%2F1hd_zn4pq!19sChIJdzCqo3-RtTMR0y7gskOWRRE?authuser=0&hl=en&rclk=1,"public wifi in Sabang, Palawan, Philippines",Sabang
Hill Myna Beach Cottage,3.8,(88),954 249 8516,https://wa.me/9542498516,,https://www.facebook.com/hillmynapuertoprincesa,Public Wi-Fi,0954 249 8516,https://www.facebook.com/hillmynapuertoprincesa,,,,10.1957967,118.897,https://www.google.com/maps/place/Hill+Myna+Beach+Cottage/data=!4m11!3m10!1s0x33b59185c7e71b65:0xf621513d1629042!5m3!1s2026-10-31!4m1!1i2!8m2!3d10.1957967!4d118.897!16s%2Fg%2F11dxb1yl0x!19sChIJZRvnx4WRtTMRQpBi0RMVYg8?authuser=0&hl=en&rclk=1,"public wifi in Sabang, Palawan, Philippines",Sabang
Dabdab Tourist Inn,3.9,(30),949 469 9421,https://wa.me/9494699421,,,Public Wi-Fi,0949 469 9421,https://petrastraveltips.com/dabdab-tourist-inn-philippines,,,,10.1987724,118.8907038,https://www.google.com/maps/place/Dabdab+Tourist+Inn/data=!4m11!3m10!1s0x33b5918947cdfff3:0xa28ade2f96742215!5m3!1s2026-10-31!4m1!1i2!8m2!3d10.1987724!4d118.8907038!16s%2Fg%2F11gfkglrqj!19sChIJ8__NR4mRtTMRFSJ0li_eiqI?authuser=0&hl=en&rclk=1,"public wifi in Sabang, Palawan, Philippines",Sabang
"Wegers La Casa Restaurant and Bar - Sabang, Puerto Princesa",4.8,(208),966 142 7127,https://wa.me/9661427127,,https://www.facebook.com/profile.php?id=61569687560951,Public Wi-Fi,0966 142 7127,https://www.facebook.com/profile.php?id=61569687560951,,,,10.1965017,118.8930174,"https://www.google.com/maps/place/Wegers+La+Casa+Restaurant+and+Bar+-+Sabang,+Puerto+Princesa/data=!4m7!3m6!1s0x33b5916341b10591:0xe761b59c9f90df21!8m2!3d10.1965017!4d118.8930174!16s%2Fg%2F11sdsmcqhv!19sChIJkQWxQWORtTMRId-Qn5y1Yec?authuser=0&hl=en&rclk=1","public wifi in Sabang, Palawan, Philippines",Sabang
Blue Bamboo Resort,3.6,(32),910 797 0038,https://wa.me/9107970038,,,Public Wi-Fi,0910 797 0038,,,,,10.2005485,118.8899384,https://www.google.com/maps/place/Blue+Bamboo+Resort/data=!4m11!3m10!1s0x33b591898c6f4803:0xd84f93312bc181a7!5m3!1s2026-10-31!4m1!1i2!8m2!3d10.2005485!4d118.8899384!16s%2Fg%2F1hd_rt0xj!19sChIJA0hvjImRtTMRp4HBKzGTT9g?authuser=0&hl=en&rclk=1,"public wifi in Sabang, Palawan, Philippines",Sabang
LM PENSION HOUSE,4.9,(7),926 588 2379,https://wa.me/9265882379,,https://www.facebook.com/profile.php?id=100086471484418&mibextid=ZbWKwL,Public Wi-Fi,0926 588 2379,https://www.facebook.com/profile.php?id=100086471484418&mibextid=ZbWKwL,,,,10.1779003,118.8901087,https://www.google.com/maps/place/LM+PENSION+HOUSE/data=!4m7!3m6!1s0x33b5916b2520f063:0xf8719bed09e060e5!8m2!3d10.1779003!4d118.8901087!16s%2Fg%2F11sbpfdpng!19sChIJY_AgJWuRtTMR5WDgCe2bcfg?authuser=0&hl=en&rclk=1,"public wifi in Sabang, Palawan, Philippines",Sabang
Puerto Princesa Subterranean River National Park,4.6,"(3,476)",,,,,Public Wi-Fi,,,,,,10.1925595,118.9265829,https://www.google.com/maps/place/Puerto+Princesa+Subterranean+River+National+Park/data=!4m7!3m6!1s0x33b59142409f2dd9:0x1ecb5dab92f27fc4!8m2!3d10.1925595!4d118.9265829!16zL20vMGM0ejc1!19sChIJ2S2fQEKRtTMRxH_ykqtdyx4?authuser=0&hl=en&rclk=1,"public wifi in Sabang, Palawan, Philippines",Sabang
"Mangrove Paddle Boat Tour Guide Association, Inc.",4.3,(167),,,,,Sim Card,,,https://lh3.googleusercontent.com/gps-cs-s/APNQkAHyA8qZ33YIVHq6TavtLswa5SBzewIl6df1I3lPhWFOPhdnaq0QpFixdT2Y-6mOoanOdZxTDviXYjHIQ4rQHKsQf-I6pbFUDbtj26MtkUV2gxPSGvroubIcSl4A74DrFM2WFX8965fuP8wm=w1600-h1200-k-no,,,10.1967008,118.9045068,"https://www.google.com/maps/place/Mangrove+Paddle+Boat+Tour+Guide+Association,+Inc./data=!4m7!3m6!1s0x33b59181823f3c51:0xe2d63272f09b3c80!8m2!3d10.1967008!4d118.9045068!16s%2Fg%2F12hpky91s!19sChIJUTw_goGRtTMRgDyb8HIy1uI?authuser=0&hl=en&rclk=1","sim card in Sabang, Palawan, Philippines",Sabang
SMR Snack Corner,5.0,(2),956 307 9231,https://wa.me/9563079231,,,Convenience Store,0956 307 9231,,https://lh3.googleusercontent.com/gps-cs-s/APNQkAFzt7Ad7a9BgoInuGOllMFiefc8KHe_4DuRRgd4oQFRNGYBkTdsXAuCTxHO8oh5YIWm8hNhvlnqYgaOATFUeLTrpzePqkbLS7kalSw4fyoS12IGLm9GyyqiwiIQKUaEafx33zPn88NU7VWE=w1600-h1200-k-no,,,10.1954596,118.8930814,https://www.google.com/maps/place/SMR+Snack+Corner/data=!4m7!3m6!1s0x33b59100562e3907:0x5181418bbed4696d!8m2!3d10.1954596!4d118.8930814!16s%2Fg%2F11xzy1zggb!19sChIJBzkuVgCRtTMRbWnUvotBgVE?authuser=0&hl=en&rclk=1,"convenience store in Sabang, Palawan, Philippines",Sabang
Sabang Port Vehicle Parking Area,3.9,(54),,,,,Convenience Store,,,https://lh3.googleusercontent.com/gps-cs-s/APNQkAGe9aAxldIWE9_CnC-5jlftghCI8LMJDadb-BgnVpnKoYntdYmYitSLWvX6Ci2UDcFB-0D3caprzFRjnIKFIZdpz81yK7MgdBMZ2iblwiqndmFvGQmZgeQJmRFs77MDDZRnim6neA=w1600-h1200-k-no,,,10.1967426,118.8928631,https://www.google.com/maps/place/Sabang+Port+Vehicle+Parking+Area/data=!4m7!3m6!1s0x33b5918f377a95f9:0xfe08b8aa3388348e!8m2!3d10.1967426!4d118.8928631!16s%2Fg%2F11g7_f1v6f!19sChIJ-ZV6N4-RtTMRjjSIM6q4CP4?authuser=0&hl=en&rclk=1,"convenience store in Sabang, Palawan, Philippines",Sabang
Sabang Beach,4.7,(120),,,,,Convenience Store,,,https://lh3.googleusercontent.com/gps-cs-s/APNQkAFJMxOI5X8cI55tnslxBjoXOwvzdojYjHL5PNax9uGEenTNJ9W4HzlI7plRD7MwJhm3hCGcV-2UAKobqm8KkF24USKTLqwMUlvcYe__NVYzSWhAiOzPCR1AhXJPngAWMOYWkAfheA=w1600-h1200-k-no,,,10.1958333,118.8972222,https://www.google.com/maps/place/Sabang+Beach/data=!4m7!3m6!1s0x33b59185cbd02315:0x77cae30def4f12d0!8m2!3d10.1958333!4d118.8972222!16s%2Fg%2F12ltyl1gg!19sChIJFSPQy4WRtTMR0BJP7w3jync?authuser=0&hl=en&rclk=1,"convenience store in Sabang, Palawan, Philippines",Sabang
Pyamaluguan Sabang Falls,4.4,(50),956 308 8577,https://wa.me/9563088577,,,Convenience Store,0956 308 8577,,https://lh3.googleusercontent.com/gps-cs-s/APNQkAG5kh4INF7DAw-8gGMBmQHt99eLLz7v_MKwVL6LoWugxtHNv6gSMhs6fZTqwihkVQIeEouH-R1SqOlKonnkvaxSPuWkvJgTniAe9CYvYlsbwmWeVFBBkpzNQ3-HvXehS_OHmWTY=w1600-h1200-k-no,,,10.207897,118.8819757,https://www.google.com/maps/place/Pyamaluguan+Sabang+Falls/data=!4m7!3m6!1s0x33b5921c1b33380f:0xc848d084034b30f4!8m2!3d10.207897!4d118.8819757!16s%2Fg%2F11c5g_694m!19sChIJDzgzGxyStTMR9DBLA4TQSMg?authuser=0&hl=en&rclk=1,"convenience store in Sabang, Palawan, Philippines",Sabang
Sari sari shop,3.7,(3),,,,,Convenience Store,,,,,,10.2336342,118.947436,https://www.google.com/maps/place/Sari+sari+shop/data=!4m7!3m6!1s0x33b5938763285899:0x4be60c9d17bdde9!8m2!3d10.2336342!4d118.947436!16s%2Fg%2F11v9hl0jbh!19sChIJmVgoY4eTtTMR6d170clgvgQ?authuser=0&hl=en&rclk=1,"convenience store in Sabang, Palawan, Philippines",Sabang
Puerto Princesa Subterranean River,4.7,(737),,,,,Convenience Store,,,https://lh3.googleusercontent.com/gps-cs-s/APNQkAFdQrXmQ5n2UE6667chPMUUIr6cCf-vOdQ4f4OAfWIDYL316nksRPMz0lUiPo1VXLH7ggzBCnjlieCVSwMrHVMVDEHD8dJn250szYJz5EThoZlbtjBSDgaBDde-e3ohOmmb2ZUK=w1600-h1200-k-no,,,10.1990617,118.9259887,https://www.google.com/maps/place/Puerto+Princesa+Subterranean+River/data=!4m7!3m6!1s0x33b593df15621455:0x294cbaa5dc823e5b!8m2!3d10.1990617!4d118.9259887!16s%2Fg%2F11bzzzp_wp!19sChIJVRRiFd-TtTMRWz6C3KW6TCk?authuser=0&hl=en&rclk=1,"convenience store in Sabang, Palawan, Philippines",Sabang
"Asiano Gourmet Cuisine, Seafood & Vegetarian restaurant",4.5,(214),927 285 8682,https://wa.me/9272858682,,,Convenience Store,0927 285 8682,,https://lh3.googleusercontent.com/gps-cs-s/APNQkAH6oBhzkpC43MowtIpt4CqlQDG9G3t4KZWVXlprRrShZ-JAdnmfEPVzXlpHTxKKTu4eXQD1t0TkUFCAHGJsurVQhBoCXkshR7gUg1kWH5ooSASB_06R0OjYr2YXxJqwNtyiPqJW3w=w1600-h1200-k-no,,,10.1914275,118.8962048,"https://www.google.com/maps/place/Asiano+Gourmet+Cuisine,+Seafood+%26+Vegetarian+restaurant/data=!4m7!3m6!1s0x33b5918436abe37b:0x9912a4498438cddd!8m2!3d10.1914275!4d118.8962048!16s%2Fg%2F11f55hnmqr!19sChIJe-OrNoSRtTMR3c04hEmkEpk?authuser=0&hl=en&rclk=1","convenience store in Sabang, Palawan, Philippines",Sabang
The smoky place,4.8,(29),906 639 5797,https://wa.me/9066395797,,,Convenience Store,0906 639 5797,,https://lh3.googleusercontent.com/gps-cs-s/APNQkAHq8yK3rTeoIOD6ju8tpTDdkmHw00Y-kXDEJztJw5C1wmFhxxIIRs-9TUxnOvrE_06PjQ0X6xEOu94lFaBPHsk-klTkurUkZB53GPgf3mJB1O1U9eSLvds-Y7B32wCR3X9HxR8x=w1600-h1200-k-no,,,10.194078,118.8935202,https://www.google.com/maps/place/The+smoky+place/data=!4m7!3m6!1s0x33b591540f45a763:0x18f8cb36dfb28abd!8m2!3d10.194078!4d118.8935202!16s%2Fg%2F11yc4vtkxn!19sChIJY6dFD1SRtTMRvYqy3zbL-Bg?authuser=0&hl=en&rclk=1,"convenience store in Sabang, Palawan, Philippines",Sabang
BOOM Laundry Shop,5.0,(13),,,,,Laundry,,,,,,10.195801,118.8931648,https://www.google.com/maps/place/BOOM+Laundry+Shop/data=!4m7!3m6!1s0x33b5910027487773:0x2b7b1cc083d842fd!8m2!3d10.195801!4d118.8931648!16s%2Fg%2F11vwy00px9!19sChIJc3dIJwCRtTMR_ULYg8Aceys?authuser=0&hl=en&rclk=1,"laundry in Sabang, Palawan, Philippines",Sabang
EcoOil Gas Station - Sabang,4.0,(1),910 896 7327,https://wa.me/9108967327,,,Laundry,,https://ecooil.ph/,,,,10.192,118.8955551,https://www.google.com/maps/place/EcoOil+Gas+Station+-+Sabang/data=!4m7!3m6!1s0x33b5914c31c3e319:0xe3fc69c30c57b80d!8m2!3d10.192!4d118.8955551!16s%2Fg%2F11g0zt416r!19sChIJGePDMUyRtTMRDbhXDMNp_OM?authuser=0&hl=en&rclk=1,"laundry in Sabang, Palawan, Philippines",Sabang
Dab Dab Cottages & Restaurant,3.8,(18),,,,,Laundry,,,,,,10.1987408,118.8907762,https://www.google.com/maps/place/Dab+Dab+Cottages+%26+Restaurant/data=!4m7!3m6!1s0x33b58e406c51f643:0x56c1126242dca568!8m2!3d10.1987408!4d118.8907762!16s%2Fg%2F12qh8fryj!19sChIJQ_ZRbECOtTMRaKXcQmISwVY?authuser=0&hl=en&rclk=1,"laundry in Sabang, Palawan, Philippines",Sabang
Sabang bus station,4.5,(2),,,,,Transportation,,,https://streetviewpixels-pa.googleapis.com/v1/thumbnail?panoid=E7ZF12dH7s2_rAdLsnAOag&cb_client=search.gws-prod.gps&w=80&h=92&yaw=224.40921&pitch=0&thumbfov=100,,,10.1966591,118.8926883,https://www.google.com/maps/place/Sabang+bus+station/data=!4m7!3m6!1s0x33b591819196e3eb:0xe67a5426a890008!8m2!3d10.1966591!4d118.8926883!16s%2Fg%2F11fm428h97!19sChIJ6-OWkYGRtTMRCACJakKlZw4?authuser=0&hl=en&rclk=1,"transportation in Sabang, Palawan, Philippines",Sabang
Public transport Bus stop,5.0,(1),,,,,Transportation,,,https://lh3.googleusercontent.com/gps-cs-s/APNQkAFzDTzxKvi378PR_vXQ0g0FqvMF4R8iCCM0IuQNGsPvWelkxR-eyM43HPb0cSLcijLRQiSWs7Ig8esbNBbZMKIrjfPnafjZTaPFYNDV36mNGXhCxRotAxGwu4w5Tm_eA6WBzlo=w1600-h1200-k-no,,,10.196697,118.8932581,https://www.google.com/maps/place/Public+transport+Bus+stop/data=!4m7!3m6!1s0x33b5910074273f43:0x14f117212629b753!8m2!3d10.196697!4d118.8932581!16s%2Fg%2F11y2qb1gr3!19sChIJQz8ndACRtTMRU7cpJiEX8RQ?authuser=0&hl=en&rclk=1,"transportation in Sabang, Palawan, Philippines",Sabang
Sabang Beach Rock,4.7,(20),,,,,Tourist Information,,,https://lh3.googleusercontent.com/gps-cs-s/APNQkAFySLh4jAoWMe6M9I5fx19Rhs_ESO-2IiXORtplpAXJO-EjCUcPmiZ6EOwZl-8H8FjzX-lAUfI0Ge6Hbr3-aki4oVUH1G4jHs80D12eogAuWbCnF3N0Wo7-np5Pk8rhQKNCYsY=w1600-h1200-k-no,,,10.1982687,118.9016591,https://www.google.com/maps/place/Sabang+Beach+Rock/data=!4m7!3m6!1s0x33b59141a95bf315:0xa31cc03a9a5b5924!8m2!3d10.1982687!4d118.9016591!16s%2Fg%2F11rwwtfwg0!19sChIJFfNbqUGRtTMRJFlbmjrAHKM?authuser=0&hl=en&rclk=1,"tourist information in Sabang, Palawan, Philippines",Sabang
Sabang X Zipline (Local Office),5.0,(3),,,,,Tourist Information,,,https://lh3.googleusercontent.com/gps-cs-s/APNQkAHo7pFeNOiaPdZlO0IbK6WK8Xk4eQ4pcEip7Rn9arOAhFoJHip1Kb4V9CsrAW51jU84jRODOqzIbDOy4IkO2WdiutlmuISb70FRxuTUOzF9_k9oXH-RkCarKNUDYDNPy1xaUvvEu6ymn0VB=w1600-h1200-k-no,,,10.1956061,118.8931347,https://www.google.com/maps/place/Sabang+X+Zipline+%28Local+Office%29/data=!4m7!3m6!1s0x33b591003c8cafa5:0x3347d6ff99cd3676!8m2!3d10.1956061!4d118.8931347!16s%2Fg%2F11wvygkj8f!19sChIJpa-MPACRtTMRdjbNmf_WRzM?authuser=0&hl=en&rclk=1,"tourist information in Sabang, Palawan, Philippines",Sabang
Manlipien Beach,4.4,(20),,,,,Tourist Information,,,https://lh3.googleusercontent.com/gps-cs-s/APNQkAHhEGUMm5_W6_utsGZVI4BnNbsOk_DeLoX3E9E2Zr4l8KdDbXvrmH_f3hsbM_IEqO9_bPop4O2jrmB7i0_v8e4lLEUIVd0ynV2P1Xo2wlMe7Ft5UMQRrlVpcI06RzzHqcsuFhbf=w1600-h1200-k-no,,,10.1976934,118.905223,https://www.google.com/maps/place/Manlipien+Beach/data=!4m7!3m6!1s0x33b59181c3f850ad:0x221b03a8366e95f1!8m2!3d10.1976934!4d118.905223!16s%2Fg%2F11dztww9kg!19sChIJrVD4w4GRtTMR8ZVuNqgDGyI?authuser=0&hl=en&rclk=1,"tourist information in Sabang, Palawan, Philippines",Sabang
Information Centre - Subterranean River National Park,3.9,(25),,,,,Tourist Information,,,https://lh3.googleusercontent.com/gps-cs-s/APNQkAFGgTV5hwxLuL9hho7NMSnVlU_dNovelOluNx5qD0uAFOdROAsUOqJOdbEVefNmGctNyaDThet0OM9_Gz3JDjCbeUKKLFTniHFvWFjfA6KgEhxXE4FaiUXk-gpiQ0ZBl_TcXBJS5Efso1tB=w1600-h1200-k-no,,,10.1971093,118.8929468,https://www.google.com/maps/place/Information+Centre+-+Subterranean+River+National+Park/data=!4m7!3m6!1s0x33b591e9b0f6164d:0x29ccc55cad8b80f1!8m2!3d10.1971093!4d118.8929468!16s%2Fg%2F11vddnpv8c!19sChIJTRb2sOmRtTMR8YCLrVzFzCk?authuser=0&hl=en&rclk=1,"tourist information in Sabang, Palawan, Philippines",Sabang
Underground river,5.0,(24),,,,,Tourist Information,,,https://lh3.googleusercontent.com/gps-cs-s/APNQkAG58mCZGJ6bXrr2DCzdmYDyd_PiAcKUUdGmAxe3YL_lb0FCDXghLzKnci258OQpP9yTiJafha19rbjHAgDOMbIY3o3_HN18xW4HqpyKo5S43rU_ptIJel1Jkeeb3BTrX9vcI4LHD0-88YrB=w1600-h1200-k-no,,,10.1985944,118.9031474,https://www.google.com/maps/place/Underground+river/data=!4m7!3m6!1s0x33b591006a440cfd:0xa2649ff0eaac92ca!8m2!3d10.1985944!4d118.9031474!16s%2Fg%2F11yy40cs7c!19sChIJ_QxEagCRtTMRypKs6vCfZKI?authuser=0&hl=en&rclk=1,"tourist information in Sabang, Palawan, Philippines",Sabang
ATM Euronet,4.1,(11),,,,,ATM,,https://www.euronetatms.ph/,,,,10.410959,119.17734,https://www.google.com/maps/place/ATM+Euronet/data=!4m7!3m6!1s0x33b5c5b827ba3213:0x387820e259cc4de7!8m2!3d10.410959!4d119.17734!16s%2Fg%2F11s9z4_032!19sChIJEzK6J7jFtTMR503MWeIgeDg?authuser=0&hl=en&rclk=1,"atm in San Vicente, Palawan, Philippines",San Vicente
PalawanPawnshopSanVicenteBranch,5.0,(2),,,,,Bank,,,,,,10.5300634,119.2538006,https://www.google.com/maps/place/PalawanPawnshopSanVicenteBranch/data=!4m7!3m6!1s0x33b5d7000d55f559:0x795809764d8ba4c3!8m2!3d10.5300634!4d119.2538006!16s%2Fg%2F11y494d_zr!19sChIJWfVVDQDXtTMRw6SLTXYJWHk?authuser=0&hl=en&rclk=1,"bank in San Vicente, Palawan, Philippines",San Vicente
San Vicente Municipal Employees Multi-Purpose Cooperative,5.0,(1),918 692 7254,https://wa.me/9186927254,,,Bank,0918 692 7254,,,,,10.5266907,119.259865,https://www.google.com/maps/place/San+Vicente+Municipal+Employees+Multi-Purpose+Cooperative/data=!4m7!3m6!1s0x33b5d453ee174e67:0x4b52d9ccced2f19c!8m2!3d10.5266907!4d119.259865!16s%2Fg%2F11bzv_73h3!19sChIJZ04X7lPUtTMRnPHSzszZUks?authuser=0&hl=en&rclk=1,"bank in San Vicente, Palawan, Philippines",San Vicente
Az Multi-Purpose Cooperative,5.0,(1),918 249 8896,https://wa.me/9182498896,,,Bank,0918 249 8896,,,,,10.5280625,119.2538989,https://www.google.com/maps/place/Az+Multi-Purpose+Cooperative/data=!4m7!3m6!1s0x33b5d44dffa67111:0xa637de98efc2bcfa!8m2!3d10.5280625!4d119.2538989!16s%2Fg%2F11bzvzzjxm!19sChIJEXGm_03UtTMR-rzC75jeN6Y?authuser=0&hl=en&rclk=1,"bank in San Vicente, Palawan, Philippines",San Vicente
M Lhuillier - San Vicente,5.0,(2),947 999 0337,https://wa.me/9479990337,,,Bank,0947 999 0337,https://mlhuillier.com/,,,,10.5309373,119.2550901,https://www.google.com/maps/place/M+Lhuillier+-+San+Vicente/data=!4m7!3m6!1s0x33b5d7abf8e4df8f:0xf66c1586b0973da8!8m2!3d10.5309373!4d119.2550901!16s%2Fg%2F11gpnfmhl4!19sChIJj9_k-KvXtTMRqD2XsIYVbPY?authuser=0&hl=en&rclk=1,"bank in San Vicente, Palawan, Philippines",San Vicente
San Vicente Rural Health Unit,5.0,(3),(082) 305 4919,https://wa.me/0823054919,,,Medical Clinic,305 4919,,,,,10.5264549,119.2649612,https://www.google.com/maps/place/San+Vicente+Rural+Health+Unit/data=!4m7!3m6!1s0x33b5d456cce40573:0x4bec0c210b8a29b2!8m2!3d10.5264549!4d119.2649612!16s%2Fg%2F11bzvwjf27!19sChIJcwXkzFbUtTMRsimKCyEM7Es?authuser=0&hl=en&rclk=1,"medical clinic in San Vicente, Palawan, Philippines",San Vicente
Walpherose Pharmacy,5.0,(3),,,,,Pharmacy,,,,,,10.5294291,119.2542748,https://www.google.com/maps/place/Walpherose+Pharmacy/data=!4m7!3m6!1s0x33b5d79fe6d0b739:0xdbd356395411fd3c!8m2!3d10.5294291!4d119.2542748!16s%2Fg%2F11g9q6y5xc!19sChIJObfQ5p_XtTMRPP0RVDlW09s?authuser=0&hl=en&rclk=1,"pharmacy in San Vicente, Palawan, Philippines",San Vicente
Walpherose 3 Pharmacy,5.0,(1),930 422 0225,https://wa.me/9304220225,,,Pharmacy,3 Pharmacy  5,,,,,10.5652769,119.309154,https://www.google.com/maps/place/Walpherose+3+Pharmacy/data=!4m7!3m6!1s0x33b67912160266a3:0xf1282003f63c6254!8m2!3d10.5652769!4d119.309154!16s%2Fg%2F11xv9m0jrn!19sChIJo2YCFhJ5tjMRVGI89gMgKPE?authuser=0&hl=en&rclk=1,"pharmacy in San Vicente, Palawan, Philippines",San Vicente
RSB WELLNESS MASSAGE,4.6,(23),,,,,Massage Spa,,,https://lh3.googleusercontent.com/gps-cs-s/APNQkAFxkpqDEfOudWWtqAo3QYFcZOfkKc7AJZ82kcSh_9wuD7qZKId-FaNcFL8K11JNXByVzVDNCST070Tr7HYbmf8EmdRgsziTLclT_LA_B_u9nHJa_FeuqNdLYXxniwWUGffnN0OZgLCwZjw=w1600-h1200-k-no,,,10.4109748,119.1773512,https://www.google.com/maps/place/RSB+WELLNESS+MASSAGE/data=!4m7!3m6!1s0x33b5db0026b2f3e9:0xceebdd77b0727708!8m2!3d10.4109748!4d119.1773512!16s%2Fg%2F11ml3_62dq!19sChIJ6fOyJgDbtTMRCHdysHfd684?authuser=0&hl=en&rclk=1,"massage spa in San Vicente, Palawan, Philippines",San Vicente
"J'S Nails, Facial and Body Spa",4.9,(58),,,,,Massage Spa,700 peso for 1 hour combination massage is great value,,https://lh3.googleusercontent.com/gps-cs-s/APNQkAEkVbUpGswMYF1RkGfsgxWUcPRGfr7uqfHo266KI-FulK8HrQbug_R52kJeXeshyQi6XCxwbcjYDjnFErw_ScuYVAJjBelO6fwktJ-4d-QcCVNSuXdkCIRpP0gX7Q-gkTl7cReCoRhcMwSD=w1600-h1200-k-no,,,10.408453,119.1758025,"https://www.google.com/maps/place/J%27S+Nails,+Facial+and+Body+Spa/data=!4m7!3m6!1s0x33b5db006792881b:0xaf77732c218a7cff!8m2!3d10.408453!4d119.1758025!16s%2Fg%2F11mm6kxly8!19sChIJG4iSZwDbtTMR_3yKISxzd68?authuser=0&hl=en&rclk=1","massage spa in San Vicente, Palawan, Philippines",San Vicente
The Princess Wellness Massage Center,3.7,(3),,,,,Massage Spa,,,https://streetviewpixels-pa.googleapis.com/v1/thumbnail?panoid=Qjtf5jiC09teYgSL7znmKA&cb_client=search.gws-prod.gps&w=80&h=92&yaw=310.15393&pitch=0&thumbfov=100,,,10.5343178,119.268726,https://www.google.com/maps/place/The+Princess+Wellness+Massage+Center/data=!4m7!3m6!1s0x33b5d700641cce6b:0xb3337e4b83c5afa7!8m2!3d10.5343178!4d119.268726!16s%2Fg%2F11yvh6pw5n!19sChIJa84cZADXtTMRp6_Fg0t-M7M?authuser=0&hl=en&rclk=1,"massage spa in San Vicente, Palawan, Philippines",San Vicente
MELF SPA MASSAGE,5.0,(3),,,,,Massage Spa,,,https://lh3.googleusercontent.com/gps-cs-s/APNQkAFswdQBeNpMMIpzVcFxbRGIsfSLhZw3g-nRLLcJe3ZCSys-raMP79sOwQ_PycOVVwFJl-KxJGEWdNmIxBDQuMF7OaXP1UZSW56mBNQXT5p2V53ZY66F4MeY1UtSKIVWCAOrCSLMZt3-kvE=w1600-h1200-k-no,,,10.4096088,119.1775928,https://www.google.com/maps/place/MELF+SPA+MASSAGE/data=!4m7!3m6!1s0x33b5c5007ee78ecb:0x1518561a6a4eb39b!8m2!3d10.4096088!4d119.1775928!16s%2Fg%2F11xl619vz4!19sChIJy47nfgDFtTMRm7NOahpWGBU?authuser=0&hl=en&rclk=1,"massage spa in San Vicente, Palawan, Philippines",San Vicente
Melody’s massage parlor,4.6,(17),,,,,Massage Spa,1 hour massage each at Melody,,https://lh3.googleusercontent.com/gps-cs-s/APNQkAGIWrgpv9m4YE4W8xmISoJgn9bAanL5w67Qh8PcU8YeTV7-d_dHzTHMleNi_A2E-sVAqvuEG-zfWH_tWP4PuAW2q6YqlLWOwiQoLBEte_xPPKTLBpRR68MwBcszxXXfLOl6HUTEi7-EhUVJ=w1600-h1200-k-no,,,10.4072124,119.1742836,https://www.google.com/maps/place/Melody%E2%80%99s+massage+parlor/data=!4m7!3m6!1s0x33b5c5003464c4a9:0xf798aab7328ad4f3!8m2!3d10.4072124!4d119.1742836!16s%2Fg%2F11yc8q42sq!19sChIJqcRkNADFtTMR89SKMreqmPc?authuser=0&hl=en&rclk=1,"massage spa in San Vicente, Palawan, Philippines",San Vicente
Hidden Spa,4.4,(43),,,,,Massage Spa,,,https://lh3.googleusercontent.com/gps-cs-s/APNQkAF3S8pyMixaRIcaYEpJ9Laqcer3LsEepEbW2kLomUFxf3X6FBtRdpUYQZEpPob6nmoGADI6jY8Na51GhZ1gCCAlpdFHjePH04nvnvVoCI3GJiA9KmZBZ2b3ltNrMhWqaYRDHEGqgQxbD6Hn=w1600-h1200-k-no,,,10.4129433,119.1774378,https://www.google.com/maps/place/Hidden+Spa/data=!4m7!3m6!1s0x33b5c5490be54fad:0x8402859e0d6e878f!8m2!3d10.4129433!4d119.1774378!16s%2Fg%2F11lz5xrtl1!19sChIJrU_lC0nFtTMRj4duDZ6FAoQ?authuser=0&hl=en&rclk=1,"massage spa in San Vicente, Palawan, Philippines",San Vicente
Tiu Massage Center,4.5,(65),,,,,Massage Spa,,,https://lh3.googleusercontent.com/gps-cs-s/APNQkAGk-jYes0pNBdLE16CEWViBCYnstWfQfk5VB9M8E1Cz30c3uDkzXfavvFSTIx-u3plr3N0xwm8bO5qfvPcw_jByWkKJFky6AvsOF_k7X0nMreIjZcZfgn3XgTj3VJIsa5_YgfmS=w1600-h1200-k-no,,,10.4143203,119.178738,https://www.google.com/maps/place/Tiu+Massage+Center/data=!4m7!3m6!1s0x33b5dd4bb42eb84b:0xc8643197ef47f29e!8m2!3d10.4143203!4d119.178738!16s%2Fg%2F11rrqlnprg!19sChIJS7gutEvdtTMRnvJH75cxZMg?authuser=0&hl=en&rclk=1,"massage spa in San Vicente, Palawan, Philippines",San Vicente
Cabungan Wellness Massage,4.5,(45),,,,,Massage Spa,,,https://lh3.googleusercontent.com/gps-cs-s/APNQkAGsKI-iHbC-DkJzEj4l3oQp9nnJ-DKre1zFxeIrJKpda2Ym3WIpjGvA2ahVa2FZc8GSQ_UIIG9v7nZABpXAnLE1Rf1OAWYT-8VHxpSVSe9pVnTtEMpNEP3CNK2pw83_eKoU-U790QGQ3D8=w1600-h1200-k-no,,,10.412942,119.1774284,https://www.google.com/maps/place/Cabungan+Wellness+Massage/data=!4m7!3m6!1s0x33b5c56d7029e0f5:0xb1bd19876069f12a!8m2!3d10.412942!4d119.1774284!16s%2Fg%2F11tsr2flq4!19sChIJ9eApcG3FtTMRKvFpYIcZvbE?authuser=0&hl=en&rclk=1,"massage spa in San Vicente, Palawan, Philippines",San Vicente
OPSOL MASSAGE CENTER,4.6,(60),,,,,Massage Spa,600 pesos,,https://lh3.googleusercontent.com/gps-cs-s/APNQkAHUNDLNRcw7Jrr4c1HhjG0qL_szy2QRgoHte7rJ1-_8O666RXUAkReo9YobNzWLpF1m3CvmTv6Kd8fxfJYFhEIPjm3PSSdj6gfk71V5vfrfQuHwdoo6RYh37DLckiZwKPPNwheFlluI7Uit=w1600-h1200-k-no,,,10.4138507,119.1795054,https://www.google.com/maps/place/OPSOL+MASSAGE+CENTER/data=!4m7!3m6!1s0x33b5c5003ebcee2f:0xf4460313616be6d8!8m2!3d10.4138507!4d119.1795054!16s%2Fg%2F11xw1zycnr!19sChIJL-68PgDFtTMR2OZrYRMDRvQ?authuser=0&hl=en&rclk=1,"massage spa in San Vicente, Palawan, Philippines",San Vicente
Summerhomes Massage Parlor,4.9,(18),,,,,Massage Spa,,,https://lh3.googleusercontent.com/gps-cs-s/APNQkAH-aDxRf3MbcmhdMKYCHLrlCfjygLRxao1-A9xbqkBP8nYQlre1tSdUB9pxeBJ9hxwTofSVFwVNvdg9QGCZqGfYVa9BsaIYfgH9SUwPs4AizGpgJgJrRdJGQ9PHE-xMnKNryUQbKgvydbyd=w1600-h1200-k-no,,,10.4138724,119.177834,https://www.google.com/maps/place/Summerhomes+Massage+Parlor/data=!4m7!3m6!1s0x33b5c52afb11b1e1:0x385b750487eb358!8m2!3d10.4138724!4d119.177834!16s%2Fg%2F11x1jxfvq4!19sChIJ4bER-yrFtTMRWLN-SFC3hQM?authuser=0&hl=en&rclk=1,"massage spa in San Vicente, Palawan, Philippines",San Vicente
Aldubpia Massage Spa,4.4,(29),,,,,Massage Spa,,,https://lh3.googleusercontent.com/gps-cs-s/APNQkAHlw7EgBxxv_ZWxDQedZ9VIpl9xpgV2Yok0HujRK-ho2ugsDMS7SdKMaK1iSWPrhPJliyvIPxguauxQC-lp09XBvACxn5xlPaa2ltJiC6MTHCbFuYXknKdpCLlJ5E-y55PsvKRQ=w1600-h1200-k-no,,,10.4142435,119.1780574,https://www.google.com/maps/place/Aldubpia+Massage+Spa/data=!4m7!3m6!1s0x33b5c54dfcd5ac6d:0xe376cc71807dd0e2!8m2!3d10.4142435!4d119.1780574!16s%2Fg%2F11j0tl5tx5!19sChIJbazV_E3FtTMR4tB9gHHMduM?authuser=0&hl=en&rclk=1,"massage spa in San Vicente, Palawan, Philippines",San Vicente
Hynails Services,4.9,(310),,,,,Massage Spa,,,https://lh3.googleusercontent.com/gps-cs-s/APNQkAE25uEjAwFXAHvdoKMlG2oK2JhlvhM-qtVsSmBvWZe-TAHP3ZMMb-Z2xoQyqL87pO3e6UqibdiW7-Qp-xP_IerlUCr0ua0gQXBzAUQ8hu7Bn8yoQZ6-F8ii-xe-sA2VoMoqG3BHBe937Lxo=w1600-h1200-k-no,,,10.4125155,119.1787146,https://www.google.com/maps/place/Hynails+Services/data=!4m7!3m6!1s0x33b5dbb0d3ec4e0f:0x221c7d2a5d49ef6d!8m2!3d10.4125155!4d119.1787146!16s%2Fg%2F11vyqxqxkz!19sChIJD07s07DbtTMRbe9JXSp9HCI?authuser=0&hl=en&rclk=1,"massage spa in San Vicente, Palawan, Philippines",San Vicente
KawaLiftGym,5.0,(54),994 447 7533,https://wa.me/9944477533,,,Gym,0994 447 7533,,,,,10.4048038,119.1725988,https://www.google.com/maps/place/KawaLiftGym/data=!4m7!3m6!1s0x33b5c5001260bf41:0xce7dca47c374f0cc!8m2!3d10.4048038!4d119.1725988!16s%2Fg%2F11mzf4s8q1!19sChIJQb9gEgDFtTMRzPB0w0fKfc4?authuser=0&hl=en&rclk=1,"gym in San Vicente, Palawan, Philippines",San Vicente
Jungle Fitness Port Barton,4.9,(125),927 391 3456,https://wa.me/9273913456,,,Gym,0927 391 3456,,,,,10.4086451,119.1783189,https://www.google.com/maps/place/Jungle+Fitness+Port+Barton/data=!4m7!3m6!1s0x33b5c52fecb3743b:0xb1049b60a8146a7f!8m2!3d10.4086451!4d119.1783189!16s%2Fg%2F11yd5bxjjm!19sChIJO3Sz7C_FtTMRf2oUqGCbBLE?authuser=0&hl=en&rclk=1,"gym in San Vicente, Palawan, Philippines",San Vicente
PRIMAL Fitness and Mixed Martial Arts,4.9,(43),995 639 1998,https://wa.me/9956391998,,,Gym,0995 639 1998,,,,,10.4090714,119.175942,https://www.google.com/maps/place/PRIMAL+Fitness+and+Mixed+Martial+Arts/data=!4m7!3m6!1s0x33b5c58d367bc90d:0xbc56332770127e51!8m2!3d10.4090714!4d119.175942!16s%2Fg%2F11zj2jwgt_!19sChIJDcl7No3FtTMRUX4ScCczVrw?authuser=0&hl=en&rclk=1,"gym in San Vicente, Palawan, Philippines",San Vicente
Basketball Gym,4.5,(2),,,,,Gym,,,,,,10.4113185,119.1782039,https://www.google.com/maps/place/Basketball+Gym/data=!4m7!3m6!1s0x33b5c500346c7eed:0x2dbd684e9728f5b9!8m2!3d10.4113185!4d119.1782039!16s%2Fg%2F11x678z8wt!19sChIJ7X5sNADFtTMRufUol05ovS0?authuser=0&hl=en&rclk=1,"gym in San Vicente, Palawan, Philippines",San Vicente
San Vicente Municipal Gymnasium,4.7,(7),,,,,Gym,,,,,,10.5272747,119.2561952,https://www.google.com/maps/place/San+Vicente+Municipal+Gymnasium/data=!4m7!3m6!1s0x33b5d70416491dff:0x5d35a5ea270f4720!8m2!3d10.5272747!4d119.2561952!16s%2Fg%2F11j7jytzsl!19sChIJ_x1JFgTXtTMRIEcPJ-qlNV0?authuser=0&hl=en&rclk=1,"gym in San Vicente, Palawan, Philippines",San Vicente
"Lunazul Guesthouse_Restaurant, Coworking Space & Gym",4.6,(282),945 438 8384,https://wa.me/9454388384,,,Gym,0945 438 8384,https://www.booking.com/hotel/ph/lunazul-guesthouse.en-gb.html?fbclid=PAAaYsZ2L27RJnb5z1AM_W2sSqWI_6shFXnnX-wND3_D4Wf_VMih1Jkhkq3Rw,,,,10.4088035,119.175164,"https://www.google.com/maps/place/Lunazul+Guesthouse_Restaurant,+Coworking+Space+%26+Gym/data=!4m11!3m10!1s0x33b5c4d1ca4517e7:0xf7795bd6228a613d!5m3!1s2026-10-31!4m1!1i2!8m2!3d10.4088035!4d119.175164!16s%2Fg%2F11fb0w4_73!19sChIJ5xdFytHEtTMRPWGKItZbefc?authuser=0&hl=en&rclk=1","gym in San Vicente, Palawan, Philippines",San Vicente
Foxy's Beach resort,4.3,(80),999 733 1787,https://wa.me/9997331787,,,Gym,0999 733 1787,,,,,10.512412,119.2692706,https://www.google.com/maps/place/Foxy%27s+Beach+resort/data=!4m11!3m10!1s0x33b5d71986fab3e9:0xa5f7c4a0dce8e74a!5m3!1s2026-10-31!4m1!1i2!8m2!3d10.512412!4d119.2692706!16s%2Fg%2F11gbp2rlts!19sChIJ6bP6hhnXtTMRSufo3KDE96U?authuser=0&hl=en&rclk=1,"gym in San Vicente, Palawan, Philippines",San Vicente
La Vida Bonita Bed and Breakfast,4.9,(94),968 202 9118,https://wa.me/9682029118,,,Gym,0968 202 9118,https://lavidabonitaph.com/,,,,10.5621494,119.3014555,https://www.google.com/maps/place/La+Vida+Bonita+Bed+and+Breakfast/data=!4m11!3m10!1s0x33b5d7fa09dfd741:0x8562e5445b20f697!5m3!1s2026-10-31!4m1!1i2!8m2!3d10.5621494!4d119.3014555!16s%2Fg%2F11m6frbj8p!19sChIJQdffCfrXtTMRl_YgW0TlYoU?authuser=0&hl=en&rclk=1,"gym in San Vicente, Palawan, Philippines",San Vicente
CocoRico Hostel,4.8,"(1,578)",961 998 5109,https://wa.me/9619985109,,,Gym,0961 998 5109,,,,,10.4111024,119.1770158,https://www.google.com/maps/place/CocoRico+Hostel/data=!4m11!3m10!1s0x33b5c5b199a23e13:0x6566fb650c671923!5m3!1s2026-10-31!4m1!1i2!8m2!3d10.4111024!4d119.1770158!16s%2Fg%2F11fhkj8dpf!19sChIJEz6imbHFtTMRIxlnDGX7ZmU?authuser=0&hl=en&rclk=1,"gym in San Vicente, Palawan, Philippines",San Vicente
Sunset Beach Resort,4.8,(147),919 974 3997,https://wa.me/9199743997,,,Gym,0919 974 3997,http://www.sunsetbeach-palawan.com/,,,,10.518025,119.2655728,https://www.google.com/maps/place/Sunset+Beach+Resort/data=!4m11!3m10!1s0x33b5d70fc0926261:0x7662ac86d0637756!5m3!1s2026-10-31!4m1!1i2!8m2!3d10.518025!4d119.2655728!16s%2Fg%2F11byx8mrvs!19sChIJYWKSwA_XtTMRVndj0IasYnY?authuser=0&hl=en&rclk=1,"gym in San Vicente, Palawan, Philippines",San Vicente
PRIMAL Cafe,5.0,(23),,,,,Gym,,,,,,10.4089199,119.1759384,https://www.google.com/maps/place/PRIMAL+Cafe/data=!4m7!3m6!1s0x33b5c500243e97cf:0x9fb0594bcc3e6b72!8m2!3d10.4089199!4d119.1759384!16s%2Fg%2F11yylb5vkf!19sChIJz5c-JADFtTMRcms-zEtZsJ8?authuser=0&hl=en&rclk=1,"gym in San Vicente, Palawan, Philippines",San Vicente
Blue Cove Island Resort,4.4,(29),908 562 0879,https://wa.me/9085620879,,,Gym,0908 562 0879,,,,,10.5004413,119.1440027,https://www.google.com/maps/place/Blue+Cove+Island+Resort/data=!4m11!3m10!1s0x33b5dcbfffffffff:0xd257414aad366ea7!5m3!1s2026-10-31!4m1!1i2!8m2!3d10.5004413!4d119.1440027!16s%2Fg%2F11g6mc37th!19sChIJ_____7_ctTMRp242rUpBV9I?authuser=0&hl=en&rclk=1,"gym in San Vicente, Palawan, Philippines",San Vicente
MC22 PISOWIFI,5.0,(3),,,,,Public Wi-Fi,22 PISOWIFI  5,,,,,10.5392802,119.2379264,https://www.google.com/maps/place/MC22+PISOWIFI/data=!4m7!3m6!1s0x33b5d7003741d49b:0x4e058ad2bd3cf264!8m2!3d10.5392802!4d119.2379264!16s%2Fg%2F11vwwzxcls!19sChIJm9RBNwDXtTMRZPI8vdKKBU4?authuser=0&hl=en&rclk=1,"public wifi in San Vicente, Palawan, Philippines",San Vicente
Kape San Vicente,4.8,(80),993 946 5239,https://wa.me/9939465239,,https://www.facebook.com/kapesanvicente?mibextid=ZbWKwL,Public Wi-Fi,0993 946 5239,https://www.facebook.com/kapesanvicente?mibextid=ZbWKwL,,,,10.5319796,119.2591338,https://www.google.com/maps/place/Kape+San+Vicente/data=!4m7!3m6!1s0x33b5d73f84d110f3:0x4d63e60df818207d!8m2!3d10.5319796!4d119.2591338!16s%2Fg%2F11y30dct4f!19sChIJ8xDRhD_XtTMRfSAY-A3mY00?authuser=0&hl=en&rclk=1,"public wifi in San Vicente, Palawan, Philippines",San Vicente
Terminal Wifi Zone,4.6,(7),995 455 6627,https://wa.me/9954556627,,,Public Wi-Fi,0995 455 6627,,,,,10.4091077,119.1778347,https://www.google.com/maps/place/Terminal+Wifi+Zone/data=!4m7!3m6!1s0x33b5c551e9ae8463:0x7e6b7d09f3cae750!8m2!3d10.4091077!4d119.1778347!16s%2Fg%2F11fkdyq0pt!19sChIJY4Su6VHFtTMRUOfK8wl9a34?authuser=0&hl=en&rclk=1,"public wifi in San Vicente, Palawan, Philippines",San Vicente
RABO PISOWIFI,5.0,(2),,,,,Public Wi-Fi,,,,,,10.6129055,119.3279333,https://www.google.com/maps/place/RABO+PISOWIFI/data=!4m7!3m6!1s0x33b67f51435d3e7b:0xb063cdc610294675!8m2!3d10.6129055!4d119.3279333!16s%2Fg%2F11l29c84n1!19sChIJez5dQ1F_tjMRdUYpEMbNY7A?authuser=0&hl=en&rclk=1,"public wifi in San Vicente, Palawan, Philippines",San Vicente
ViVa! Coffee,4.9,(75),928 229 6948,https://wa.me/9282296948,,,Public Wi-Fi,0928 229 6948,,,,,10.4092878,119.1773596,https://www.google.com/maps/place/ViVa!+Coffee/data=!4m7!3m6!1s0x33b5c5eab56776c5:0xbb43ed665e1eb673!8m2!3d10.4092878!4d119.1773596!16s%2Fg%2F11yl_r85v3!19sChIJxXZnterFtTMRc7YeXmbtQ7s?authuser=0&hl=en&rclk=1,"public wifi in San Vicente, Palawan, Philippines",San Vicente
Victoria Beach House,4.0,(255),999 994 1332,https://wa.me/9999941332,,,Public Wi-Fi,0999 994 1332,https://hotel-ph.com/,,,,10.6081454,119.3248944,https://www.google.com/maps/place/Victoria+Beach+House/data=!4m11!3m10!1s0x33b5d7a15b7b5413:0xd9f32338057b1529!5m3!1s2026-10-31!4m1!1i2!8m2!3d10.6081454!4d119.3248944!16s%2Fg%2F11bzvw63g5!19sChIJE1R7W6HXtTMRKRV7BTgj89k?authuser=0&hl=en&rclk=1,"public wifi in San Vicente, Palawan, Philippines",San Vicente
San Vicente Municipal Hall,4.8,(17),,,,,Public Wi-Fi,,,,,,10.5267193,119.260106,https://www.google.com/maps/place/San+Vicente+Municipal+Hall/data=!4m7!3m6!1s0x33b5d70b065c793f:0xdda3d392bbdcc765!8m2!3d10.5267193!4d119.260106!16s%2Fg%2F11nw_ctcp4!19sChIJP3lcBgvXtTMRZcfcu5LTo90?authuser=0&hl=en&rclk=1,"public wifi in San Vicente, Palawan, Philippines",San Vicente
Surf House Palawan,5.0,(7),,,,,Public Wi-Fi,,https://www.surfhousepalawan.com/index.php/en/,,,,10.6058167,119.3253469,https://www.google.com/maps/place/Surf+House+Palawan/data=!4m11!3m10!1s0x33b67f292bcf341d:0xf3b1648432497f29!5m3!1s2026-10-31!4m1!1i2!8m2!3d10.6058167!4d119.3253469!16s%2Fg%2F11ybxc0l5w!19sChIJHTTPKyl_tjMRKX9JMoRksfM?authuser=0&hl=en&rclk=1,"public wifi in San Vicente, Palawan, Philippines",San Vicente
Dam Dam Place,4.5,(186),915 426 7261,https://wa.me/9154267261,,,Public Wi-Fi,0915 426 7261,,,,,10.4073949,119.1743131,https://www.google.com/maps/place/Dam+Dam+Place/data=!4m11!3m10!1s0x33b5c4d022fe14db:0xcd6b0f81a6affd71!5m3!1s2026-10-31!4m1!1i2!8m2!3d10.4073949!4d119.1743131!16s%2Fg%2F11hbqkfbtp!19sChIJ2xT-ItDEtTMRcf2vpoEPa80?authuser=0&hl=en&rclk=1,"public wifi in San Vicente, Palawan, Philippines",San Vicente
Garpeza Backpackers,4.3,(111),927 391 3456,https://wa.me/9273913456,,,Public Wi-Fi,0927 391 3456,https://us2.cloudbeds.com/reservation/LjJRBn,,,,10.4108536,119.1787373,https://www.google.com/maps/place/Garpeza+Backpackers/data=!4m11!3m10!1s0x33b5ddf1512bcb9f:0x586db4b5e44478d5!5m3!1s2026-10-31!4m1!1i2!8m2!3d10.4108536!4d119.1787373!16s%2Fg%2F11vxh3dzv5!19sChIJn8srUfHdtTMR1XhE5LW0bVg?authuser=0&hl=en&rclk=1,"public wifi in San Vicente, Palawan, Philippines",San Vicente
The Goofy Cheffe,4.9,(176),930 720 5704,https://wa.me/9307205704,,,Public Wi-Fi,0930 720 5704,,,,,10.4076747,119.1745954,https://www.google.com/maps/place/The+Goofy+Cheffe/data=!4m7!3m6!1s0x33b5c55742c9ce9f:0x4ba09f60239d446d!8m2!3d10.4076747!4d119.1745954!16s%2Fg%2F11l5h9_d6t!19sChIJn87JQlfFtTMRbUSdI2CfoEs?authuser=0&hl=en&rclk=1,"public wifi in San Vicente, Palawan, Philippines",San Vicente
Trisha Guesthouse,4.5,(82),931 900 5669,https://wa.me/9319005669,,,Public Wi-Fi,0931 900 5669,,,,,10.4090459,119.1765624,https://www.google.com/maps/place/Trisha+Guesthouse/data=!4m11!3m10!1s0x33b5dbb3487b1bcd:0x1d3334f1e74cfc83!5m3!1s2026-10-31!4m1!1i2!8m2!3d10.4090459!4d119.1765624!16s%2Fg%2F11h1djw2s8!19sChIJzRt7SLPbtTMRg_xM5_E0Mx0?authuser=0&hl=en&rclk=1,"public wifi in San Vicente, Palawan, Philippines",San Vicente
Milano Café,4.6,(467),905 223 3163,https://wa.me/9052233163,,,Public Wi-Fi,0905 223 3163,,,,,10.4098978,119.1771824,https://www.google.com/maps/place/Milano+Caf%C3%A9/data=!4m7!3m6!1s0x33b5c5aa54c5d2b3:0xd0eb89249cc00c73!8m2!3d10.4098978!4d119.1771824!16s%2Fg%2F11fcq38s38!19sChIJs9LFVKrFtTMRcwzAnCSJ69A?authuser=0&hl=en&rclk=1,"public wifi in San Vicente, Palawan, Philippines",San Vicente
LADY ghagha pension house room rental's,4.9,(62),945 600 3872,https://wa.me/9456003872,,,Public Wi-Fi,0945 600 3872,,,,,10.4104909,119.1767044,https://www.google.com/maps/place/LADY+ghagha+pension+house+room+rental%27s/data=!4m11!3m10!1s0x33b5c55c93bb8457:0xadb9c999c8fba5b2!5m3!1s2026-10-31!4m1!1i2!8m2!3d10.4104909!4d119.1767044!16s%2Fg%2F11t0n588ch!19sChIJV4S7k1zFtTMRsqX7yJnJua0?authuser=0&hl=en&rclk=1,"public wifi in San Vicente, Palawan, Philippines",San Vicente
Bay Brew Resto Bar & Cafe,4.7,(183),966 639 1455,https://wa.me/9666391455,https://www.instagram.com/baybrewrestobar.cafe/,,Public Wi-Fi,0966 639 1455,https://www.instagram.com/baybrewrestobar.cafe/,,,,10.4100399,119.1760186,https://www.google.com/maps/place/Bay+Brew+Resto+Bar+%26+Cafe/data=!4m7!3m6!1s0x33b5c57d7e77993d:0x13c1800b55468780!8m2!3d10.4100399!4d119.1760186!16s%2Fg%2F11l5ryvr3k!19sChIJPZl3fn3FtTMRgIdGVQuAwRM?authuser=0&hl=en&rclk=1,"public wifi in San Vicente, Palawan, Philippines",San Vicente
San Vicente Palawan PH,4.2,(6),,,,,Public Wi-Fi,,https://www.sanvicentepalawan.ph/,,,,10.528732,119.2537879,https://www.google.com/maps/place/San+Vicente+Palawan+PH/data=!4m7!3m6!1s0x33b5d7c554792d2d:0xa443f3b58255ebac!8m2!3d10.528732!4d119.2537879!16s%2Fg%2F11y45jpf1t!19sChIJLS15VMXXtTMRrOtVgrXzQ6Q?authuser=0&hl=en&rclk=1,"public wifi in San Vicente, Palawan, Philippines",San Vicente
Vincent Lloyd Guest House,4.8,(35),,,,,Public Wi-Fi,,,,,,10.4093318,119.1787481,https://www.google.com/maps/place/Vincent+Lloyd+Guest+House/data=!4m11!3m10!1s0x33b5c5c24885ca35:0xaf8471e075d2252b!5m3!1s2026-10-31!4m1!1i2!8m2!3d10.4093318!4d119.1787481!16s%2Fg%2F11srd71py_!19sChIJNcqFSMLFtTMRKyXSdeBxhK8?authuser=0&hl=en&rclk=1,"public wifi in San Vicente, Palawan, Philippines",San Vicente
Nativo D’ Kubo,4.7,(57),997 284 4434,https://wa.me/9972844434,,,Public Wi-Fi,0997 284 4434,,,,,10.538673,119.2796245,https://www.google.com/maps/place/Nativo+D%E2%80%99+Kubo/data=!4m11!3m10!1s0x33b5d71d9614b92f:0x7bcf60aa7d17c66e!5m3!1s2026-10-31!4m1!1i2!8m2!3d10.538673!4d119.2796245!16s%2Fg%2F11fjbkfnw6!19sChIJL7kUlh3XtTMRbsYXfapgz3s?authuser=0&hl=en&rclk=1,"public wifi in San Vicente, Palawan, Philippines",San Vicente
Camp Backpackers Port Barton,4.5,(37),910 394 2025,https://wa.me/9103942025,,,Public Wi-Fi,0910 394 2025,http://www.campbackpackersportbarton.com/,,,,10.4095192,119.1780033,https://www.google.com/maps/place/Camp+Backpackers+Port+Barton/data=!4m11!3m10!1s0x33b5c554e6ba275d:0xcce4660f7c47395e!5m3!1s2026-10-31!4m1!1i2!8m2!3d10.4095192!4d119.1780033!16s%2Fg%2F11shsq8zn7!19sChIJXSe65lTFtTMRXjlHfA9m5Mw?authuser=0&hl=en&rclk=1,"public wifi in San Vicente, Palawan, Philippines",San Vicente
Pisces tourist inn,4.3,(87),,,,,Public Wi-Fi,,,,,,10.4129018,119.1794366,https://www.google.com/maps/place/Pisces+tourist+inn/data=!4m11!3m10!1s0x33b5c55536b5d341:0xfeabf80557bf7185!5m3!1s2026-10-31!4m1!1i2!8m2!3d10.4129018!4d119.1794366!16s%2Fg%2F11fr0v16l8!19sChIJQdO1NlXFtTMRhXG_VwX4q_4?authuser=0&hl=en&rclk=1,"public wifi in San Vicente, Palawan, Philippines",San Vicente
Islanders Hostel Port Barton,4.6,(118),916 455 6020,https://wa.me/9164556020,,,Public Wi-Fi,0916 455 6020,http://islandershostel.com/,,,,10.4096261,119.1777182,https://www.google.com/maps/place/Islanders+Hostel+Port+Barton/data=!4m7!3m6!1s0x33b5c5af72e697af:0xaec8b266f3457e01!8m2!3d10.4096261!4d119.1777182!16s%2Fg%2F11y6q59484!19sChIJr5fmcq_FtTMRAX5F82ayyK4?authuser=0&hl=en&rclk=1,"public wifi in San Vicente, Palawan, Philippines",San Vicente
La Bella Swiss Inn,4.4,(41),968 683 4190,https://wa.me/9686834190,,https://www.facebook.com/labellaswissinn,Public Wi-Fi,0968 683 4190,https://www.facebook.com/labellaswissinn,,,,10.5575988,119.2967779,https://www.google.com/maps/place/La+Bella+Swiss+Inn/data=!4m11!3m10!1s0x33b5d7137c2b9899:0xa28d40f3715895c3!5m3!1s2026-10-31!4m1!1i2!8m2!3d10.5575988!4d119.2967779!16s%2Fg%2F11sc0tm748!19sChIJmZgrfBPXtTMRw5VYcfNAjaI?authuser=0&hl=en&rclk=1,"public wifi in San Vicente, Palawan, Philippines",San Vicente
FatCat Bistro Port Barton,4.2,(642),945 735 7807,https://wa.me/9457357807,,,Public Wi-Fi,0945 735 7807,https://fatcatbistro.ph/,,,,10.4068379,119.1743727,https://www.google.com/maps/place/FatCat+Bistro+Port+Barton/data=!4m7!3m6!1s0x33b5c59cc2d2883d:0xc772be700401f0bc!8m2!3d10.4068379!4d119.1743727!16s%2Fg%2F11tp9m75xb!19sChIJPYjSwpzFtTMRvPABBHC-csc?authuser=0&hl=en&rclk=1,"public wifi in San Vicente, Palawan, Philippines",San Vicente
Charity's Pension House,4.7,(30),907 827 9669,https://wa.me/9078279669,,,Public Wi-Fi,0907 827 9669,https://petrstraveltips.com/charity-homestay-philippines,,,,10.4074378,119.1749602,https://www.google.com/maps/place/Charity%27s+Pension+House/data=!4m11!3m10!1s0x33b5c4d0153a5833:0x88b9fdf18c68f3e0!5m3!1s2026-10-31!4m1!1i2!8m2!3d10.4074378!4d119.1749602!16s%2Fg%2F11f3y18690!19sChIJM1g6FdDEtTMR4PNojPH9uYg?authuser=0&hl=en&rclk=1,"public wifi in San Vicente, Palawan, Philippines",San Vicente
JBR Tourist Inn,3.9,(81),939 596 2197,https://wa.me/9395962197,,,Public Wi-Fi,0939 596 2197,https://hotel-ph.com/,,,,10.4128786,119.1790415,https://www.google.com/maps/place/JBR+Tourist+Inn/data=!4m11!3m10!1s0x33b5db296a543db1:0xa7077924093746c8!5m3!1s2026-10-31!4m1!1i2!8m2!3d10.4128786!4d119.1790415!16s%2Fg%2F11dz180cgf!19sChIJsT1UainbtTMRyEY3CSR5B6c?authuser=0&hl=en&rclk=1,"public wifi in San Vicente, Palawan, Philippines",San Vicente
Cheers Brew Snack House,4.9,(344),,,,,Public Wi-Fi,,https://restaurantguru.com/Cheers-Brew-Cafe-San-Vicente-MIMAROPA,,,,10.4116866,119.1779165,https://www.google.com/maps/place/Cheers+Brew+Snack+House/data=!4m7!3m6!1s0x33b5c5df6c3091db:0x4a0e49c031914841!8m2!3d10.4116866!4d119.1779165!16s%2Fg%2F11khzsz6kj!19sChIJ25EwbN_FtTMRQUiRMcBJDko?authuser=0&hl=en&rclk=1,"public wifi in San Vicente, Palawan, Philippines",San Vicente
My green hostel,4.1,(200),960 416 0341,https://wa.me/9604160341,,,Public Wi-Fi,0960 416 0341,,,,,10.4077735,119.1737317,https://www.google.com/maps/place/My+green+hostel/data=!4m11!3m10!1s0x33b5c5e782f49947:0x2dcdcf3b0a70231b!5m3!1s2026-10-31!4m1!1i2!8m2!3d10.4077735!4d119.1737317!16s%2Fg%2F11h5rdjg42!19sChIJR5n0gufFtTMRGyNwCjvPzS0?authuser=0&hl=en&rclk=1,"public wifi in San Vicente, Palawan, Philippines",San Vicente
Club Agutaya,4.3,(228),917 898 1047,https://wa.me/9178981047,,,Public Wi-Fi,0917 898 1047,https://www.clubagutaya.com/,,,,10.5647136,119.3020493,https://www.google.com/maps/place/Club+Agutaya/data=!4m11!3m10!1s0x33b5d61ffd477b07:0xc99349ff1b00d82e!5m3!1s2026-10-31!4m1!1i2!8m2!3d10.5647136!4d119.3020493!16s%2Fg%2F11cm_j7dlf!19sChIJB3tH_R_WtTMRLtgAG_9Jk8k?authuser=0&hl=en&rclk=1,"public wifi in San Vicente, Palawan, Philippines",San Vicente
Russell Place,4.5,(124),917 599 1666,https://wa.me/9175991666,,,Public Wi-Fi,0917 599 1666,,,,,10.4068134,119.1741283,https://www.google.com/maps/place/Russell+Place/data=!4m11!3m10!1s0x33b5c4d01c0e7469:0x2160d0668349680e!5m3!1s2026-10-31!4m1!1i2!8m2!3d10.4068134!4d119.1741283!16s%2Fg%2F11f3xgkdmy!19sChIJaXQOHNDEtTMRDmhJg2bQYCE?authuser=0&hl=en&rclk=1,"public wifi in San Vicente, Palawan, Philippines",San Vicente
Marina 4Rooms,4.1,(28),967 206 2327,https://wa.me/9672062327,,,Public Wi-Fi,0967 206 2327,https://www.marina4rooms.com/,,,,10.5301732,119.2536957,https://www.google.com/maps/place/Marina+4Rooms/data=!4m11!3m10!1s0x33b5d75baf22be89:0x5d13dac9cea33216!5m3!1s2026-10-31!4m1!1i2!8m2!3d10.5301732!4d119.2536957!16s%2Fg%2F11tjx57kd5!19sChIJib4ir1vXtTMRFjKjzsnaE10?authuser=0&hl=en&rclk=1,"public wifi in San Vicente, Palawan, Philippines",San Vicente
Jurisu Resort,4.1,(91),,,,,Public Wi-Fi,,,,,,10.5569782,119.2961799,https://www.google.com/maps/place/Jurisu+Resort/data=!4m11!3m10!1s0x33b5d6237ce1b667:0x7a26be68fd154c0a!5m3!1s2026-10-31!4m1!1i2!8m2!3d10.5569782!4d119.2961799!16s%2Fg%2F11byyhj3tw!19sChIJZ7bhfCPWtTMRCkwV_Wi-Jno?authuser=0&hl=en&rclk=1,"public wifi in San Vicente, Palawan, Philippines",San Vicente
Castaway Native Huts,4.4,(40),+49 171 9452272,https://wa.me/491719452272,,,Public Wi-Fi,49 171 9452272,https://castaway-palawan.com/,,,,10.4090386,119.1753076,https://www.google.com/maps/place/Castaway+Native+Huts/data=!4m11!3m10!1s0x33b5c577a6f3e745:0x92c08aa82d2a1cdf!5m3!1s2026-10-31!4m1!1i2!8m2!3d10.4090386!4d119.1753076!16s%2Fg%2F11spwz9_25!19sChIJRefzpnfFtTMR3xwqLaiKwJI?authuser=0&hl=en&rclk=1,"public wifi in San Vicente, Palawan, Philippines",San Vicente
San Vicente Airport,4.0,(33),,,,,Public Wi-Fi,,,,,,10.5233044,119.2746336,https://www.google.com/maps/place/San+Vicente+Airport/data=!4m7!3m6!1s0x33b5d7f17150e4e1:0xe1e2e44b494a46d8!8m2!3d10.5233044!4d119.2746336!16s%2Fm%2F0k0qpt8!19sChIJ4eRQcfHXtTMR2EZKSUvk4uE?authuser=0&hl=en&rclk=1,"public wifi in San Vicente, Palawan, Philippines",San Vicente
Shisha Bar,4.7,(3),995 093 5169,https://wa.me/9950935169,,,Public Wi-Fi,0995 093 5169,,,,,10.4102704,119.1828852,https://www.google.com/maps/place/Shisha+Bar/data=!4m7!3m6!1s0x33b5c5bf550a0a69:0x454c5af1b26845c9!8m2!3d10.4102704!4d119.1828852!16s%2Fg%2F11ys0097_2!19sChIJaQoKVb_FtTMRyUVosvFaTEU?authuser=0&hl=en&rclk=1,"public wifi in San Vicente, Palawan, Philippines",San Vicente
BING-VICE Tourist inn,4.5,(89),915 092 4299,https://wa.me/9150924299,,,Public Wi-Fi,0915 092 4299,,,,,10.4122023,119.1790607,https://www.google.com/maps/place/BING-VICE+Tourist+inn/data=!4m11!3m10!1s0x33b5c4d38d8dba0d:0xb08f53e3fc0fc8c4!5m3!1s2026-10-31!4m1!1i2!8m2!3d10.4122023!4d119.1790607!16s%2Fg%2F11f0knd3qp!19sChIJDbqNjdPEtTMRxMgP_ONTj7A?authuser=0&hl=en&rclk=1,"public wifi in San Vicente, Palawan, Philippines",San Vicente
Backpacker's Hill Resort,4.6,(58),906 453 5088,https://wa.me/9064535088,,,Public Wi-Fi,0906 453 5088,,,,,10.4069881,119.1840226,https://www.google.com/maps/place/Backpacker%27s+Hill+Resort/data=!4m11!3m10!1s0x33b5c5ee60b38935:0xae1918f57418777!5m3!1s2026-10-31!4m1!1i2!8m2!3d10.4069881!4d119.1840226!16s%2Fg%2F11fnytdl69!19sChIJNYmzYO7FtTMRd4dBV4-R4Qo?authuser=0&hl=en&rclk=1,"public wifi in San Vicente, Palawan, Philippines",San Vicente
Lazuli Resort,4.6,(145),917 812 5711,https://wa.me/9178125711,,,Public Wi-Fi,0917 812 5711,http://www.lazuliresort.com/,,,,10.6036923,119.3241811,https://www.google.com/maps/place/Lazuli+Resort/data=!4m11!3m10!1s0x33b679a62ad901a3:0x903ba9f26fd1d4d6!5m3!1s2026-10-31!4m1!1i2!8m2!3d10.6036923!4d119.3241811!16s%2Fg%2F11gxpsl08l!19sChIJowHZKqZ5tjMR1tTRb_KpO5A?authuser=0&hl=en&rclk=1,"public wifi in San Vicente, Palawan, Philippines",San Vicente
Carbonilla Internet Shop,5.0,(1),997 375 1414,https://wa.me/9973751414,,https://www.facebook.com/Carbonilla-internet-cafe-1713222142325887/,Public Wi-Fi,,https://www.facebook.com/Carbonilla-internet-cafe-1713222142325887/,,,,10.409886,119.1777284,https://www.google.com/maps/place/Carbonilla+Internet+Shop/data=!4m7!3m6!1s0x33b5c4d16d66ec1b:0x95f4bb1cdc876e20!8m2!3d10.409886!4d119.1777284!16s%2Fg%2F11c6ldsqwl!19sChIJG-xmbdHEtTMRIG6H3By79JU?authuser=0&hl=en&rclk=1,"public wifi in San Vicente, Palawan, Philippines",San Vicente
Summer Homes Beach Resort & Cottages,4.4,(125),995 876 8228,https://wa.me/9958768228,,,Public Wi-Fi,0995 876 8228,,,,,10.4139661,119.1780061,https://www.google.com/maps/place/Summer+Homes+Beach+Resort+%26+Cottages/data=!4m11!3m10!1s0x33b5d4515784e721:0x3e0559592515c420!5m3!1s2026-10-31!4m1!1i2!8m2!3d10.4139661!4d119.1780061!16s%2Fg%2F11xclpk1q!19sChIJIeeEV1HUtTMRIMQVJVlZBT4?authuser=0&hl=en&rclk=1,"public wifi in San Vicente, Palawan, Philippines",San Vicente
Yellow Hauz,4.3,(32),917 119 6392,https://wa.me/9171196392,,,Public Wi-Fi,0917 119 6392,,,,,10.4107222,119.1765433,https://www.google.com/maps/place/Yellow+Hauz/data=!4m11!3m10!1s0x33b5c5670b6a8ed1:0x9b24df5ef697b107!5m3!1s2026-10-31!4m1!1i2!8m2!3d10.4107222!4d119.1765433!16s%2Fg%2F11gxmv044x!19sChIJ0Y5qC2fFtTMRB7GX9l7fJJs?authuser=0&hl=en&rclk=1,"public wifi in San Vicente, Palawan, Philippines",San Vicente
UTOPIA Port Barton,4.8,(18),,,,,Public Wi-Fi,,,,,,10.4063879,119.1737411,https://www.google.com/maps/place/UTOPIA+Port+Barton/data=!4m7!3m6!1s0x33b5db557d812553:0x5635f1de4d820f90!8m2!3d10.4063879!4d119.1737411!16s%2Fg%2F11x6jkhgxn!19sChIJUyWBfVXbtTMRkA-CTd7xNVY?authuser=0&hl=en&rclk=1,"public wifi in San Vicente, Palawan, Philippines",San Vicente
MiL's Hillside Tourist Inn,4.2,(37),966 196 2763,https://wa.me/9661962763,,https://www.facebook.com/MiLHillsideTouristInn?mibextid=ZbWKwL,Public Wi-Fi,0966 196 2763,https://www.facebook.com/MiLHillsideTouristInn?mibextid=ZbWKwL,,,,10.4087637,119.1789267,https://www.google.com/maps/place/MiL%27s+Hillside+Tourist+Inn/data=!4m11!3m10!1s0x33b5c4d9c3516029:0xcd44598d3eeaf124!5m3!1s2026-10-31!4m1!1i2!8m2!3d10.4087637!4d119.1789267!16s%2Fg%2F11dxqmzvf7!19sChIJKWBRw9nEtTMRJPHqPo1ZRM0?authuser=0&hl=en&rclk=1,"public wifi in San Vicente, Palawan, Philippines",San Vicente
Twin Reef,4.7,(69),,,,,Public Wi-Fi,,,,,,10.44246,119.1650314,https://www.google.com/maps/place/Twin+Reef/data=!4m7!3m6!1s0x33b5db10ff777fc5:0xb3ff7fd0c2ec0563!8m2!3d10.44246!4d119.1650314!16s%2Fg%2F11h7g3lw28!19sChIJxX93_xDbtTMRYwXswtB__7M?authuser=0&hl=en&rclk=1,"public wifi in San Vicente, Palawan, Philippines",San Vicente
Ziah's Guest House,4.9,(43),915 753 7388,https://wa.me/9157537388,,https://www.facebook.com/profile.php?id=61553665504939&mibextid=PzaGJu,Public Wi-Fi,0915 753 7388,https://www.facebook.com/profile.php?id=61553665504939&mibextid=PzaGJu,,,,10.4054937,119.1745782,https://www.google.com/maps/place/Ziah%27s+Guest+House/data=!4m11!3m10!1s0x33b5dd8dc389b571:0x312292fd4a79ab96!5m3!1s2026-10-31!4m1!1i2!8m2!3d10.4054937!4d119.1745782!16s%2Fg%2F11vj19505g!19sChIJcbWJw43dtTMRlqt5Sv2SIjE?authuser=0&hl=en&rclk=1,"public wifi in San Vicente, Palawan, Philippines",San Vicente
BFF Backpacker's Inn,4.7,(48),917 120 0045,https://wa.me/9171200045,,,Public Wi-Fi,0917 120 0045,,,,,10.4118006,119.1788077,https://www.google.com/maps/place/BFF+Backpacker%27s+Inn/data=!4m11!3m10!1s0x33b5c553e68312d7:0xaece6dea89cc1124!5m3!1s2026-10-31!4m1!1i2!8m2!3d10.4118006!4d119.1788077!16s%2Fg%2F11gycx9j4l!19sChIJ1xKD5lPFtTMRJBHMieptzq4?authuser=0&hl=en&rclk=1,"public wifi in San Vicente, Palawan, Philippines",San Vicente
Barton Bay Inn and Cafe,3.9,(10),906 448 8215,https://wa.me/9064488215,,,Public Wi-Fi,60906 448 8215,,,,,10.4129018,119.1774047,https://www.google.com/maps/place/Barton+Bay+Inn+and+Cafe/data=!4m7!3m6!1s0x33b5c5c594865d39:0x349470bbf4e58e98!8m2!3d10.4129018!4d119.1774047!16s%2Fg%2F11fl8mf40_!19sChIJOV2GlMXFtTMRmI7l9LtwlDQ?authuser=0&hl=en&rclk=1,"public wifi in San Vicente, Palawan, Philippines",San Vicente
Ferellee beachfront inn,3.7,(69),906 006 7136,https://wa.me/9060067136,,https://www.facebook.com/FerelleeBeachfrontInn/,Public Wi-Fi,0906 006 7136,https://www.facebook.com/FerelleeBeachfrontInn/,,,,10.4164657,119.1788567,https://www.google.com/maps/place/Ferellee+beachfront+inn/data=!4m11!3m10!1s0x33b5db31df33660d:0x4db1966be30c9cc2!5m3!1s2026-10-31!4m1!1i2!8m2!3d10.4164657!4d119.1788567!16s%2Fg%2F11h7dp3360!19sChIJDWYz3zHbtTMRwpwM42uWsU0?authuser=0&hl=en&rclk=1,"public wifi in San Vicente, Palawan, Philippines",San Vicente
Ausan Beach Front Cottages and Restaurant,4.1,(585),927 895 1723,https://wa.me/9278951723,,,Public Wi-Fi,0927 895 1723,http://www.ausanbeachfront.com/,,,,10.4124121,119.1771937,https://www.google.com/maps/place/Ausan+Beach+Front+Cottages+and+Restaurant/data=!4m11!3m10!1s0x33b5d6fe55ae7ebd:0x5d182bab5391a587!5m3!1s2026-10-31!4m1!1i2!8m2!3d10.4124121!4d119.1771937!16s%2Fg%2F1hc4wjd1j!19sChIJvX6uVf7WtTMRh6WRU6srGF0?authuser=0&hl=en&rclk=1,"public wifi in San Vicente, Palawan, Philippines",San Vicente
Jamm Tourist Inn,4.6,(27),919 299 5647,https://wa.me/9192995647,,,Public Wi-Fi,0919 299 5647,,,,,10.5451242,119.2825653,https://www.google.com/maps/place/Jamm+Tourist+Inn/data=!4m11!3m10!1s0x33b5d64a6a1f8e1b:0x6ffe484fc6137561!5m3!1s2026-10-31!4m1!1i2!8m2!3d10.5451242!4d119.2825653!16s%2Fg%2F11fy_g32z5!19sChIJG44fakrWtTMRYXUTxk9I_m8?authuser=0&hl=en&rclk=1,"public wifi in San Vicente, Palawan, Philippines",San Vicente
Santa Claus Hilltop Port Barton,4.8,(46),926 708 0282,https://wa.me/9267080282,,,Public Wi-Fi,0926 708 0282,,,,,10.4085313,119.1784465,https://www.google.com/maps/place/Santa+Claus+Hilltop+Port+Barton/data=!4m11!3m10!1s0x33b5c4d0e0aaf7bd:0xa3916b9a213b6759!5m3!1s2026-10-31!4m1!1i2!8m2!3d10.4085313!4d119.1784465!16s%2Fg%2F11csb34nmg!19sChIJvfeq4NDEtTMRWWc7IZprkaM?authuser=0&hl=en&rclk=1,"public wifi in San Vicente, Palawan, Philippines",San Vicente
Ferranco Tourist Inn,4.7,(120),918 693 7198,https://wa.me/9186937198,,,Public Wi-Fi,0918 693 7198,https://peterstraveltips.com/ferranco-tourist-inn-philippines,,,,10.4121947,119.1793123,https://www.google.com/maps/place/Ferranco+Tourist+Inn/data=!4m11!3m10!1s0x33b5c4d38c7b9cd7:0x674e5d14846760e1!5m3!1s2026-10-31!4m1!1i2!8m2!3d10.4121947!4d119.1793123!16s%2Fg%2F11cns7fq33!19sChIJ15x7jNPEtTMR4WBnhBRdTmc?authuser=0&hl=en&rclk=1,"public wifi in San Vicente, Palawan, Philippines",San Vicente
Aquarius,4.4,(69),977 835 1414,https://wa.me/9778351414,,,Public Wi-Fi,0977 835 1414,http://aquariusportbarton.com/,,,,10.4140195,119.1788038,https://www.google.com/maps/place/Aquarius/data=!4m11!3m10!1s0x33b5c4d36fb5342d:0xac1d9f7d0d45d3ba!5m3!1s2026-10-31!4m1!1i2!8m2!3d10.4140195!4d119.1788038!16s%2Fg%2F11f4wv7l55!19sChIJLTS1b9PEtTMRutNFDX2fHaw?authuser=0&hl=en&rclk=1,"public wifi in San Vicente, Palawan, Philippines",San Vicente
Dreamer Resort,4.4,(69),926 620 9618,https://wa.me/9266209618,,,Public Wi-Fi,0926 620 9618,,,,,10.4076044,119.1734523,https://www.google.com/maps/place/Dreamer+Resort/data=!4m11!3m10!1s0x33b5c590754f7c3f:0xdd5b84eedc4d81e9!5m3!1s2026-10-31!4m1!1i2!8m2!3d10.4076044!4d119.1734523!16s%2Fg%2F11lc_l43sn!19sChIJP3xPdZDFtTMR6YFN3O6EW90?authuser=0&hl=en&rclk=1,"public wifi in San Vicente, Palawan, Philippines",San Vicente
Oasis Port Barton,4.4,(300),945 601 6606,https://wa.me/9456016606,,,Public Wi-Fi,0945 601 6606,https://www.oasisportbarton.com/,,,,10.4133868,119.1797549,https://www.google.com/maps/place/Oasis+Port+Barton/data=!4m11!3m10!1s0x33b5c5eb36d5d2e1:0x9d3b7de105efd9b5!5m3!1s2026-10-31!4m1!1i2!8m2!3d10.4133868!4d119.1797549!16s%2Fg%2F11h2bp9739!19sChIJ4dLVNuvFtTMRtdnvBeF9O50?authuser=0&hl=en&rclk=1,"public wifi in San Vicente, Palawan, Philippines",San Vicente
Shena Mae Pension,4.4,(37),,,,,Public Wi-Fi,,,,,,10.4103141,119.1766195,https://www.google.com/maps/place/Shena+Mae+Pension/data=!4m11!3m10!1s0x33b5c4d3d06b3993:0xf4e8c93a39dec4d9!5m3!1s2026-10-31!4m1!1i2!8m2!3d10.4103141!4d119.1766195!16s%2Fg%2F11f3n1tqyp!19sChIJkzlr0NPEtTMR2cTeOTrJ6PQ?authuser=0&hl=en&rclk=1,"public wifi in San Vicente, Palawan, Philippines",San Vicente
Westpoint Inn,4.7,(67),935 622 9801,https://wa.me/9356229801,,,Public Wi-Fi,0935 622 9801,https://petrstraveltips.com/westpoint-inn-philippines,,,,10.4110511,119.1783461,https://www.google.com/maps/place/Westpoint+Inn/data=!4m11!3m10!1s0x33b5c4d3e0a2ffdd:0xbffef1a5e45891ce!5m3!1s2026-10-31!4m1!1i2!8m2!3d10.4110511!4d119.1783461!16s%2Fg%2F11f3_s31dj!19sChIJ3f-i4NPEtTMRzpFY5KXx_r8?authuser=0&hl=en&rclk=1,"public wifi in San Vicente, Palawan, Philippines",San Vicente
Jake & Zyra,4.7,(63),,,,,Public Wi-Fi,,,,,,10.4066236,119.1742629,https://www.google.com/maps/place/Jake+%26+Zyra/data=!4m11!3m10!1s0x33b5c570474c91b9:0x9800c18fce76ad8a!5m3!1s2026-10-31!4m1!1i2!8m2!3d10.4066236!4d119.1742629!16s%2Fg%2F11g_xc43m0!19sChIJuZFMR3DFtTMRiq12zo_BAJg?authuser=0&hl=en&rclk=1,"public wifi in San Vicente, Palawan, Philippines",San Vicente
Besaga Beachfront Bed and Breakfast,4.3,(350),915 847 3515,https://wa.me/9158473515,,https://m.facebook.com/besagabeachfrontcottages/?_rdr,Public Wi-Fi,0915 847 3515,https://m.facebook.com/besagabeachfrontcottages/?_rdr,,,,10.4149686,119.1784758,https://www.google.com/maps/place/Besaga+Beachfront+Bed+and+Breakfast/data=!4m11!3m10!1s0x33b5c5ac00333531:0xf9a8e096b7842931!5m3!1s2026-10-31!4m1!1i2!8m2!3d10.4149686!4d119.1784758!16s%2Fg%2F11ll_1thzc!19sChIJMTUzAKzFtTMRMSmEt5bgqPk?authuser=0&hl=en&rclk=1,"public wifi in San Vicente, Palawan, Philippines",San Vicente
Nay Nildz Pension house,4.5,(19),995 960 1689,https://wa.me/9959601689,,,Public Wi-Fi,0995 960 1689,,,,,10.4098371,119.1766239,https://www.google.com/maps/place/Nay+Nildz+Pension+house/data=!4m11!3m10!1s0x33b5c5050c0b1e79:0xbe6a947986b1b296!5m3!1s2026-10-31!4m1!1i2!8m2!3d10.4098371!4d119.1766239!16s%2Fg%2F11vl97n_mk!19sChIJeR4LDAXFtTMRlrKxhnmUar4?authuser=0&hl=en&rclk=1,"public wifi in San Vicente, Palawan, Philippines",San Vicente
Eashanti’s Place,4.3,(51),917 938 9353,https://wa.me/9179389353,,,Public Wi-Fi,0917 938 9353,https://peterstraveltips.com/eashantis-place-philippines,,,,10.4070525,119.174003,https://www.google.com/maps/place/Eashanti%E2%80%99s+Place/data=!4m11!3m10!1s0x33b5c4d018a5b2e9:0x3ca787fb24babe33!5m3!1s2026-10-31!4m1!1i2!8m2!3d10.4070525!4d119.174003!16s%2Fg%2F11gghdj7fp!19sChIJ6bKlGNDEtTMRM766JPuHpzw?authuser=0&hl=en&rclk=1,"public wifi in San Vicente, Palawan, Philippines",San Vicente
jeno tourist inn,4.9,(70),935 036 5566,https://wa.me/9350365566,,,Public Wi-Fi,0935 036 5566,,,,,10.4093645,119.1788223,https://www.google.com/maps/place/jeno+tourist+inn/data=!4m11!3m10!1s0x33b5c51036f24a99:0xa4bcbd680d6067da!5m3!1s2026-10-31!4m1!1i2!8m2!3d10.4093645!4d119.1788223!16s%2Fg%2F11j8423vjb!19sChIJmUryNhDFtTMR2mdgDWi9vKQ?authuser=0&hl=en&rclk=1,"public wifi in San Vicente, Palawan, Philippines",San Vicente
Parrots Boutique Resort,4.4,(195),929 970 7703,https://wa.me/9299707703,,,Public Wi-Fi,0929 970 7703,http://www.parrotsportbarton.com/,,,,10.407727,119.173926,https://www.google.com/maps/place/Parrots+Boutique+Resort/data=!4m11!3m10!1s0x33b5c5d0da0a5c35:0x9ae0a1f6262bbfdd!5m3!1s2026-10-31!4m1!1i2!8m2!3d10.407727!4d119.173926!16s%2Fg%2F11h8h392dl!19sChIJNVwK2tDFtTMR3b8rJvah4Jo?authuser=0&hl=en&rclk=1,"public wifi in San Vicente, Palawan, Philippines",San Vicente
Sunset Divers Palawan | PADI Dive Centre Port Barton,4.7,(225),966 190 2180,https://wa.me/9661902180,,,Public Wi-Fi,0966 190 2180,https://sunsetdivers.com/,,,,10.4093416,119.1779127,https://www.google.com/maps/place/Sunset+Divers+Palawan+%7C+PADI+Dive+Centre+Port+Barton/data=!4m7!3m6!1s0x33b5c55011a58651:0x1e40cf09765b50da!8m2!3d10.4093416!4d119.1779127!16s%2Fg%2F11j2w8tnr_!19sChIJUYalEVDFtTMR2lBbdgnPQB4?authuser=0&hl=en&rclk=1,"public wifi in San Vicente, Palawan, Philippines",San Vicente
Green Hill Restaurant & Cottages,4.5,(118),928 051 9067,https://wa.me/9280519067,,,Public Wi-Fi,0928 051 9067,,,,,10.3986735,119.1517064,https://www.google.com/maps/place/Green+Hill+Restaurant+%26+Cottages/data=!4m11!3m10!1s0x33b5c5355d0f4c75:0x355af513441f17ea!5m3!1s2026-10-31!4m1!1i2!8m2!3d10.3986735!4d119.1517064!16s%2Fg%2F11j7cbsz0f!19sChIJdUwPXTXFtTMR6hcfRBP1WjU?authuser=0&hl=en&rclk=1,"public wifi in San Vicente, Palawan, Philippines",San Vicente
Greenviews Resort,4.6,(146),966 063 4506,https://wa.me/9660634506,,,Public Wi-Fi,0966 063 4506,http://www.palawandg.clara.net/Port-Barton.html,,,,10.4169844,119.178971,https://www.google.com/maps/place/Greenviews+Resort/data=!4m11!3m10!1s0x33b5c4d36ab14c89:0x9b88c2a9666db99!5m3!1s2026-10-31!4m1!1i2!8m2!3d10.4169844!4d119.178971!16s%2Fg%2F11ckvlpl6r!19sChIJiUyxatPEtTMRmdtmliqMuAk?authuser=0&hl=en&rclk=1,"public wifi in San Vicente, Palawan, Philippines",San Vicente
OLIVE CRIB BAR AND RESTAURANT,4.4,(248),945 461 9857,https://wa.me/9454619857,,,Public Wi-Fi,0945 461 9857,,,,,10.4105093,119.1789589,https://www.google.com/maps/place/OLIVE+CRIB+BAR+AND+RESTAURANT/data=!4m7!3m6!1s0x33b5c4d159c1d54b:0x5f1d0872e9eff86a!8m2!3d10.4105093!4d119.1789589!16s%2Fg%2F11c5qs361b!19sChIJS9XBWdHEtTMRavjv6XIIHV8?authuser=0&hl=en&rclk=1,"public wifi in San Vicente, Palawan, Philippines",San Vicente
Unodus tourist inn,3.8,(48),919 953 4091,https://wa.me/9199534091,,,Public Wi-Fi,0919 953 4091,,,,,10.4101633,119.1771291,https://www.google.com/maps/place/Unodus+tourist+inn/data=!4m11!3m10!1s0x33b5c4d177181eaf:0x53f9ffde15a1b654!5m3!1s2026-10-31!4m1!1i2!8m2!3d10.4101633!4d119.1771291!16s%2Fg%2F11gfnwy2k8!19sChIJrx4Yd9HEtTMRVLahFd7_-VM?authuser=0&hl=en&rclk=1,"public wifi in San Vicente, Palawan, Philippines",San Vicente
Hashtag Tourist Inn,4.5,(88),926 086 5417,https://wa.me/9260865417,,,Public Wi-Fi,0926 086 5417,https://sherenstraveltips.com/hashtag-tourist-inn-philippines,,,,10.4130702,119.1791477,https://www.google.com/maps/place/Hashtag+Tourist+Inn/data=!4m11!3m10!1s0x33b5c4d384a7f1c9:0xd97982ce90ba30d0!5m3!1s2026-10-31!4m1!1i2!8m2!3d10.4130702!4d119.1791477!16s%2Fg%2F11c60g7pfy!19sChIJyfGnhNPEtTMR0DC6kM6Cedk?authuser=0&hl=en&rclk=1,"public wifi in San Vicente, Palawan, Philippines",San Vicente
Abot kaya,4.0,(5),,,,,Public Wi-Fi,,,,,,10.5293753,119.2555745,https://www.google.com/maps/place/Abot+kaya/data=!4m7!3m6!1s0x33b5d707d13f02b1:0xaf74ff2dbf0fb12!8m2!3d10.5293753!4d119.2555745!16s%2Fg%2F11n_vlybcf!19sChIJsQI_0QfXtTMREvvw2_JP9wo?authuser=0&hl=en&rclk=1,"public wifi in San Vicente, Palawan, Philippines",San Vicente
Mariah Guesthouse,4.6,(11),,,,,Public Wi-Fi,,,,,,10.4069538,119.1824307,https://www.google.com/maps/place/Mariah+Guesthouse/data=!4m11!3m10!1s0x33b5db0048620023:0x99f8b95c1ffded9e!5m3!1s2026-10-31!4m1!1i2!8m2!3d10.4069538!4d119.1824307!16s%2Fg%2F11x20wzg_8!19sChIJIwBiSADbtTMRnu39H1y5-Jk?authuser=0&hl=en&rclk=1,"public wifi in San Vicente, Palawan, Philippines",San Vicente
NoBi's Inn,4.8,(45),997 634 7970,https://wa.me/9976347970,,,Public Wi-Fi,0997 634 7970,,,,,10.4096309,119.180048,https://www.google.com/maps/place/NoBi%27s+Inn/data=!4m11!3m10!1s0x33b5c5a1af61a73f:0x72078c2bf6bc4962!5m3!1s2026-10-31!4m1!1i2!8m2!3d10.4096309!4d119.180048!16s%2Fg%2F11h7zc61s5!19sChIJP6dhr6HFtTMRYkm89iuMB3I?authuser=0&hl=en&rclk=1,"public wifi in San Vicente, Palawan, Philippines",San Vicente
Dhong and Eden home,4.8,(18),977 269 3438,https://wa.me/9772693438,,,Public Wi-Fi,0977 269 3438,,,,,10.4084718,119.1755153,https://www.google.com/maps/place/Dhong+and+Eden+home/data=!4m11!3m10!1s0x33b5c5cba5306ea1:0x5a50f51654059d3e!5m3!1s2026-10-31!4m1!1i2!8m2!3d10.4084718!4d119.1755153!16s%2Fg%2F11tws16gp5!19sChIJoW4wpcvFtTMRPp0FVBb1UFo?authuser=0&hl=en&rclk=1,"public wifi in San Vicente, Palawan, Philippines",San Vicente
Curio Cabin,4.9,(23),917 155 3401,https://wa.me/9171553401,,,Public Wi-Fi,0917 155 3401,,,,,10.4089158,119.1792541,https://www.google.com/maps/place/Curio+Cabin/data=!4m11!3m10!1s0x33b5c5b5e46c51ef:0x23e66bf6f0b2425b!5m3!1s2026-10-31!4m1!1i2!8m2!3d10.4089158!4d119.1792541!16s%2Fg%2F11x16j6_n5!19sChIJ71Fs5LXFtTMRW0Ky8PZr5iM?authuser=0&hl=en&rclk=1,"public wifi in San Vicente, Palawan, Philippines",San Vicente
Deep Moon Resort (Abandoned Hotel),3.9,(204),,,,,Public Wi-Fi,,,,,,10.4102878,119.1759975,https://www.google.com/maps/place/Deep+Moon+Resort+%28Abandoned+Hotel%29/data=!4m7!3m6!1s0x33b5c5000acee64f:0x43be31eb0fc78723!8m2!3d10.4102878!4d119.1759975!16s%2Fg%2F11y4b2c4yz!19sChIJT-bOCgDFtTMRI4fHD-sxvkM?authuser=0&hl=en&rclk=1,"public wifi in San Vicente, Palawan, Philippines",San Vicente
mariejoy haven beach resort,4.4,(20),915 886 2388,https://wa.me/9158862388,,,Public Wi-Fi,0915 886 2388,,,,,10.4535431,119.1949188,https://www.google.com/maps/place/mariejoy+haven+beach+resort/data=!4m11!3m10!1s0x33b5daf8658dcbcb:0x39330b6afb300c92!5m3!1s2026-10-31!4m1!1i2!8m2!3d10.4535431!4d119.1949188!16s%2Fg%2F11mnbwmqfp!19sChIJy8uNZfjatTMRkgww-2oLMzk?authuser=0&hl=en&rclk=1,"public wifi in San Vicente, Palawan, Philippines",San Vicente
Gacayan Restaurant,3.6,(443),909 151 1769,https://wa.me/9091511769,,,Public Wi-Fi,0909 151 1769,,,,,10.4110429,119.1774442,https://www.google.com/maps/place/Gacayan+Restaurant/data=!4m7!3m6!1s0x33b5c4d17d8eadd3:0x334ccce0b6a8043f!8m2!3d10.4110429!4d119.1774442!16s%2Fg%2F11cs697wlz!19sChIJ062OfdHEtTMRPwSotuDMTDM?authuser=0&hl=en&rclk=1,"public wifi in San Vicente, Palawan, Philippines",San Vicente
LA LOLA HOTEL RESTO BAR,4.1,(56),966 299 5640,https://wa.me/9662995640,,,Public Wi-Fi,0966 299 5640,,,,,10.411095,119.1788115,https://www.google.com/maps/place/LA+LOLA+HOTEL+RESTO+BAR/data=!4m11!3m10!1s0x33b5c5c9dec7eeb3:0xfc0be7bc0089085f!5m3!1s2026-10-31!4m1!1i2!8m2!3d10.411095!4d119.1788115!16s%2Fg%2F11ss28zp3n!19sChIJs-7H3snFtTMRXwiJALznC_w?authuser=0&hl=en&rclk=1,"public wifi in San Vicente, Palawan, Philippines",San Vicente
Villa Milanel,4.1,(37),917 775 1134,https://wa.me/9177751134,,,Public Wi-Fi,0917 775 1134,,,,,10.4057774,119.1736506,https://www.google.com/maps/place/Villa+Milanel/data=!4m11!3m10!1s0x33b5c5920fbd9f61:0x16d4c3bf1ca3417!5m3!1s2026-10-31!4m1!1i2!8m2!3d10.4057774!4d119.1736506!16s%2Fg%2F11grv3dxyy!19sChIJYZ-9D5LFtTMRFzTK8TtMbQE?authuser=0&hl=en&rclk=1,"public wifi in San Vicente, Palawan, Philippines",San Vicente
Reef Café,4.4,(140),917 400 7591,https://wa.me/9174007591,,http://www.facebook.com/reefcafeportbarton,Public Wi-Fi,0917 400 7591,http://www.facebook.com/reefcafeportbarton,,,,10.413676,119.179513,https://www.google.com/maps/place/Reef+Caf%C3%A9/data=!4m7!3m6!1s0x33b5c4d37c5f57cb:0xace14b8c8b85c9a1!8m2!3d10.413676!4d119.179513!16s%2Fg%2F11dxl58wc6!19sChIJy1dffNPEtTMRocmFi4xL4aw?authuser=0&hl=en&rclk=1,"public wifi in San Vicente, Palawan, Philippines",San Vicente
FLOW pool bar & resto,4.7,(644),,,,,Public Wi-Fi,,,,,,10.4099371,119.1759213,https://www.google.com/maps/place/FLOW+pool+bar+%26+resto/data=!4m7!3m6!1s0x33b5c5b7af1072a1:0xe5f85da95aab78d7!8m2!3d10.4099371!4d119.1759213!16s%2Fg%2F11kbrlz00t!19sChIJoXIQr7fFtTMR13irWqld-OU?authuser=0&hl=en&rclk=1,"public wifi in San Vicente, Palawan, Philippines",San Vicente
Bikini Bakery,4.3,(101),927 066 6498,https://wa.me/9270666498,,,Public Wi-Fi,0927 066 6498,,,,,10.4119306,119.1781031,https://www.google.com/maps/place/Bikini+Bakery/data=!4m7!3m6!1s0x33b5c5dfaae2d7f3:0x21d70ff9fd181851!8m2!3d10.4119306!4d119.1781031!16s%2Fg%2F11h91jgvbq!19sChIJ89fiqt_FtTMRURgY_fkP1yE?authuser=0&hl=en&rclk=1,"public wifi in San Vicente, Palawan, Philippines",San Vicente
ALAS BISTRO Port Barton,4.5,(127),905 506 8858,https://wa.me/9055068858,,,Public Wi-Fi,0905 506 8858,,,,,10.4102778,119.1768776,https://www.google.com/maps/place/ALAS+BISTRO+Port+Barton/data=!4m7!3m6!1s0x33b5c500775250d7:0xf12e2a3658f77b88!8m2!3d10.4102778!4d119.1768776!16s%2Fg%2F11yw3b1ffs!19sChIJ11BSdwDFtTMRiHv3WDYqLvE?authuser=0&hl=en&rclk=1,"public wifi in San Vicente, Palawan, Philippines",San Vicente
Coffee X-press and traveller’s essentials,5.0,(1),930 458 8899,https://wa.me/9304588899,,,Convenience Store,0930 458 8899,,https://streetviewpixels-pa.googleapis.com/v1/thumbnail?panoid=WUe2lKMlaMHT7KhculA-pQ&cb_client=search.gws-prod.gps&w=80&h=92&yaw=106.60604&pitch=0&thumbfov=100,,,10.5859007,119.3639179,https://www.google.com/maps/place/Coffee+X-press+and+traveller%E2%80%99s+essentials/data=!4m7!3m6!1s0x33b67f004d9e1e13:0x891433292a8b0a82!8m2!3d10.5859007!4d119.3639179!16s%2Fg%2F11njpl_y5j!19sChIJEx6eTQB_tjMRggqLKikzFIk?authuser=0&hl=en&rclk=1,"convenience store in San Vicente, Palawan, Philippines",San Vicente
JOHN ERIC MINIMART,5.0,(1),,,,,Convenience Store,,,,,,10.5309007,119.2551529,https://www.google.com/maps/place/JOHN+ERIC+MINIMART/data=!4m7!3m6!1s0x33b5d79f87cbfcab:0x204a561090c0921!8m2!3d10.5309007!4d119.2551529!16s%2Fg%2F11vbcpxq3h!19sChIJq_zLh5_XtTMRIQkMCWGlBAI?authuser=0&hl=en&rclk=1,"convenience store in San Vicente, Palawan, Philippines",San Vicente
San Vicente Public Market,4.0,(100),939 926 1388,https://wa.me/9399261388,,,Convenience Store,0939 926 1388,,https://lh3.googleusercontent.com/gps-cs-s/APNQkAGtrRuAmNsDDIggvZwDACo-RoPq63c68xX33TRt46_YC57TPV4-WlaPdfY575lcVOZlou2kgpz3VGKoMQ1Q6qxncT5XvYGp_Ry9PkWWfr5X9dRIDTBP_B6wQvnDE-2BhEwqw3plOg=w1600-h1200-k-no,,,10.5280095,119.2539669,https://www.google.com/maps/place/San+Vicente+Public+Market/data=!4m7!3m6!1s0x33b5d7751f223f05:0xadbdf0a5c463f95a!8m2!3d10.5280095!4d119.2539669!16s%2Fg%2F1hm3xpxyk!19sChIJBT8iH3XXtTMRWvljxKXwva0?authuser=0&hl=en&rclk=1,"convenience store in San Vicente, Palawan, Philippines",San Vicente
Logods Store,4.7,(3),931 962 8756,https://wa.me/9319628756,,,Convenience Store,0931 962 8756,,https://lh3.googleusercontent.com/gps-cs-s/APNQkAEudFSpm8td35JWRkWQM6VaWwpVZa3QnRmNcJGTZiIVpTE9caUAwtgv30VaKUtm1kvvdF2-2ijcdfCBW0mTCrSFk2_uaxKUPr-Yv_F9H_pB1fMHLfT7zUnvmxwvKl6VJqcGSyDigA=w1600-h1200-k-no,,,10.5682777,119.3054664,https://www.google.com/maps/place/Logods+Store/data=!4m7!3m6!1s0x33b679fb25e59c87:0x39a01e5c75225ae5!8m2!3d10.5682777!4d119.3054664!16s%2Fg%2F11rpv8c028!19sChIJh5zlJft5tjMR5VoidVweoDk?authuser=0&hl=en&rclk=1,"convenience store in San Vicente, Palawan, Philippines",San Vicente
NOEMI'S STORE,5.0,(1),,,,,Convenience Store,,,https://lh3.googleusercontent.com/gps-cs-s/APNQkAEMKw8MM7Nq_eKm8AMMxbkS0x7UgUDrgU_05jdVM3MZIAz0iD_8Bc6-UtbKJnlNce4Yz9ovP0UTrl3WsXQCrrSMjoUNJya0csSJA-5137P8RIBGZoRh5t91-ez6YsNz6qdBzcwCMmu5Mc1m=w1600-h1200-k-no,,,10.5336048,119.2680398,https://www.google.com/maps/place/NOEMI%27S+STORE/data=!4m7!3m6!1s0x33b5d7af43fe3e11:0x7ad3ab26693c0649!8m2!3d10.5336048!4d119.2680398!16s%2Fg%2F11l2h_8d3x!19sChIJET7-Q6_XtTMRSQY8aSar03o?authuser=0&hl=en&rclk=1,"convenience store in San Vicente, Palawan, Philippines",San Vicente
Local grocery shop,5.0,(1),,,,,Convenience Store,,,https://streetviewpixels-pa.googleapis.com/v1/thumbnail?panoid=SiL8cBeXPINPUhNMw2qMsQ&cb_client=search.gws-prod.gps&w=80&h=92&yaw=92.89899&pitch=0&thumbfov=100,,,10.408693,119.1851257,https://www.google.com/maps/place/Local+grocery+shop/data=!4m7!3m6!1s0x33b5c50018c649eb:0x291d72ff90cf864!8m2!3d10.408693!4d119.1851257!16s%2Fg%2F11m5xkbhzw!19sChIJ60nGGADFtTMRZPgM-S_XkQI?authuser=0&hl=en&rclk=1,"convenience store in San Vicente, Palawan, Philippines",San Vicente
Monterenz,5.0,(1),912 764 3393,https://wa.me/9127643393,,,Convenience Store,0912 764 3393,,https://streetviewpixels-pa.googleapis.com/v1/thumbnail?panoid=VMt5n6va-urIvwQqp2QclA&cb_client=search.gws-prod.gps&w=80&h=92&yaw=356.76102&pitch=0&thumbfov=100,,,10.5286114,119.2552916,https://www.google.com/maps/place/Monterenz/data=!4m7!3m6!1s0x33b5d7470abe4619:0x803563fad4f890c0!8m2!3d10.5286114!4d119.2552916!16s%2Fg%2F11t9jddydy!19sChIJGUa-CkfXtTMRwJD41PpjNYA?authuser=0&hl=en&rclk=1,"convenience store in San Vicente, Palawan, Philippines",San Vicente
John Eric Grocery,3.9,(19),,,,,Convenience Store,,,https://lh3.googleusercontent.com/gps-cs-s/APNQkAGlk20oMYh9kO5Z38r-xOW8vqfHuz_Qv2dcOt1SpXKRczAMc1cgfIcydevH0XZXPdoj_hZB2g1AZvfpL8XroWXhajGCj4njY7v4hh0qENV4BSRGrMapgUL-F_U7HkPFUBsSFDJPaA=w1600-h1200-k-no,,,10.5296241,119.2537568,https://www.google.com/maps/place/John+Eric+Grocery/data=!4m7!3m6!1s0x33b5d76f75419c99:0x58765bcaf2e30d6f!8m2!3d10.5296241!4d119.2537568!16s%2Fg%2F11fjdr_3mb!19sChIJmZxBdW_XtTMRbw3j8spbdlg?authuser=0&hl=en&rclk=1,"convenience store in San Vicente, Palawan, Philippines",San Vicente
Cadayunan Store,5.0,(2),977 167 6760,https://wa.me/9771676760,,,Convenience Store,0977 167 6760,,https://lh3.googleusercontent.com/gps-cs-s/APNQkAGbK2yr0XDOKro1r2DUbJLd-6BYvMgXGiwmjPZ_UJM9yyccOBrHBOpB29qZ2WRlutyDNFOUM18Q4n-Y9n8FCpt1HAtz7SVLQ77qDdpjOtn6058He77gbVGbjAZHlksOUBGQV29Q=w1600-h1200-k-no,,,10.6127881,119.3249187,https://www.google.com/maps/place/Cadayunan+Store/data=!4m7!3m6!1s0x33b679864a1bb775:0xde04a024d96de625!8m2!3d10.6127881!4d119.3249187!16s%2Fg%2F11rx7dq6d6!19sChIJdbcbSoZ5tjMRJeZt2SSgBN4?authuser=0&hl=en&rclk=1,"convenience store in San Vicente, Palawan, Philippines",San Vicente
FM’s Store,5.0,(1),,,,,Convenience Store,,,https://streetviewpixels-pa.googleapis.com/v1/thumbnail?panoid=3Wrk-Hq92butblFJbnJDbA&cb_client=search.gws-prod.gps&w=80&h=92&yaw=42.91231&pitch=0&thumbfov=100,,,10.413645,119.1798407,https://www.google.com/maps/place/FM%E2%80%99s+Store/data=!4m7!3m6!1s0x33b5c5001dc81441:0xf254ea312026ef35!8m2!3d10.413645!4d119.1798407!16s%2Fg%2F11xmwgr5yc!19sChIJQRTIHQDFtTMRNe8mIDHqVPI?authuser=0&hl=en&rclk=1,"convenience store in San Vicente, Palawan, Philippines",San Vicente
"Petron Gasoline Station,Grocery Store And ATM",4.7,(6),917 553 0198,https://wa.me/9175530198,,,Convenience Store,0917 553 0198,,https://lh3.googleusercontent.com/gps-cs-s/APNQkAGx0Or4ZiNiFFwzH7vy0kJTdaCJGQi7AF769y2OM4F6TpUuqKVqa9-tQBa14vgyZ0J4H8h2fEWl9WAiDgBjzjDbvx5aeKJHuMayTRKZJmZxEZvq9nCYUnYZQy-1EBvZYk8fwxvV=w1600-h1200-k-no,,,10.5383365,119.2771012,"https://www.google.com/maps/place/Petron+Gasoline+Station,Grocery+Store+And+ATM/data=!4m7!3m6!1s0x33b5d7b2dc8977cf:0x8f6728fa581582a0!8m2!3d10.5383365!4d119.2771012!16s%2Fg%2F11dfjx8xdw!19sChIJz3eJ3LLXtTMRoIIVWPooZ48?authuser=0&hl=en&rclk=1","convenience store in San Vicente, Palawan, Philippines",San Vicente
Meme's bakeshop,5.0,(1),930 978 8841,https://wa.me/9309788841,,,Convenience Store,0930 978 8841,,https://lh3.googleusercontent.com/gps-cs-s/APNQkAGC2ZE8OWYnpdy8rf6BS7hvjXlTNk5kaAcTLePkxx-deiB1c8GcoTlIniiO9uawYE7xP-aVnM4BvCqjTXpuYAk-RI2RhqeSzO8KbAc7BEfTBzmTvm_vzlRpvccKPyqwQ2QGmK0N=w1600-h1200-k-no,,,10.4126363,119.1773879,https://www.google.com/maps/place/Meme%27s+bakeshop/data=!4m7!3m6!1s0x33b5c5cd4f3345fd:0x8d5f309ff2bd34fa!8m2!3d10.4126363!4d119.1773879!16s%2Fg%2F11j2qtt4h9!19sChIJ_UUzT83FtTMR-jS98p8wX40?authuser=0&hl=en&rclk=1,"convenience store in San Vicente, Palawan, Philippines",San Vicente
Manay Gina's Store,5.0,(1),,,,,Convenience Store,,,https://streetviewpixels-pa.googleapis.com/v1/thumbnail?panoid=RX4q_KffT80oiODjhCfREw&cb_client=search.gws-prod.gps&w=80&h=92&yaw=81.99244&pitch=0&thumbfov=100,,,10.5291207,119.2556774,https://www.google.com/maps/place/Manay+Gina%27s+Store/data=!4m7!3m6!1s0x33b5d7a0014af26d:0x4c299f600a927e2b!8m2!3d10.5291207!4d119.2556774!16s%2Fg%2F11f4xtft7v!19sChIJbfJKAaDXtTMRK36SCmCfKUw?authuser=0&hl=en&rclk=1,"convenience store in San Vicente, Palawan, Philippines",San Vicente
Arlits Store,5.0,(1),,,,,Convenience Store,,,https://streetviewpixels-pa.googleapis.com/v1/thumbnail?panoid=gAgcvw0dsvia-EpZULsZHg&cb_client=search.gws-prod.gps&w=80&h=92&yaw=61.437363&pitch=0&thumbfov=100,,,10.5262146,119.2858568,https://www.google.com/maps/place/Arlits+Store/data=!4m7!3m6!1s0x33b5d65618aece95:0xcca70b569196a134!8m2!3d10.5262146!4d119.2858568!16s%2Fg%2F11f4qhp4c1!19sChIJlc6uGFbWtTMRNKGWkVYLp8w?authuser=0&hl=en&rclk=1,"convenience store in San Vicente, Palawan, Philippines",San Vicente
"Juan Café - San Vicente, Palawan",4.6,(13),,,,,Convenience Store,,,https://lh3.googleusercontent.com/gps-cs-s/APNQkAE9HHf4Td3A5Fg1pCCGwJ0oMKt3lSEtruUkuztlgcXG86v-Z1YmTRmnJ8gX67SrSSj-eIWbbRxJf-EwUVVw7vAwUU0BrcbHrMxqf6PfmnjoBTdjlLsBxNmsW-I4FPaX9opp-ELZ6SXOUkMM=w1600-h1200-k-no,,,10.5308374,119.2550296,"https://www.google.com/maps/place/Juan+Caf%C3%A9+-+San+Vicente,+Palawan/data=!4m7!3m6!1s0x33b5d70024698d97:0x87ee6903bab1d5fc!8m2!3d10.5308374!4d119.2550296!16s%2Fg%2F11xtv7m8xs!19sChIJl41pJADXtTMR_NWxugNp7oc?authuser=0&hl=en&rclk=1","convenience store in San Vicente, Palawan, Philippines",San Vicente
HASSAN STORE,4.0,(1),,,,,Convenience Store,,,https://lh3.googleusercontent.com/gps-cs-s/APNQkAHbuSbxUzkqeo_ZT-0w8JF7XU-FG7mklIQOvH8q_x0O97uNIbUGHyLeHmEBvSuEk7UPSnJu3aOXtP256zJqxhzQuAlLdfa0hGTYINlQyMoEIEnAkdT3NWY1IOIXdMzkJOcP7BvlTdt1O4IA=w1600-h1200-k-no,,,10.4096248,119.1764471,https://www.google.com/maps/place/HASSAN+STORE/data=!4m7!3m6!1s0x33b5c4d1a3cde959:0x408908524adf3d9d!8m2!3d10.4096248!4d119.1764471!16s%2Fg%2F11xrgynn7t!19sChIJWenNo9HEtTMRnT3fSlIIiUA?authuser=0&hl=en&rclk=1,"convenience store in San Vicente, Palawan, Philippines",San Vicente
Limpiado General Store (Dry and Fresh Goods),3.8,(5),,,,,Convenience Store,,,https://lh3.googleusercontent.com/gps-cs-s/APNQkAGuIFM9DCtjN7VE7Rxp8hyadt6jXmamC18VBvU1EEz8E3MunTZiH33rMu5CHrsMSa5gei7ziTnHvt-ICEZMZe4521kWeEDlkdlv0fz72gM_l7z6U7tKMDviUNONkor3A15ZIc0F-w=w1600-h1200-k-no,,,10.4126583,119.1780286,https://www.google.com/maps/place/Limpiado+General+Store+%28Dry+and+Fresh+Goods%29/data=!4m7!3m6!1s0x33b5c59252e7506d:0xce1dc677256f09d3!8m2!3d10.4126583!4d119.1780286!16s%2Fg%2F11sjnmpt83!19sChIJbVDnUpLFtTMR0wlvJXfGHc4?authuser=0&hl=en&rclk=1,"convenience store in San Vicente, Palawan, Philippines",San Vicente
Creamy Cravings,5.0,(2),995 554 6411,https://wa.me/9955546411,,,Convenience Store,0995 554 6411,,https://lh3.googleusercontent.com/gps-cs-s/APNQkAEIY4DY_K70FO3f7DMvUCDWIey6oNdzmB33C5lzaw4ataXYyyeObR5XnYSDH_FirJrXlCUQh9t9O893uFTamU_u04H5P6qdCaNcCPDv2Js9RChSvFugvZrbJHh4OIWxZqvrkYsl=w1600-h1200-k-no,,,10.6059247,119.3257859,https://www.google.com/maps/place/Creamy+Cravings/data=!4m7!3m6!1s0x33b67f6f8922ad01:0xd4e6f21b711a7413!8m2!3d10.6059247!4d119.3257859!16s%2Fg%2F11y8f329bk!19sChIJAa0iiW9_tjMRE3QacRvy5tQ?authuser=0&hl=en&rclk=1,"convenience store in San Vicente, Palawan, Philippines",San Vicente
Azenith Bakeshop,5.0,(4),,,,,Convenience Store,,,https://lh3.googleusercontent.com/gps-cs-s/APNQkAF9BDSHogm30yksDZeEGRwT3qHsWFtkgOTtdBKf_srQauNWqTJJwG_cNOhJp5jHZHxsvNmZ4PylGxI09HERapJ_d9ggN_NS0kPHktg93kJyxHg4PJ2g6ZNDaO117EZc31e3vFbV-T38qJPf=w1600-h1200-k-no,,,10.5308457,119.2550508,https://www.google.com/maps/place/Azenith+Bakeshop/data=!4m7!3m6!1s0x33b5d7c65b268f2f:0x9ffd4cd36fc3c31!8m2!3d10.5308457!4d119.2550508!16s%2Fg%2F11h1z2xttr!19sChIJL48mW8bXtTMRMTz8Ns3U_wk?authuser=0&hl=en&rclk=1,"convenience store in San Vicente, Palawan, Philippines",San Vicente
MAMALINA,5.0,(41),,,,,Convenience Store,,,https://lh3.googleusercontent.com/gps-cs-s/APNQkAEiVwHfVju6u6sY7LXqdYehH4APXZrlRNvLi7WHiiJ6XYooh6nkLA5AFkkcr-DdIGJ-igXryffsKg9J3h7kz8UsTpnzfVhePqHnnm_HVfMeGzZTidjfKHqarjpa6wHL14CfOB_-=w1600-h1200-k-no,,,10.4102708,119.1771186,https://www.google.com/maps/place/MAMALINA/data=!4m7!3m6!1s0x33b5c50007a6c351:0x55c5ba8f2150cf45!8m2!3d10.4102708!4d119.1771186!16s%2Fg%2F11mt68zf8q!19sChIJUcOmBwDFtTMRRc9QIY-6xVU?authuser=0&hl=en&rclk=1,"convenience store in San Vicente, Palawan, Philippines",San Vicente
DAILY CUP,5.0,(249),920 629 4631,https://wa.me/9206294631,,,Convenience Store,0920 629 4631,,https://lh3.googleusercontent.com/gps-cs-s/APNQkAEwP65UY_M5TLeV33pdO_LKPe0-_8dWMzxbts0ZFgBEkGiJOMBLcwnQ_zw-BZdjMjOEWDB5m8CmZrlhwfCvz6EJFHmWjTWRGO7NwhV3ltTZUSkYiIBRG08bAkEBds3C5qDcv-q0_vD6CHsq=w1600-h1200-k-no,,,10.4094611,119.1775665,https://www.google.com/maps/place/DAILY+CUP/data=!4m7!3m6!1s0x33b5c50060b4e549:0x4bb8930792746e79!8m2!3d10.4094611!4d119.1775665!16s%2Fg%2F11yhlj7z39!19sChIJSeW0YADFtTMReW50kgeTuEs?authuser=0&hl=en&rclk=1,"convenience store in San Vicente, Palawan, Philippines",San Vicente
Kiyaws cafe,5.0,(1),930 458 8899,https://wa.me/9304588899,,,Convenience Store,0930 458 8899,,https://lh3.googleusercontent.com/gps-cs-s/APNQkAF7tfyXaVGbVbH9j5SWOGrvQ2DwhxzfDY0jTpznQwsdcM7-JejTh5uzDRerTt2-3A8yveXqPev_cd8d1PvqXA4ieNMuz_5ku6jDfk6HtLYe4nNUy5SMCtQlOSHPjPsEwQKyGE7N=w1600-h1200-k-no,,,10.62021,119.3300408,https://www.google.com/maps/place/Kiyaws+cafe/data=!4m7!3m6!1s0x33b67f004d432dd7:0x29ef620468e16d0c!8m2!3d10.62021!4d119.3300408!16s%2Fg%2F11v_4k4z00!19sChIJ1y1DTQB_tjMRDG3haARi7yk?authuser=0&hl=en&rclk=1,"convenience store in San Vicente, Palawan, Philippines",San Vicente
Shanedreagel Sari Sari Store,5.0,(1),906 356 7614,https://wa.me/9063567614,,,Convenience Store,0906 356 7614,,https://lh3.googleusercontent.com/gps-cs-s/APNQkAH6FxGWMfQsvfeCHoxh0tQDxyAGQi32wszzCROkObBGC9HQY6qBmINPgZzdJVlEacXz6ws0NZr-sPJBPOvVpCQpSzHAHk52ZuomGHVMZxhMc1dmyrSRkiNkv-aCbk-du817wuB0hcvDXJU=w1600-h1200-k-no,,,10.411396,119.1783137,https://www.google.com/maps/place/Shanedreagel+Sari+Sari+Store/data=!4m7!3m6!1s0x33b5c5fda48921f9:0x30e8feda1734dd4b!8m2!3d10.411396!4d119.1783137!16s%2Fg%2F11mschrg4l!19sChIJ-SGJpP3FtTMRS900F9r-6DA?authuser=0&hl=en&rclk=1,"convenience store in San Vicente, Palawan, Philippines",San Vicente
Local Bakery,4.0,(3),,,,,Convenience Store,,,https://lh3.googleusercontent.com/gps-cs-s/APNQkAGhG6-vQ-ymMbvIpJlNmne81AflF9SkDBS4fK71qVP9Uab2HJKU8v3oTuVU4uwhD6eFad2h8uRSyS7huiQrMg-DC3caJRGE88Vjf9p21IxdQf79ZhyBeLZkz1rnB5k1b5y29Fc4EHC54k4=w1600-h1200-k-no,,,10.5299155,119.2538936,https://www.google.com/maps/place/Local+Bakery/data=!4m7!3m6!1s0x33b5d7003bc41c33:0x3241e8d9910300e6!8m2!3d10.5299155!4d119.2538936!16s%2Fg%2F11x0xxxmjp!19sChIJMxzEOwDXtTMR5gADkdnoQTI?authuser=0&hl=en&rclk=1,"convenience store in San Vicente, Palawan, Philippines",San Vicente
Pablo's Café,4.9,(49),981 181 1138,https://wa.me/9811811138,,,Convenience Store,0981 181 1138,,https://lh3.googleusercontent.com/gps-cs-s/APNQkAGA1_sVO_P5c8N_eyzqIAqzQLe4ibCYNJ84QRNalMu7DRyXbHzgYdBQCBPu1PvtiHIMWZNAWD4k9q-Y9litcQfDChOcb9al4DEqy3vv0Jd5P3UUmQy6NEzDX-SmFuonnkQJtsMA=w1600-h1200-k-no,,,10.4121703,119.1673638,https://www.google.com/maps/place/Pablo%27s+Caf%C3%A9/data=!4m7!3m6!1s0x33b5c5a726f351f1:0xe4c8c0b73ae35d19!8m2!3d10.4121703!4d119.1673638!16s%2Fg%2F11s9b_wp68!19sChIJ8VHzJqfFtTMRGV3jOrfAyOQ?authuser=0&hl=en&rclk=1,"convenience store in San Vicente, Palawan, Philippines",San Vicente
APHOLDYTE'S LAUNDRY SERVICE,4.7,(27),910 838 0892,https://wa.me/9108380892,,,Laundry,0910 838 0892,,,,,10.4138959,119.1788429,https://www.google.com/maps/place/APHOLDYTE%27S+LAUNDRY+SERVICE/data=!4m7!3m6!1s0x33b5c5002948400d:0x8d8dbb17ef72093b!8m2!3d10.4138959!4d119.1788429!16s%2Fg%2F11yp37n855!19sChIJDUBIKQDFtTMROwly7xe7jY0?authuser=0&hl=en&rclk=1,"laundry in San Vicente, Palawan, Philippines",San Vicente
Pap’s laundry services,5.0,(2),921 740 3666,https://wa.me/9217403666,,,Laundry,0921 740 3666,,,,,10.5274913,119.2851315,https://www.google.com/maps/place/Pap%E2%80%99s+laundry+services/data=!4m7!3m6!1s0x33b5d70024bb10af:0x55caf652c3bc6e58!8m2!3d10.5274913!4d119.2851315!16s%2Fg%2F11yyc4frqf!19sChIJrxC7JADXtTMRWG68w1L2ylU?authuser=0&hl=en&rclk=1,"laundry in San Vicente, Palawan, Philippines",San Vicente
Clai Laundry Shop,5.0,(3),919 409 2498,https://wa.me/9194092498,,,Laundry,0919 409 2498,,,,,10.5300846,119.2538352,https://www.google.com/maps/place/Clai+Laundry+Shop/data=!4m7!3m6!1s0x33b5d7004bf7a967:0x592778f85c2890fb!8m2!3d10.5300846!4d119.2538352!16s%2Fg%2F11lyj34bhc!19sChIJZ6n3SwDXtTMR-5AoXPh4J1k?authuser=0&hl=en&rclk=1,"laundry in San Vicente, Palawan, Philippines",San Vicente
Mount Laundry Services,3.6,(45),921 526 3863,https://wa.me/9215263863,,https://www.facebook.com/profile.php?id=61561496647093&mibextid=ZbWKwL,Laundry,0921 526 3863,https://www.facebook.com/profile.php?id=61561496647093&mibextid=ZbWKwL,,,,10.409504,119.1763031,https://www.google.com/maps/place/Mount+Laundry+Services/data=!4m7!3m6!1s0x33b5c57d3ee48e9f:0xc451a761946e435!8m2!3d10.409504!4d119.1763031!16s%2Fg%2F11w35lf9dm!19sChIJn47kPn3FtTMRNeRGGXYaRQw?authuser=0&hl=en&rclk=1,"laundry in San Vicente, Palawan, Philippines",San Vicente
ETHEL LAUNDRY HUB,5.0,(18),956 657 6112,https://wa.me/9566576112,,,Laundry,0956 657 6112,,,,,10.4095405,119.1755857,https://www.google.com/maps/place/ETHEL+LAUNDRY+HUB/data=!4m7!3m6!1s0x33b5c500377ade71:0x854ba2d5c1b5ce57!8m2!3d10.4095405!4d119.1755857!16s%2Fg%2F11x6rjjmj4!19sChIJcd56NwDFtTMRV861wdWiS4U?authuser=0&hl=en&rclk=1,"laundry in San Vicente, Palawan, Philippines",San Vicente
Palawan Travel and Tours,5.0,(3),908 546 7000,https://wa.me/9085467000,,,Luggage Storage,0908 546 7000,https://palawantravelandtours.com/,,,,10.528733,119.2537762,https://www.google.com/maps/place/Palawan+Travel+and+Tours/data=!4m7!3m6!1s0x33b5d7fa4e205d8f:0x523b1bf302a9bd7b!8m2!3d10.528733!4d119.2537762!16s%2Fg%2F11vx596mst!19sChIJj10gTvrXtTMRe72pAvMbO1I?authuser=0&hl=en&rclk=1,"luggage storage in San Vicente, Palawan, Philippines",San Vicente
BAIBAI,4.5,(99),999 887 0994,https://wa.me/9998870994,,,Luggage Storage,0999 887 0994,http://www.baibaibeachresort.com/,,,,10.5551017,119.2918067,https://www.google.com/maps/place/BAIBAI/data=!4m11!3m10!1s0x33b5d70504c62b3d:0xeb51751a54335196!5m3!1s2026-10-31!4m1!1i2!8m2!3d10.5551017!4d119.2918067!16s%2Fg%2F11j358jt9d!19sChIJPSvGBAXXtTMRllEzVBp1Ues?authuser=0&hl=en&rclk=1,"luggage storage in San Vicente, Palawan, Philippines",San Vicente
San Vicente Van Terminal,5.0,(1),,,,,Transportation,,,,,,10.5289456,119.2538647,https://www.google.com/maps/place/San+Vicente+Van+Terminal/data=!4m7!3m6!1s0x33b5d74b81425141:0xbc5e464b104e2744!8m2!3d10.5289456!4d119.2538647!16s%2Fg%2F11tgd8dl7x!19sChIJQVFCgUvXtTMRRCdOEEtGXrw?authuser=0&hl=en&rclk=1,"transportation in San Vicente, Palawan, Philippines",San Vicente
Port Barton Bus Terminus,3.6,(7),,,,,Transportation,,,,,,10.4120672,119.1769143,https://www.google.com/maps/place/Port+Barton+Bus+Terminus/data=!4m7!3m6!1s0x33b5c4d3ca2fe091:0x50312464ea461409!8m2!3d10.4120672!4d119.1769143!16s%2Fg%2F12vspnjcc!19sChIJkeAvytPEtTMRCRRG6mQkMVA?authuser=0&hl=en&rclk=1,"transportation in San Vicente, Palawan, Philippines",San Vicente
Jason Dacillo motorcycle rental,5.0,(1),948 961 5769,https://wa.me/9489615769,,,Transportation,,,,,,10.5320949,119.2602483,https://www.google.com/maps/place/Jason+Dacillo+motorcycle+rental/data=!4m7!3m6!1s0x33b5d70003a7c12f:0x3557b7f0510ca9c1!8m2!3d10.5320949!4d119.2602483!16s%2Fg%2F11ms62hp19!19sChIJL8GnAwDXtTMRwakMUfC3VzU?authuser=0&hl=en&rclk=1,"transportation in San Vicente, Palawan, Philippines",San Vicente
St. Vincent Travel & Tours,5.0,(2),998 497 9135,https://wa.me/9984979135,,,Transportation,,,,,,10.4145515,119.1783261,https://www.google.com/maps/place/St.+Vincent+Travel+%26+Tours/data=!4m7!3m6!1s0x33b5c58ff0b34895:0x709c96d347b09126!8m2!3d10.4145515!4d119.1783261!16s%2Fg%2F11vpz7kxqn!19sChIJlUiz8I_FtTMRJpGwR9OWnHA?authuser=0&hl=en&rclk=1,"transportation in San Vicente, Palawan, Philippines",San Vicente
Coconut Beach Parking,4.0,(1),,,,,Transportation,,,,,,10.4119952,119.1632425,https://www.google.com/maps/place/Coconut+Beach+Parking/data=!4m7!3m6!1s0x33b5c5007c9defa3:0x27b5aab25d90e074!8m2!3d10.4119952!4d119.1632425!16s%2Fg%2F11yv86xj79!19sChIJo--dfADFtTMRdOCQXbKqtSc?authuser=0&hl=en&rclk=1,"transportation in San Vicente, Palawan, Philippines",San Vicente
Lexxus Shuttle - Port Barton,3.8,(6),910 394 2025,https://wa.me/9103942025,,,Transportation,0910 394 2025,,,,,10.4093933,119.1777977,https://www.google.com/maps/place/Lexxus+Shuttle+-+Port+Barton/data=!4m7!3m6!1s0x33b5c501ca1977c5:0x3df6a9e25cec87f7!8m2!3d10.4093933!4d119.1777977!16s%2Fg%2F11v44yfz9y!19sChIJxXcZygHFtTMR94fsXOKp9j0?authuser=0&hl=en&rclk=1,"transportation in San Vicente, Palawan, Philippines",San Vicente
D'Palawan Travel and Tours,5.0,(9),963 139 0000,https://wa.me/9631390000,,,Transportation,0963 139 0000,https://www.dpalawantravelandtours.com/,,,,10.5287248,119.253769,https://www.google.com/maps/place/D%27Palawan+Travel+and+Tours/data=!4m7!3m6!1s0x33b5d7e9160807c3:0xe3a8267c8f805f2a!8m2!3d10.5287248!4d119.253769!16s%2Fg%2F11y48n9y4s!19sChIJwwcIFunXtTMRKl-Aj3wmqOM?authuser=0&hl=en&rclk=1,"transportation in San Vicente, Palawan, Philippines",San Vicente
The Bus Café • Tattoo • Karaoke Sports Bar - Port Barton,4.9,(127),998 497 9135,https://wa.me/9984979135,,,Transportation,0998 497 9135,,,,,10.412084,119.1783782,https://www.google.com/maps/place/The+Bus+Caf%C3%A9+%E2%80%A2+Tattoo+%E2%80%A2+Karaoke+Sports+Bar+-+Port+Barton/data=!4m7!3m6!1s0x33b5c5005a9606cb:0x53776efa3c7dc714!8m2!3d10.412084!4d119.1783782!16s%2Fg%2F11yq25x_h9!19sChIJywaWWgDFtTMRFMd9PPpud1M?authuser=0&hl=en&rclk=1,"transportation in San Vicente, Palawan, Philippines",San Vicente
ALEXIS MOTORBIKE RENTAL,5.0,(5),906 013 1868,https://wa.me/9060131868,,,Scooter Rental,0906 013 1868,,,,,10.4116602,119.1772028,https://www.google.com/maps/place/ALEXIS+MOTORBIKE+RENTAL/data=!4m7!3m6!1s0x33b5c500371310c5:0x94f0fdeb7696e7e7!8m2!3d10.4116602!4d119.1772028!16s%2Fg%2F11ml9hx4wz!19sChIJxRATNwDFtTMR5-eWduv98JQ?authuser=0&hl=en&rclk=1,"scooter rental in San Vicente, Palawan, Philippines",San Vicente
Motorbike Rental Port Barton,4.4,(13),915 668 2471,https://wa.me/9156682471,,,Scooter Rental,0915 668 2471,,,,,10.4105849,119.1793238,https://www.google.com/maps/place/Motorbike+Rental+Port+Barton/data=!4m7!3m6!1s0x33b5c57d0968d23f:0x13ff5d4def7641e3!8m2!3d10.4105849!4d119.1793238!16s%2Fg%2F11vwj8n49s!19sChIJP9JoCX3FtTMR40F2701d_xM?authuser=0&hl=en&rclk=1,"scooter rental in San Vicente, Palawan, Philippines",San Vicente
Paradiso-Broom-Broom-Rides Motorbike Rental,5.0,(2),917 772 2425,https://wa.me/9177722425,,https://www.facebook.com/broombroomrides,Scooter Rental,0917 772 2425,https://www.facebook.com/broombroomrides,,,,10.4182813,119.1785422,https://www.google.com/maps/place/Paradiso-Broom-Broom-Rides+Motorbike+Rental/data=!4m7!3m6!1s0x33b5db00052e1233:0x274d355d92149dda!8m2!3d10.4182813!4d119.1785422!16s%2Fg%2F11y3qyxmql!19sChIJMxIuBQDbtTMR2p0Ukl01TSc?authuser=0&hl=en&rclk=1,"scooter rental in San Vicente, Palawan, Philippines",San Vicente
Funfun Motorbike Rental,4.2,(5),915 668 2471,https://wa.me/9156682471,,,Scooter Rental,0915 668 2471,,,,,10.4096769,119.1776827,https://www.google.com/maps/place/Funfun+Motorbike+Rental/data=!4m7!3m6!1s0x33b5c50058aaf12d:0x897de3c99aa40772!8m2!3d10.4096769!4d119.1776827!16s%2Fg%2F11xrc9gyp_!19sChIJLfGqWADFtTMRcgekmsnjfYk?authuser=0&hl=en&rclk=1,"scooter rental in San Vicente, Palawan, Philippines",San Vicente
Mr Mango’s Motorbikes,5.0,(135),995 201 6561,https://wa.me/9952016561,,,Scooter Rental,0995 201 6561,https://book2wheel.com/user/lSPJPFhYbdZO4Vs2TmS9ccGlbbi2?displayCurrency=PHP,,,,10.4089375,119.1779375,https://www.google.com/maps/place/Mr+Mango%E2%80%99s+Motorbikes/data=!4m7!3m6!1s0x33b5c5002682c4b5:0x8756f277202e7a68!8m2!3d10.4089375!4d119.1779375!16s%2Fg%2F11w8lcd600!19sChIJtcSCJgDFtTMRaHouIHfyVoc?authuser=0&hl=en&rclk=1,"scooter rental in San Vicente, Palawan, Philippines",San Vicente
ATV Quad Rental Port Barton,5.0,(2),962 875 6960,https://wa.me/9628756960,,,Scooter Rental,0962 875 6960,,,,,10.4047398,119.1721503,https://www.google.com/maps/place/ATV+Quad+Rental+Port+Barton/data=!4m7!3m6!1s0x33b5c5d219e71191:0x2fabfa60d1fa35f1!8m2!3d10.4047398!4d119.1721503!16s%2Fg%2F11mm29zh3k!19sChIJkRHnGdLFtTMR8TX60WD6qy8?authuser=0&hl=en&rclk=1,"scooter rental in San Vicente, Palawan, Philippines",San Vicente
TATA bike renting,3.5,(8),,,,,Scooter Rental,,,,,,10.4102508,119.1767354,https://www.google.com/maps/place/TATA+bike+renting/data=!4m7!3m6!1s0x33b5c50055343ba7:0x194e2e0da7b9eb0b!8m2!3d10.4102508!4d119.1767354!16s%2Fg%2F11lcr00lvd!19sChIJpzs0VQDFtTMRC-u5pw0uThk?authuser=0&hl=en&rclk=1,"scooter rental in San Vicente, Palawan, Philippines",San Vicente
SEA AND LAND TRANSPORT BOOKING OFFICE,4.0,(1),909 151 1769,https://wa.me/9091511769,,,Scooter Rental,0909 151 1769,,,,,10.4092217,119.1777757,https://www.google.com/maps/place/SEA+AND+LAND+TRANSPORT+BOOKING+OFFICE/data=!4m7!3m6!1s0x33b5c59ef0e1431d:0x6c316de795836ed5!8m2!3d10.4092217!4d119.1777757!16s%2Fg%2F11h1ysx3yf!19sChIJHUPh8J7FtTMR1W6DledtMWw?authuser=0&hl=en&rclk=1,"scooter rental in San Vicente, Palawan, Philippines",San Vicente
RIDE BARTON,4.8,(22),960 237 0993,https://wa.me/9602370993,,https://www.facebook.com/RideBarton,Scooter Rental,0960 237 0993,https://www.facebook.com/RideBarton,,,,10.4121785,119.1789941,https://www.google.com/maps/place/RIDE+BARTON/data=!4m7!3m6!1s0x33b5c5002639430d:0xf759fb4e69f059c5!8m2!3d10.4121785!4d119.1789941!16s%2Fg%2F11xffp9mw_!19sChIJDUM5JgDFtTMRxVnwaU77Wfc?authuser=0&hl=en&rclk=1,"scooter rental in San Vicente, Palawan, Philippines",San Vicente
JANHOUR PLACE,4.6,(49),915 311 8395,https://wa.me/9153118395,,,Scooter Rental,0915 311 8395,,,,,10.4099245,119.1766425,https://www.google.com/maps/place/JANHOUR+PLACE/data=!4m11!3m10!1s0x33b5c582ecdbdb19:0x256b140d0189a58!5m3!1s2026-10-31!4m1!1i2!8m2!3d10.4099245!4d119.1766425!16s%2Fg%2F11k45hwk89!19sChIJGdvb7ILFtTMRWJoY0ECxVgI?authuser=0&hl=en&rclk=1,"scooter rental in San Vicente, Palawan, Philippines",San Vicente
BAIA-Beachfront Boutique Lodge-Palawan,4.7,(40),,,,,Scooter Rental,2 unforgettable experiences for our group,,,,,10.5384409,119.2378729,https://www.google.com/maps/place/BAIA-Beachfront+Boutique+Lodge-Palawan/data=!4m11!3m10!1s0x33b5d70062d56f13:0x8d8e673fdd321117!5m3!1s2026-10-31!4m1!1i2!8m2!3d10.5384409!4d119.2378729!16s%2Fg%2F11x_36cgl9!19sChIJE2_VYgDXtTMRFxEy3T9njo0?authuser=0&hl=en&rclk=1,"scooter rental in San Vicente, Palawan, Philippines",San Vicente
Teteng's Apartment,4.8,(70),,,,,Scooter Rental,,,,,,10.4140947,119.1808596,https://www.google.com/maps/place/Teteng%27s+Apartment/data=!4m11!3m10!1s0x33b5c51ccfe88945:0xa3bbca8c70806df5!5m3!1s2026-10-31!4m1!1i2!8m2!3d10.4140947!4d119.1808596!16s%2Fg%2F11frmmtzb7!19sChIJRYnozxzFtTMR9W2AcIzKu6M?authuser=0&hl=en&rclk=1,"scooter rental in San Vicente, Palawan, Philippines",San Vicente
The Softbed Homestay,5.0,(4),,,,,Scooter Rental,,,,,,10.5567063,119.2957092,https://www.google.com/maps/place/The+Softbed+Homestay/data=!4m11!3m10!1s0x33b5d7825a028695:0x953e97766d859876!5m3!1s2026-10-31!4m1!1i2!8m2!3d10.5567063!4d119.2957092!16s%2Fg%2F11s9dj5v6t!19sChIJlYYCWoLXtTMRdpiFbXaXPpU?authuser=0&hl=en&rclk=1,"scooter rental in San Vicente, Palawan, Philippines",San Vicente
The Overlook Port Barton,4.9,(21),+30 698 740 3755,https://wa.me/306987403755,,https://web.facebook.com/TheOverlookPortBarton/,Scooter Rental,30 698 740 3755,https://web.facebook.com/TheOverlookPortBarton/,,,,10.4047295,119.1706841,https://www.google.com/maps/place/The+Overlook+Port+Barton/data=!4m11!3m10!1s0x33b5c501d2757c75:0x66213081a834c8d9!5m3!1s2026-10-31!4m1!1i2!8m2!3d10.4047295!4d119.1706841!16s%2Fg%2F11j1fz50r5!19sChIJdXx10gHFtTMR2cg0qIEwIWY?authuser=0&hl=en&rclk=1,"scooter rental in San Vicente, Palawan, Philippines",San Vicente
Visa Golden,5.0,(1),,,,,Embassy,,http://visa-golden.com/,,,,10.5287416,119.2537858,https://www.google.com/maps/place/Visa+Golden/data=!4m7!3m6!1s0x33b5d7c939a9763f:0x82e7556ead58ea85!8m2!3d10.5287416!4d119.2537858!16s%2Fg%2F11yxsdtzfg!19sChIJP3apOcnXtTMRhepYrW5V54I?authuser=0&hl=en&rclk=1,"embassy in San Vicente, Palawan, Philippines",San Vicente
Investors' Resident Visa,5.0,(2),,,,,Embassy,,http://www.investorsresidentvisa.com/,,,,10.5287398,119.2537655,https://www.google.com/maps/place/Investors%27+Resident+Visa/data=!4m7!3m6!1s0x33b5d7c056549063:0x2d568d45e18df4c6!8m2!3d10.5287398!4d119.2537655!16s%2Fg%2F11yxpy61vq!19sChIJY5BUVsDXtTMRxvSN4UWNVi0?authuser=0&hl=en&rclk=1,"embassy in San Vicente, Palawan, Philippines",San Vicente
Oastic Beach Sunset & Resto - Port Barton,4.7,(468),961 469 6524,https://wa.me/9614696524,,,Embassy,0961 469 6524,,,,,10.4132298,119.1775462,https://www.google.com/maps/place/Oastic+Beach+Sunset+%26+Resto+-+Port+Barton/data=!4m7!3m6!1s0x33b5c56d6da9fb19:0xc4c4e2225f3b302e!8m2!3d10.4132298!4d119.1775462!16s%2Fg%2F11wtc2b0f4!19sChIJGfupbW3FtTMRLjA7XyLixMQ?authuser=0&hl=en&rclk=1,"embassy in San Vicente, Palawan, Philippines",San Vicente
Turtle Beach Resort and Restaurant,4.4,(96),930 073 4586,https://wa.me/9300734586,,,Embassy,0930 073 4586,http://facebook.com/turtlebeachpalawan,,,,10.6074217,119.3248376,https://www.google.com/maps/place/Turtle+Beach+Resort+and+Restaurant/data=!4m7!3m6!1s0x33b6792caa6b6783:0xb2ba440320c217c9!8m2!3d10.6074217!4d119.3248376!16s%2Fg%2F11g9k1zf16!19sChIJg2drqix5tjMRyRfCIANEurI?authuser=0&hl=en&rclk=1,"embassy in San Vicente, Palawan, Philippines",San Vicente
White Beach,4.5,(773),920 697 4996,https://wa.me/9206974996,,,Embassy,,,,,,10.405532,119.154942,https://www.google.com/maps/place/White+Beach/data=!4m7!3m6!1s0x33b5c4bbb5397f91:0xdbf0ae34bd109d0!8m2!3d10.405532!4d119.154942!16s%2Fg%2F11gdmfqlly!19sChIJkX85tbvEtTMR0AnRS-MKvw0?authuser=0&hl=en&rclk=1,"embassy in San Vicente, Palawan, Philippines",San Vicente
Hundred Steps,4.8,(65),,,,,Embassy,,,,,,10.5466384,119.2335939,https://www.google.com/maps/place/Hundred+Steps/data=!4m7!3m6!1s0x33b5d731e0118705:0xb12b138c4f764311!8m2!3d10.5466384!4d119.2335939!16s%2Fg%2F11j8zzwyns!19sChIJBYcR4DHXtTMREUN2T4wTK7E?authuser=0&hl=en&rclk=1,"embassy in San Vicente, Palawan, Philippines",San Vicente
Brgy Alimanguan,5.0,(1),,,,,Embassy,,,,,,10.6005803,119.3356093,https://www.google.com/maps/place/Brgy+Alimanguan/data=!4m7!3m6!1s0x33b67f00410e6bd9:0x661bac775e6961b4!8m2!3d10.6005803!4d119.3356093!16s%2Fg%2F11wfjz9nth!19sChIJ2WsOQQB_tjMRtGFpXnesG2Y?authuser=0&hl=en&rclk=1,"embassy in San Vicente, Palawan, Philippines",San Vicente
NLB Gasoline STATION,4.5,(2),,,,,Gas Station,,,,,,10.611108,119.3256178,https://www.google.com/maps/place/NLB+Gasoline+STATION/data=!4m7!3m6!1s0x33b67ed2c837c3df:0x9263f7f247230040!8m2!3d10.611108!4d119.3256178!16s%2Fg%2F11dymqr022!19sChIJ38M3yNJ-tjMRQAAjR_L3Y5I?authuser=0&hl=en&rclk=1,"gas station in San Vicente, Palawan, Philippines",San Vicente
Filoil by Total (San Vicente),5.0,(1),939 919 9557,https://wa.me/9399199557,,,Gas Station,0939 919 9557,,,,,10.5311849,119.2543709,https://www.google.com/maps/place/Filoil+by+Total+%28San+Vicente%29/data=!4m7!3m6!1s0x33b5d7053431ada5:0x111476c5026b29ae!8m2!3d10.5311849!4d119.2543709!16s%2Fg%2F11csq15wy_!19sChIJpa0xNAXXtTMRrilrAsV2FBE?authuser=0&hl=en&rclk=1,"gas station in San Vicente, Palawan, Philippines",San Vicente
Petron,5.0,(3),,,,,Gas Station,,,,,,10.4127459,119.1779149,https://www.google.com/maps/place/Petron/data=!4m7!3m6!1s0x33b5c4d3a4ac539f:0x85726b4fc178e1ad!8m2!3d10.4127459!4d119.1779149!16s%2Fg%2F11hcq1s_f7!19sChIJn1OspNPEtTMRreF4wU9rcoU?authuser=0&hl=en&rclk=1,"gas station in San Vicente, Palawan, Philippines",San Vicente
Alimanguan Tourist Assistance Center,3.5,(4),,,,,Tourist Information,,,https://lh3.googleusercontent.com/gps-cs-s/APNQkAEzBsBJVkTcEWMqs19-gEqmD-aDaj6VWd9E7M49BZX-AW9oI8QHV_59_VZ8oWaXvKFoZjgofZKcAvy8idvAXZgKhsk-pgTrc45UOwm_fm9Z1H28yBuCfpvyshoAXWZ94L1YaPfa=w1600-h1200-k-no,,,10.6096671,119.3290301,https://www.google.com/maps/place/Alimanguan+Tourist+Assistance+Center/data=!4m7!3m6!1s0x33b67f961ba8e393:0x182582657c62669f!8m2!3d10.6096671!4d119.3290301!16s%2Fg%2F11ryf2c1v9!19sChIJk-OoG5Z_tjMRn2ZifGWCJRg?authuser=0&hl=en&rclk=1,"tourist information in San Vicente, Palawan, Philippines",San Vicente
Exotic Island,5.0,(2),,,,,Tourist Information,,,https://lh3.googleusercontent.com/gps-cs-s/APNQkAEW6zS5Zs1MG1SYzei9BFXtox7m1RdF9Eq1l7zaR_e6yEeroBNI-6kt_hBxV4hZ7k-3L6rqZaqvip9G8T6Y-HptnGrq6qj0F1YkTmwrb8DxhFlgGeTSwdN_ks_HSiuq1PvmXxEShG5LdRv0=w1600-h1200-k-no,,,10.4898733,119.1526844,https://www.google.com/maps/place/Exotic+Island/data=!4m7!3m6!1s0x33b5db0006d20107:0xeecdca65f8aca464!8m2!3d10.4898733!4d119.1526844!16s%2Fg%2F11mrsf121c!19sChIJBwHSBgDbtTMRZKSs-GXKze4?authuser=0&hl=en&rclk=1,"tourist information in San Vicente, Palawan, Philippines",San Vicente
Heyhey Travel and Tours San Vicente Palawan,5.0,(1),,,,,Tourist Information,,,,,,10.5653233,119.3018311,https://www.google.com/maps/place/Heyhey+Travel+and+Tours+San+Vicente+Palawan/data=!4m7!3m6!1s0x33b6792c32b6947b:0x3e76bcee0c960dad!8m2!3d10.5653233!4d119.3018311!16s%2Fg%2F11yqflbjzb!19sChIJe5S2Mix5tjMRrQ2WDO68dj4?authuser=0&hl=en&rclk=1,"tourist information in San Vicente, Palawan, Philippines",San Vicente
Napocor,4.3,(3),,,,,Tourist Information,,,https://streetviewpixels-pa.googleapis.com/v1/thumbnail?panoid=SPMRCzJa448t6gJ3szkaJA&cb_client=search.gws-prod.gps&w=80&h=92&yaw=49.707745&pitch=0&thumbfov=100,,,10.5305818,119.2547546,https://www.google.com/maps/place/Napocor/data=!4m7!3m6!1s0x33b5d79f1dbcac2d:0xef9fb7c6adbe928d!8m2!3d10.5305818!4d119.2547546!16s%2Fg%2F11swy61yd3!19sChIJLay8HZ_XtTMRjZK-rca3n-8?authuser=0&hl=en&rclk=1,"tourist information in San Vicente, Palawan, Philippines",San Vicente
Sitio Panindigan,4.4,(5),,,,,Tourist Information,,,https://lh3.googleusercontent.com/gps-cs-s/APNQkAH5efy59RuuOwkqNPq3hlOtZa8SDBFAJiMRVL_c8SIzOxnHRWIQYfkc-mROISEgnPnqF9HqGGX9WwLB9BTUuWLK_-80fzBDKlySpX7D-kB-ORISOLtzC6IOJWrUp2iASLsyplgC=w1600-h1200-k-no,,,10.5416101,119.2338896,https://www.google.com/maps/place/Sitio+Panindigan/data=!4m7!3m6!1s0x33b5d78873d54127:0xde43f4e728a99264!8m2!3d10.5416101!4d119.2338896!16s%2Fg%2F11bbrjpz6f!19sChIJJ0HVc4jXtTMRZJKpKOf0Q94?authuser=0&hl=en&rclk=1,"tourist information in San Vicente, Palawan, Philippines",San Vicente
Eden Falls,4.0,(9),,,,,Tourist Information,,,https://lh3.googleusercontent.com/gps-cs-s/APNQkAEntGd6p7dSbuXRM-6udiTt0jLNVj3E7sKtv5APXuYtp5ZJvaMn2TXp3-5yTBQRiSk1AVaerL2uZiPvNupCgwr0FizZ8dSsQnpjhyikCkkzXIijRkCACBbVaZNdeEg_X3o2tTDq=w1600-h1200-k-no,,,10.6062545,119.3531607,https://www.google.com/maps/place/Eden+Falls/data=!4m7!3m6!1s0x33b67f545f09ed9f:0x59b50d80c072f9ea!8m2!3d10.6062545!4d119.3531607!16s%2Fg%2F11tnwcqk0j!19sChIJn-0JX1R_tjMR6vlywIANtVk?authuser=0&hl=en&rclk=1,"tourist information in San Vicente, Palawan, Philippines",San Vicente
Poblacion Bay Park,4.4,(30),,,,,Tourist Information,,,https://lh3.googleusercontent.com/gps-cs-s/APNQkAG9tEbRfqb5q0Z0ESbtxK3ff8lIBLL7J51RNVeqUCuZLXdVHH8ICNYYNiz1zXpT56Oy_N8IDP7pXqnegOtJEz3FfGskMG7zs7uPyGEdIHvcVV1cHXoYTJErpJugTsX7J-cIy_0ILw=w1600-h1200-k-no,,,10.5290611,119.2536709,https://www.google.com/maps/place/Poblacion+Bay+Park/data=!4m7!3m6!1s0x33b5d7755d98f81d:0xa1b0a837a5485f52!8m2!3d10.5290611!4d119.2536709!16s%2Fg%2F12hnlt5_k!19sChIJHfiYXXXXtTMRUl9IpTeosKE?authuser=0&hl=en&rclk=1,"tourist information in San Vicente, Palawan, Philippines",San Vicente
Kemdeng Bay,4.5,(8),,,,,Tourist Information,,,https://lh3.googleusercontent.com/gps-cs-s/APNQkAFwjsAimQT1welXLM_G5nWnY-yU6MuTHhNcoJbUp8pILsb0Yd-E0FeHUnNda-P2sXCWPTkhKSE_D9qMtBr5As46Zi5Sn-5mKnMU_Tc5iNNUZlMxySB82E7ZdjRRenZFXLyUHmc23UPkkF2M=w1600-h1200-k-no,,,10.4798301,119.2438917,https://www.google.com/maps/place/Kemdeng+Bay/data=!4m7!3m6!1s0x33b5d1f5c4a29a27:0xb12a4b0a8dd23e81!8m2!3d10.4798301!4d119.2438917!16s%2Fg%2F11lgt02l35!19sChIJJ5qixPXRtTMRgT7SjQpLKrE?authuser=0&hl=en&rclk=1,"tourist information in San Vicente, Palawan, Philippines",San Vicente
Island Tour Ticketing Office,5.0,(1),,,,,Tourist Information,,,https://streetviewpixels-pa.googleapis.com/v1/thumbnail?panoid=5FKYxqccYWtIV4ulyUQZug&cb_client=search.gws-prod.gps&w=80&h=92&yaw=24.421192&pitch=0&thumbfov=100,,,10.4127345,119.1795564,https://www.google.com/maps/place/Island+Tour+Ticketing+Office/data=!4m7!3m6!1s0x33b5c4d386f8c6d3:0x166a5df7f1edf1ab!8m2!3d10.4127345!4d119.1795564!16s%2Fg%2F11g6mv11_h!19sChIJ08b4htPEtTMRq_Ht8fddahY?authuser=0&hl=en&rclk=1,"tourist information in San Vicente, Palawan, Philippines",San Vicente
